,ubp_energy,ubp_energy,ubp_energy,ubp_nrci,ubp_nrci,ubp_crv,ubp_crv,ubp_resonance,ubp_resonance,drug_likeness_score,drug_likeness_score,ubp_therapeutic_potential,ubp_therapeutic_potential
,count,mean,std,mean,std,mean,std,mean,std,mean,std,mean,std
therapeutic_area,,,,,,,,,,,,,
Anti-infective,151,165533719.022849,31814348.52857,0.999996,1e-06,15.19865,1.735213,0.299634,0.120726,0.997351,0.022941,0.299226,0.121271
CNS/Neurology,298,279742525.496921,58481525.33985,0.999997,1e-06,25.672582,4.568175,0.295626,0.112254,0.90604,0.099985,0.274532,0.122469
Cardiovascular,27,199026976.724418,42178491.045991,0.999996,1e-06,18.54437,2.601332,0.144305,0.038303,0.948148,0.089315,0.137184,0.03999
Immunology,79,345104284.606317,36929221.07027,0.999996,0.0,30.76247,3.057789,0.253352,0.070219,0.8,0.0,0.202682,0.056175
Metabolic,27,302822784.949462,26281620.154828,0.999996,1e-06,26.064914,1.831553,0.182779,0.082488,0.837037,0.079169,0.157331,0.088586
Other,142,253123871.476043,40084712.548929,0.999997,1e-06,19.867946,2.670654,0.319861,0.151657,0.921127,0.098089,0.304031,0.162135
Pain/Inflammation,276,188187946.378963,28015150.023321,0.999997,1e-06,15.518877,1.412957,0.387722,0.151691,0.98913,0.045423,0.385652,0.154316
