step,total_queue,mean_nrci,min_nrci,horizon_radius,leaked_offbits
0,1324.4362640352826,0.9664944462859997,2.0602519042071138e-09,0.0,2
1,2647.299781467558,0.9664944462813091,2.0593506186483234e-09,0.0,4
2,3969.411136272341,0.966494446276624,2.058449727354466e-09,0.0,3
3,5291.289830698171,0.9664944462719356,2.0575492301530858e-09,0.0,5
4,6612.403989334543,0.9664944462672613,2.0566491268717998e-09,0.0,4
5,7921.7943728952505,0.9664944462625756,2.0557494173383027e-09,0.0,16
6,9237.020509055727,0.9664944462579299,2.0548501013803624e-09,0.0,10
7,10550.302698427698,0.9664944462532588,2.0539511788258244e-09,0.0,12
8,11860.640567740164,0.9664944462486187,2.0530526495026077e-09,0.0,15
9,13176.0342433384,0.9664944462439682,2.0521545132387072e-09,0.0,10
10,14490.48382905604,0.966494446239309,2.051256769862193e-09,0.0,11
11,15799.989442221824,0.9664944462346401,2.050359419201211e-09,0.0,16
12,17102.55058161417,0.9664944462300129,2.0494624610839808e-09,0.0,23
13,18415.166746914776,0.9664944462254274,2.0485658953387984e-09,0.0,13
14,19717.838876085065,0.9664944462207636,2.047669721794035e-09,0.0,23
15,21028.448141122546,0.9664944462161807,2.0467739402781355e-09,0.0,16
16,22330.636835391513,0.9664944462115553,2.0458785506196215e-09,0.0,24
17,23626.474475532203,0.9664944462069711,2.044983552647088e-09,0.0,30
18,24932.36744177978,0.9664944462023607,2.0440889461892064e-09,0.0,20
19,26228.31609346951,0.9664944461977203,2.0431947310747223e-09,0.0,30
20,27532.320227242275,0.9664944461930967,2.042300907132456e-09,0.0,22
21,28830.379670653747,0.9664944461884876,2.041407474191303e-09,0.0,28
22,30131.69040959911,0.9664944461838679,2.0405144320802336e-09,0.0,25
23,31433.86053871583,0.9664944461792637,2.039621780628293e-09,0.0,24
24,32733.085906031258,0.9664944461746605,2.038729519664601e-09,0.0,27
25,34030.36597429197,0.9664944461701022,2.0378376490183522e-09,0.0,29
26,35310.70077287663,0.9664944461655411,2.0369461685188163e-09,0.0,46
27,36597.09031584679,0.9664944461609792,2.036055077995336e-09,0.0,40
28,37881.5346147044,0.9664944461564164,2.035164377277331e-09,0.0,42
29,39168.03341318998,0.9664944461518746,2.0342740661942946e-09,0.0,40
30,40452.58608250031,0.9664944461473853,2.0333841445757937e-09,0.0,42
31,41732.19287686284,0.9664944461428749,2.032494612251471e-09,0.0,47
32,43025.85391829889,0.9664944461383543,2.0316054690510436e-09,0.0,33
33,44308.56940278628,0.9664944461338175,2.0307167148043024e-09,0.0,44
34,45589.33928806421,0.966494446129284,2.0298283493411135e-09,0.0,46
35,46864.16359509382,0.966494446124749,2.0289403724914167e-09,0.0,52
36,48136.0416410137,0.9664944461202707,2.0280527840852265e-09,0.0,55
37,49416.97260443944,0.9664944461158609,2.027165583952632e-09,0.0,46
38,50697.95778431372,0.9664944461113428,2.026278771923796e-09,0.0,46
39,51978.99727013463,0.9664944461068172,2.0253923478289562e-09,0.0,46
40,53260.09091471566,0.9664944461023041,2.0245063114984244e-09,0.0,46
41,54539.23907370876,0.9664944460977614,2.0236206627625865e-09,0.0,48
42,55811.44139983777,0.9664944460932473,2.0227354014519023e-09,0.0,55
43,57076.697759828756,0.9664944460887447,2.023873389186626e-09,0.0,62
44,58347.0070961817,0.9664944460843299,2.0229880173213043e-09,0.0,57
45,59612.370258713934,0.9664944460798442,2.022103032760029e-09,0.0,62
46,60872.78617063581,0.9664944460754484,2.0212184353333872e-09,0.0,67
47,62140.2555588399,0.9664944460709921,2.0203342248720404e-09,0.0,60
48,63393.7782388983,0.9664944460665512,2.019450401206724e-09,0.0,74
49,64653.35374676317,0.9664944460621488,2.0185669641682463e-09,0.0,68
50,65910.98259806239,0.9664944460577036,2.0176839135874925e-09,0.0,70
51,67164.66472231809,0.9664944460532642,2.0168012492954186e-09,0.0,74
52,68431.39894329009,0.9664944460489227,2.015918971123056e-09,0.0,61
53,69699.18626964948,0.9664944460444972,2.0150370789015107e-09,0.0,60
54,70947.02711122538,0.9664944460400378,2.0141555724619607e-09,0.0,80
55,72209.92010935521,0.9664944460356913,2.0132744516356593e-09,0.0,65
56,73469.86644474906,0.9664944460312467,2.0123937162539335e-09,0.0,68
57,74733.86579737478,0.9664944460268284,2.011513366148183e-09,0.0,64
58,75997.91875933287,0.9664944460223609,2.0106334011498828e-09,0.0,64
59,77241.02453052175,0.9664944460179602,2.00975382109058e-09,0.0,85
60,78480.18293464501,0.9664944460135741,2.0108845051999073e-09,0.0,89
61,79747.39262101162,0.9664944460093007,2.0100048152956194e-09,0.0,61
62,80997.65577448375,0.9664944460048452,2.009125510209998e-09,0.0,78
63,82239.97174297576,0.9664944460004438,2.008246589774719e-09,0.0,86
64,83480.33970599626,0.9664944459961109,2.0073680538215286e-09,0.0,88
65,84734.76014103676,0.9664944459917383,2.006489902182249e-09,0.0,74
66,85976.2337379017,0.966494445987308,2.0056121346887747e-09,0.0,87
67,87226.75936185887,0.9664944459829725,2.0047347511730747e-09,0.0,78
68,88458.33792988426,0.9664944459785605,2.0038577514671904e-09,0.0,97
69,89712.96877024643,0.9664944459742045,2.0029811354032376e-09,0.0,74
70,90957.65246799924,0.9664944459697997,2.002104902813405e-09,0.0,84
71,92197.38857870088,0.966494445965432,2.0012290535299546e-09,0.0,89
72,93446.17704440036,0.966494445961069,2.0003535873852222e-09,0.0,80
73,94692.01755957815,0.9664944459567315,1.9994785042116167e-09,0.0,83
74,95914.91119964846,0.9664944459523046,1.99860380384162e-09,0.0,106
75,97149.85646759058,0.9664944459480023,1.9977294861077884e-09,0.0,94
76,98354.85410320327,0.9664944459436382,1.9968555508427497e-09,0.0,124
77,99585.90159012548,0.9664944459394839,1.9959819978792063e-09,0.0,98
78,100829.00231993255,0.966494445935047,1.995108827049933e-09,0.0,86
79,102060.15584336793,0.9664944459306477,1.994236038187778e-09,0.0,98
80,103294.36136833773,0.9664944459263142,1.9933636311256626e-09,0.0,95
81,104517.61880190749,0.9664944459219884,1.9924916056965816e-09,0.0,106
82,105736.92670084647,0.966494445917783,1.9916199617336023e-09,0.0,110
83,106966.28716735338,0.9664944459134024,1.9907486990698643e-09,0.0,100
84,108182.70004915653,0.9664944459090344,1.989877817538582e-09,0.0,113
85,109403.16373051662,0.9664944459048009,1.9890073169730417e-09,0.0,109
86,110628.67945907003,0.9664944459004638,1.988137197206602e-09,0.0,104
87,111846.24679246513,0.9664944458961634,1.987267458072696e-09,0.0,112
88,113054.86627664667,0.9664944458918174,1.9863980994048273e-09,0.0,121
89,114263.53658004824,0.9664944458875825,1.985529121036575e-09,0.0,121
90,115482.25734507246,0.9664944458833774,1.984660522801589e-09,0.0,111
91,116689.02970796176,0.9664944458790777,1.983792304533593e-09,0.0,123
92,117886.85398879813,0.9664944458747512,1.9829244660663826e-09,0.0,132
93,119091.72875456973,0.9664944458705441,1.9820570072338276e-09,0.0,125
94,120288.65490298433,0.9664944458662622,1.983172108722983e-09,0.0,133
95,121484.63125574414,0.9664944458620784,1.982304541559512e-09,0.0,134
96,122709.65830167221,0.9664944458578539,1.981437353912023e-09,0.0,105
97,123912.73659594715,0.9664944458535832,1.9805705456145098e-09,0.0,127
98,125116.86485849624,0.9664944458494192,1.979704116501037e-09,0.0,126
99,126313.04275252289,0.9664944458452832,1.978838066405744e-09,0.0,134
