M_kg,M_solar,r_s_m,r_s_km,kappa_ms2,T_H_K,S_BH_kB,t_evap_s,t_evap_yr,L_W,A_m2
10000000000.0,5.027652086475616e-21,1.4852320538237332e-17,1.4852320538237332e-20,3.025638910845516e+33,12269006705940.17,2.6528868296963435e+36,84114778997021.06,2665436.5033152415,3561622144778.495,2.7720336055560398e-33
15922827933.410938,8.005443908200573e-21,2.3649094434221837e-17,2.3649094434221836e-20,1.9001894157863783e+33,7705293781512.303,6.726035074533056e+36,339572814514009.94,10760413.16557691,1404777164486.2651,7.028115579618745e-33
25353644939.701164,1.274693058808505e-20,3.7656046145710057e-17,3.765604614571006e-20,1.193374332582721e+33,4839149059285.036,1.7052950513168753e+37,1370861312743268.2,43439973.65906369,554073060432.6365,1.781883470008357e-32
40370172585.9655,2.0296718243321016e-20,5.99590743430721e-17,5.99590743430721e-20,7.494738607823948e+32,3039126642278.818,4.323544524851718e+37,5534190778686855.0,175367923.37461832,218537832232.95847,4.5177240822514165e-32
64280731172.84319,3.231811522013233e-20,9.547180238113314e-17,9.547180238113314e-20,4.7069142737501464e+32,1908660104215.4111,1.0961761276407944e+38,2.23416236859248e+16,707963333.2675742,86195824210.9603,1.145407723169397e-31
102353102189.90268,5.1459578778231615e-20,1.5201810818073958e-16,1.520181081807396e-19,2.9560793430880504e+32,1198694171787.4507,2.7792060331581244e+38,9.019352040514821e+16,2858060194.8547482,33997409215.1092,2.904026072442842e-31
162975083462.06467,8.193820184115871e-20,2.420558179324566e-16,2.420558179324566e-19,1.8565039799778885e+32,752814874845.3317,7.046300297896643e+38,3.6411279848916486e+17,11538038332.736485,13409278743.141502,7.3627645936350706e-31
259502421139.9732,1.3046878890898603e-19,3.854213139219537e-16,3.854213139219537e-19,1.1659386057186397e+32,472789681577.66754,1.786493958913806e+39,1.469929651576635e+18,46579259879.605385,5288895847.138758,1.8667291928162523e-30
413201240011.53345,2.077432076478298e-19,6.136997263448431e-16,6.136997263448432e-19,7.322434247198927e+31,296925699099.9764,4.5294133521221736e+39,5.934131372337711e+18,188041276026.62152,2086049504.8019304,4.732838915323823e-30
657933224657.5682,3.307859349711253e-19,9.771835145370317e-16,9.771835145370317e-19,4.598702113607741e+31,186477992691.82324,1.1483713791484724e+40,2.3956190764906664e+19,759125876647.9917,822780909.7126681,1.1999471741592059e-29
1047615752789.6661,5.267047525337688e-19,1.555952496133892e-15,1.555952496133892e-18,2.888118952763576e+31,117113614159.28868,2.9115400205845306e+40,9.671155556815987e+19,3064604265475.1904,324521744.96783257,3.0423034600030256e-29
1668100537200.0557,8.386629146304956e-19,2.477516386850111e-15,2.477516386850111e-18,1.8138228742040449e+31,73550762872.68617,7.381815190962982e+40,3.904262189343775e+20,12371860310491.848,127998063.29214145,7.713348172374044e-29
2656087782946.684,1.335388528379429e-18,3.944906713002029e-15,3.944906713002029e-18,1.1391336273866857e+31,46192022660.9711,1.8715592136216786e+41,1.576157384046684e+21,49945413594401.47,50485073.683314785,1.9556149085866442e-28
4229242874389.499,2.1263161761636498e-18,6.281407080448904e-15,6.281407080448904e-18,7.154091171182203e+30,29009936459.871033,4.745084778579036e+41,6.362974561660878e+21,201630496668342.28,19912353.353288632,4.958196603109194e-28
6734150657750.828,3.3856966605082093e-18,1.0001776412169706e-14,1.0001776412169706e-17,4.4929777556477534e+30,18219085567.708336,1.2030519468487339e+42,2.568743812143588e+22,813985794909495.0,7853842.475370459,1.257083562164629e-27
10722672220103.254,5.3909865359996255e-18,1.5925656483942646e-14,1.5925656483942646e-17,2.8217209747146226e+30,11442116716.892448,3.050175190441905e+42,1.0370063102536804e+23,3286074702302077.5,3097717.308122494,3.1871650294656777e-27
17073526474706.887,8.583975100405675e-18,2.5358148792042786e-14,2.5358148792042787e-17,1.7721230088744508e+30,7185982769.356851,7.733305878234876e+42,4.1864123717676e+23,1.3265940286230892e+16,1221803.5377121721,8.080625052130428e-27
27185882427329.402,1.3668115850844345e-17,4.037734399255298e-14,4.037734399255298e-17,1.1129448966511766e+30,4513006608.75602,1.9606749144687104e+43,1.6900618996427992e+24,5.355482988702561e+16,481904.49168867036,2.0487329846256917e-26
43287612810830.62,2.1763505686692117e-17,6.42921500801565e-14,6.42921500801565e-17,6.989618309671485e+29,2834299678.191182,4.971025562361864e+43,6.822809056954478e+24,2.1620177253512554e+17,190073.06161886736,5.194284866845404e-26
68926121043496.81,3.4653655627700765e-17,1.0237128431953599e-13,1.0237128431953599e-16,4.389684005191796e+29,1780022801.2537713,1.2603361709429995e+44,2.754379791503385e+25,8.728102870634602e+17,74968.7321373008,1.3169405422966023e-25
109749876549305.9,5.5178419582355915e-17,1.6300403455422677e-13,1.6300403455422676e-16,2.7568494890162598e+29,1117906196.4983835,3.195411578275159e+44,1.1119478755028913e+26,3.523550192355855e+18,29569.21275642974,3.338924291608584e-25
174752840000768.28,8.785964806474021e-17,2.595485194658713e-13,2.595485194658713e-16,1.7313818252294007e+29,702077671.8642302,8.101533059179784e+44,4.4889527640649014e+26,1.4224632938071658e+19,11662.706812671215,8.465390096998656e-25
278255940220712.6,1.3989740584249e-16,4.1327464158266287e-13,4.1327464158266285e-16,1.087358245953556e+29,440925239.41118366,2.0540339264969523e+45,1.8121979781554775e+27,5.742508866819649e+19,4600.011887998254,2.1462849479536636e-24
443062145758388.7,2.2275623215605263e-16,6.580501007162817e-13,6.580501007162818e-16,6.828926686270016e+28,276913900.7562773,5.2077246866503954e+45,7.315874513807464e+27,2.318260740299473e+20,1814.3394762127928,5.441614650984217e-24
705480231071863.1,3.5469091557157527e-16,1.047801852526905e-12,1.047801852526905e-15,4.288764982469525e+28,173910000.10445935,1.320348026490496e+46,2.9534311673967135e+28,9.358858618515709e+20,715.6128755955483,1.3796476575972861e-23
1123324032978026.5,5.647682418190179e-16,1.668396860609513e-12,1.668396860609513e-15,2.6934694015441766e+28,109220548.5305429,3.347563506047518e+46,1.1923052594857534e+29,3.778187376371313e+21,282.25246401355616,3.4979096852612e-23
1788649529057435.0,8.992707536739242e-16,2.6565596136128272e-12,2.656559613612827e-15,1.6915772831360302e+28,68593687.62088107,8.487293654542995e+46,4.813356910059443e+29,1.5252607644622668e+22,111.3261878853475,8.868476019125432e-23
2848035868435793.0,1.4318933476298608e-15,4.229994162240552e-12,4.229994162240552e-15,1.062359833448048e+28,43078834.93292727,2.1518382981626003e+47,1.9431604917694775e+30,6.157504029994288e+22,43.90934248314853,2.2484819214515878e-22
4534878508128591.0,2.279979139330614e-15,6.735346920468933e-12,6.735346920468933e-15,6.671929370152205e+27,27054763.835345224,5.455694417926582e+47,7.844572441496467e+30,2.485795003896515e+23,17.318749468795595,5.700721228982106e-22
7220809018385456.0,3.630371552732758e-15,1.0724577008645564e-11,1.0724577008645564e-14,4.190166092388962e+27,16991180.1775966,1.3832173917161909e+48,3.1668674332631856e+31,1.0035197332063229e+24,6.8308716596706684,1.4453406193982803e-21
1.1497569953977404e+16,5.780578156851385e-15,1.7076559436727903e-11,1.7076559436727902e-14,2.631546424989433e+27,10670956.345602317,3.506960262399214e+48,1.278469848377105e+32,4.051226482296198e+24,2.694236539131373,3.664465288115206e-21
1.8307382802953696e+16,9.204315134717796e-15,2.7190711760568206e-11,2.7190711760568207e-14,1.6526878491650713e+27,6701671.581347336,8.891422531051014e+48,5.161204842493642e+32,1.6354871227513e+25,1.0626624083200367,9.290755180873189e-21
2.9150530628251696e+16,1.4655872613500098e-14,4.32953024750499e-11,4.32953024750499e-14,1.037936135513489e+27,4208845.067831962,2.2542996986112468e+49,2.0835873024298753e+33,6.602489740759358e+25,0.41913595100325274,2.3555450807754603e-20
4.641588833612791e+16,2.3336293783875273e-14,6.893836516352031e-11,6.89383651635203e-14,6.518541429035848e+26,2643277.3659511246,5.715471414626537e+49,8.411477899702173e+33,2.6654365033152624e+26,0.1653158557675177,5.972165361744121e-20
7.390722033525776e+16,3.7157979052417176e-14,1.0976937265093806e-10,1.0976937265093806e-13,4.093833995001597e+26,1660055.2219777082,1.4490803290945165e+50,3.395728145140087e+34,1.0760413165576872e+27,0.06520398000393687,1.5141616010284127e-19
1.1768119524350038e+17,5.91660106804929e-14,1.747838833079358e-10,1.747838833079358e-13,2.5710470603098535e+26,1042563.060355881,3.6739468152967978e+50,1.3708613127432797e+35,4.3439973659064054e+27,0.025717793303097706,3.8389515613804135e-19
1.873817422860387e+17,9.420902075718386e-14,2.7830536994456266e-10,2.7830536994456266e-13,1.6146924849417136e+26,654759.9865525587,9.31479430823801e+50,5.534190778686899e+35,1.7536792337461973e+28,0.010143627618144371,9.73314148279496e-19
2.9836472402833344e+17,1.5000740272917721e-13,4.4314085185715297e-10,4.4314085185715296e-13,1.0140739394373558e+26,411208.35400015576,2.3616398757741396e+51,2.2341623685924705e+36,7.079633332675712e+28,0.004000855751616443,2.4677061330265795e-18
4.750810162102774e+17,2.388542062394557e-13,7.056055534386565e-10,7.056055534386566e-13,6.368679883235592e+25,258250.83064379363,5.987617888581701e+51,9.019352040514675e+36,2.8580601948547024e+29,0.0015780199498461674,6.256534511227836e-18
7.56463327554629e+17,3.803234427122318e-13,1.123523581626297e-09,1.123523581626297e-12,3.9997165766466255e+25,162189.0481538796,1.5180793798170487e+52,3.6411279848916336e+37,1.1538038332736437e+30,0.0006224035848096697,1.5862595455065862e-17
1.2045035402587886e+18,6.055824737349365e-13,1.7889672669365181e-09,1.788967266936518e-12,2.511938578607627e+25,101859.44910800482,3.8488845586163523e+52,1.4699296515766649e+38,4.6579259879606335e+30,0.0002454887990621992,4.0217461298986066e-17
1.9179102616724925e+18,9.642585528770702e-13,2.8485417969934494e-09,2.8485417969934494e-12,1.5775706357642826e+25,63970.702650295636,9.758325251305662e+52,5.934131372337758e+38,1.88041276026623e+31,9.682584087852056e-05,1.0196592341506571e-16
3.0538555088334126e+18,1.535372302078136e-12,4.535684089465571e-09,4.535684089465571e-12,9.907603362679476e+24,40175.46563827766,2.4740911362772193e+53,2.3956190764906572e+39,7.591258766479888e+31,3.819010683032093e-05,2.5852078182143163e-16
4.862601580065333e+18,2.44474689797151e-12,7.222091731686964e-09,7.222091731686964e-12,6.222263660772438e+24,25231.36330197821,6.272722821763388e+53,9.671155556815829e+39,3.0646042654751406e+32,1.5062965077072421e-05,6.554444111834473e-16
7.742636826811277e+18,3.892728419714066e-12,1.1499612396296186e-08,1.1499612396296186e-11,3.9077629217585205e+24,15846.031501122377,1.590363872281507e+54,3.904262189343807e+40,1.2371860310491948e+33,5.941143813008622e-06,1.6617904878856761e-15
1.2328467394420634e+19,6.19832448186055e-12,1.8310634948714283e-08,1.8310634948714283e-11,2.4541890034237325e+24,9951.769602353515,4.032152094275324e+54,1.576157384046677e+41,4.9945413594401255e+33,2.3433095427259294e-06,4.213244599402585e-15
1.9630406500402766e+19,9.869485420011447e-12,2.915570896398796e-08,2.915570896398796e-11,1.5413022194845723e+24,6250.001346476673,1.0222975254112992e+55,6.362974561660931e+41,2.0163049666834395e+34,9.242495697557599e-07,1.0682110761736753e-14
3.1257158496882352e+19,1.5715011813414958e-11,4.642413371101852e-08,4.642413371101852e-11,9.67982713830913e+23,3925.1829967730127,2.591896848201299e+55,2.5687438121435776e+42,8.139857949094917e+34,3.645430753463337e-07,2.7083044345963205e-14
4.9770235643320934e+19,2.5022742907652556e-11,7.392034930382071e-08,7.392034930382071e-11,6.079213553515797e+23,2465.1293182266954,6.571403240962573e+55,1.0370063102536632e+43,3.286074702302023e+35,1.4378330067070564e-07,6.866538902337269e-14
7.924828983539186e+19,3.984328297405323e-11,1.1770210027423753e-07,1.1770210027423753e-10,3.817923285322785e+23,1548.1730560273743,1.6660902452696799e+56,4.186412371767636e+43,1.3265940286231005e+36,5.671109657513376e-08,1.7409178929450595e-13
1.2618568830660184e+20,6.344177390980485e-11,1.8741502900677567e-07,1.8741502900677567e-10,2.397767093439248e+23,972.297799424713,4.224146051606673e+56,1.6900618996427917e+44,5.355482988702536e+36,2.2368025074899812e-08,4.4138614126901357e-13
2.009233002565054e+20,1.010172449756186e-10,2.9841772590101213e-07,2.9841772590101216e-10,1.5058676156438223e+23,610.631354864127,1.0709749916587708e+57,6.822809056954531e+44,2.1620177253512725e+37,8.822410003807237e-09,1.1190747507039441e-12
3.1992671377973844e+20,1.608480210053989e-10,4.7516541018015857e-07,4.751654101801585e-10,9.457287499063278e+22,383.4942872068844,2.715311967781568e+57,2.754379791503407e+45,8.728102870634671e+37,3.479740299586011e-09,2.837262389033217e-12
5.094138014816365e+20,2.561155361898625e-10,7.565977066207263e-07,7.565977066207263e-10,5.939452174333336e+22,240.84558899377305,6.884305553165456e+57,1.111947875502873e+46,3.5235501923557965e+38,1.372481277489663e-09,7.193494321231585e-12
8.111308307896823e+20,4.078083613824446e-10,1.2047175097335106e-06,1.2047175097335106e-09,3.7301490659649605e+22,151.25804913611276,1.7454223865136863e+58,4.488952764064829e+46,1.4224632938071428e+39,5.413348971139497e-10,1.823813008962608e-11
1.2915496650148828e+21,6.493462368098958e-10,1.918250961585409e-06,1.918250961585409e-09,2.342642325574565e+22,94.9944631498069,4.4252819457474236e+58,1.81219797815547e+47,5.742508866819626e+39,2.1351363813818788e-10,4.624030746564637e-11
2.05651230834866e+21,1.0339428397931925e-09,3.0543979994424663e-06,3.054397999442466e-09,1.4712476548584561e+22,59.659291394136844,1.1219702721055096e+59,7.315874513807525e+47,2.318260740299492e+40,8.42141785317211e-11,1.1723603373866206e-10
3.2745491628777317e+21,1.646329393100921e-09,4.863465378527679e-06,4.863465378527679e-09,9.239864055626305e+21,37.46777371684947,2.8446035911862768e+59,2.9534311673967374e+48,9.358858618515784e+40,3.32158073255381e-11,2.97236077354884e-10
5.214008287999674e+21,2.6214219648062716e-09,7.744012238239723e-06,7.744012238239723e-09,5.802903915226199e+21,23.530853861851277,7.212106944513513e+59,1.1923052594857488e+49,3.778187376371298e+41,1.3100998852250185e-11,7.536017968525218e-10
8.302175681319701e+21,4.174045088647412e-09,1.2330657438371911e-05,1.233065743837191e-08,3.644392779658169e+21,14.778062012763753,1.8285319873834716e+60,4.813356910059366e+49,1.5252607644622422e+42,5.167303905773128e-12,1.910655238331949e-09
1.3219411484660287e+22,6.646260173283202e-09,1.9633893669703045e-05,1.9633893669703044e-08,2.2887848784769626e+21,9.281053638565561,4.6359950769007056e+60,1.943160491769494e+50,6.15750402999434e+42,2.0380911376106028e-12,4.8442074514848746e-09
2.1049041445120306e+22,1.0582725713987083e-08,3.12627110565569e-05,3.1262711056556903e-08,1.4374236084498446e+21,5.828772173748764,1.17539373121944e+61,7.844572441496536e+50,2.485795003896537e+43,8.038651414649843e-13,1.2281831573920312e-08
3.3516026509388476e+22,1.6850692061029903e-08,4.9779076888549725e-05,4.977907688854973e-08,9.027439186438097e+20,3.660638799919611,2.980051532568798e+61,3.1668674332632116e+51,1.0035197332063312e+44,3.170609761936919e-13,3.113891969343842e-08
5.336699231206302e+22,2.683106702466718e-08,7.926236759804073e-05,7.926236759804072e-08,5.669494906426653e+20,2.2989878526781617,7.555516845876102e+61,1.2784698483770838e+52,4.051226482296131e+44,1.2505538235143858e-13,7.894851137132997e-08
8.497534359086403e+22,4.272264635035899e-08,0.00012620810408583635,1.2620810408583635e-07,3.560608034035431e+20,1.4438313736055608,1.9155989144627188e+62,5.161204842493559e+52,1.6354871227512736e+45,4.9324419683584e-14,2.0016325258266428e-07
1.3530477745798076e+23,6.802653466967359e-08,0.00020095899251607993,2.0095899251607993e-07,2.236165616387888e+20,0.9067681819106752,4.85674147241652e+62,2.0835873024298927e+53,6.602489740759414e+45,1.9454567499423598e-14,5.074868035956637e-07
2.1544346900318955e+23,1.0831748064514307e-07,0.000319983545950517,3.1998354595051695e-07,1.40437717831248e+20,0.5694768452581188,1.2313609885557083e+63,8.411477899702243e+53,2.665436503315285e+46,7.673282301496467e-15,1.2866640229948421e-06
3.430469286314926e+23,1.7247206064931755e-07,0.0005095042943692753,5.095042943692753e-07,8.819897974063233e+19,0.35764805575973446,3.1219489296440602e+63,3.3957281451401126e+54,1.0760413165576953e+47,3.0265006549338272e-15,3.262162279569845e-06
5.462277217684337e+23,2.746242945039888e-07,0.0008112749210575894,8.112749210575894e-07,5.539152976436075e+19,0.22461340237765268,7.915278468207497e+63,1.3708613127432576e+55,4.343997365906335e+47,1.1937142222082109e-15,8.270770417189937e-06
8.697490026177798e+23,4.372795387721367e-07,0.0012917790974691485,1.2917790974691484e-06,3.4787495032922325e+19,0.141063762867365,2.006811598817929e+64,5.534190778686806e+55,1.753679233746168e+48,4.708254868470564e-16,2.09694176535216e-05
1.3848863713938745e+24,6.962726854670058e-07,0.0020568776296978216,2.0568776296978215e-06,2.1847560733811253e+19,0.08859215426888445,5.087998873730422e+64,2.2341623685924887e+56,7.07963333267577e+48,1.8570327381598251e-16,5.3165116977969266e-05
2.205130739903041e+24,1.1086630165425042e-06,0.003275130857776042,3.2751308577760416e-06,1.372090487015093e+19,0.055638454826853645,1.289993168981595e+65,9.019352040514749e+56,2.8580601948547255e+49,7.324519778424129e-17,0.00013479294990370998
3.511191734215142e+24,1.7653050448542695e-06,0.00521493451077727,5.21493451077727e-06,8.617128143023036e+18,0.034942571168596885,3.2706028780999557e+65,3.6411279848916655e+57,1.1538038332736538e+50,2.88894152925311e-17,0.00034174925922336177
5.590810182512222e+24,2.8108648479196695e-06,0.008303650489911267,8.303650489911268e-06,5.411807612981684e+18,0.021944953066582402,8.29217041101103e+65,1.46992965157664e+58,4.6579259879605544e+50,1.139458068504128e-17,0.0008664589376754934
8.902150854450357e+24,4.475691731749802e-06,0.013221759797004004,1.3221759797004004e-05,3.398772903666242e+18,0.01378207009355122,2.1023674438026795e+66,5.934131372337664e+58,1.8804127602662e+51,4.494257418269136e-18,0.002196789226065495
1.417474162926796e+25,7.126566932764184e-06,0.02105278062245842,2.1052780622458422e-05,2.1345284379633324e+18,0.008655541685928981,5.330267770295983e+66,2.395619076490618e+59,7.591258766479764e+51,1.772627734180987e-18,0.005569661404502503
2.2570197196339167e+25,1.1347509902634071e-05,0.03352198033712549,3.352198033712549e-05,1.3405460681292882e+18,0.005435932437457913,1.3514171648161806e+67,9.671155556815908e+59,3.064604265475165e+52,6.991609050283822e-19,0.014121121768411493
3.59381366380464e+25,1.806844476523198e-05,0.05337647248952361,5.337647248952361e-05,8.419019999056883e+17,0.0034139239965355964,3.426335096216734e+67,3.9042621893438385e+60,1.2371860310492049e+53,2.7576346781348322e-19,0.035802190746659295
5.72236765935022e+25,2.8770073702112722e-05,0.08499043871431236,8.499043871431237e-05,5.2873899248708525e+17,0.0021440437658515163,8.687008347391519e+67,1.57615738404669e+61,4.994541359440167e+53,1.0876679407214878e-19,0.0907716032254247
9.111627561154869e+25,4.581009331902901e-05,0.13532881316330977,0.00013532881316330976,3.3206349694807174e+17,0.00134652197135954,2.20247325227983e+68,6.362974561660826e+61,2.0163049666834064e+54,4.2899864824497964e-20,0.2301390998784832
1.4508287784959431e+26,7.294262335323998e-05,0.21548174064321074,0.00021548174064321075,2.085455538028519e+17,0.0008456550412971063,5.584072482749213e+68,2.5687438121435984e+62,8.139857949094983e+54,1.6920590678983952e-20,0.5834865025061533
2.310129700083158e+26,0.00011614528406652378,0.3431078679053713,0.00034310786790537126,1.3097268567806395e+17,0.0005310960118602224,1.4157659104517794e+69,1.0370063102536714e+63,3.286074702302049e+55,6.673829628531323e-21,1.4793509611648943
3.678379771828619e+26,0.0001849361373468386,0.5463247543256695,0.0005463247543256695,8.225466369779952e+16,0.00033354377380780684,3.589482621132688e+69,4.186412371767567e+63,1.3265940286230788e+56,2.632295926050797e-21,3.7506939010580083
5.857020818056673e+26,0.0002944706293643375,0.8699035058890673,0.0008699035058890673,5.165832604722423e+16,0.00020947521081222584,9.100646789342679e+69,1.6900618996428056e+64,5.3554829887025805e+56,1.0382317541762504e-21,9.509376144492816
9.32603346883218e+26,0.0004688805162811554,1.3851323842942493,0.0013851323842942493,3.2442934297386676e+16,0.0001315565373740452,2.3073456741862385e+70,6.822809056954421e+64,2.1620177253512374e+57,4.0949999759225788e-22,24.109734636553334
1.4849682622544695e+27,0.0007465903782073753,2.2055224620112654,0.0022055224620112653,2.0375108261586748e+16,8.262133957875599e-05,5.849962297647376e+70,2.754379791503429e+65,8.728102870634741e+57,1.6151523718430726e-22,61.126965156559315
2.364489412645407e+27,0.0011887830128936186,3.51181546658781,0.0035118154665878102,1.2796161804169004e+16,5.188860918693445e-05,1.483178670051888e+71,1.111947875502882e+66,3.523550192355826e+58,6.370493771938588e-23,154.9791370820877
3.764935806792456e+27,0.0018928787364466846,5.591803340836873,0.005591803340836873,8036362546704919.0,3.2587558820538764e-05,3.760398538263346e+71,4.488952764064865e+66,1.4224632938071544e+59,2.512654013689018e-23,392.9286014640495
5.994842503189421e+27,0.0030139982419252996,8.903732243361832,0.008903732243361832,5047069892554797.0,2.0465936677089886e-05,9.53398093709009e+71,1.8121979781554844e+67,5.742508866819671e+59,9.91042518606247e-24,996.2172248172934
9.545484566618328e+27,0.004799137539777943,14.177259647621284,0.014177259647621284,3169706985255131.0,1.2853204696224975e-05,2.4172116754085955e+72,7.315874513807404e+67,2.3182607402994537e+60,3.90887590704714e-24,2525.7737800831906
1.5199110829529269e+28,0.007641584127465696,22.5742065936363,0.022574206593636303,1990668365262011.0,8.072187145384579e-06,6.128512656240923e+72,2.9534311673966885e+68,9.35885861851563e+60,1.5417412038165287e-24,6403.757161823556
2.4201282647943834e+28,0.012167562920032094,35.94452073237429,0.035944520732374294,1250197749788512.8,5.069568784604298e-06,1.5538013389479846e+73,1.1923052594857583e+69,3.7781873763713283e+61,6.080944998177797e-25,16235.85853609442
3.8535285937105194e+28,0.01937420107446214,57.23384187705156,0.05723384187705156,785160622859726.1,3.1838369451740547e-06,3.939452745451914e+73,4.8133569100594046e+69,1.5252607644622545e+62,2.398450010892012e-25,41163.819261535085
6.135907273413188e+28,0.030849207005596724,91.13246161763452,0.09113246161763452,493103754021116.4,1.999542391897223e-06,9.987948616491964e+73,1.9431604917695097e+70,6.15750402999439e+62,9.459981066218489e-26,104365.28579190013
9.770099572992247e+28,0.049120661503228996,145.10865054857652,0.14510865054857652,309683528631516.94,1.2557708971416956e-06,2.5323090289851463e+74,7.844572441496406e+70,2.4857950038964958e+63,3.731211464354469e-26,264604.0399998253
1.5556761439304659e+29,0.07821398410912347,231.05400743344313,0.23105400743344312,194490281454155.47,7.886607218223538e-07,6.420326399848832e+74,3.1668674332631604e+71,1.0035197332063149e+64,1.4716666866750236e-26,670867.6879766001
2.477076355991714e+29,0.12453878109561156,367.90332036877817,0.36790332036877815,122145565013646.14,4.953019181771727e-07,1.6277867593875844e+75,1.2784698483770944e+72,4.051226482296165e+64,5.804556663056107e-27,1700894.1162477084
3.944206059437648e+29,0.19830095824221458,585.806126636259,0.585806126636259,76710974661321.36,3.1106403978521973e-07,4.127032753505924e+75,5.1612048424936006e+72,1.6354871227512867e+65,2.2894367562775263e-27,4312386.550337084
6.2802914418342724e+29,0.31575120371213033,932.769015676713,0.932769015676713,48176727766025.83,1.9535728269254947e-07,1.0463532308690734e+76,2.08358730242991e+73,6.602489740759468e+65,9.030010326809017e-28,10933471.74399901
1e+30,0.5027652086475616,1485.232053823733,1.485232053823733,30256389108455.16,1.226900670594017e-07,2.652886829696342e+76,8.411477899702107e+73,2.665436503315242e+66,3.561622144778495e-28,27720336.055560384
