M_kg,a_dimensionless,r_plus_m,r_minus_m,kappa_ms2,T_H_K,S_BH_kB,Omega_H
1000000000000000.0,0.0,1.4852320538237332e-12,0.0,4.0742978890820484e+40,1.652133304604299e+20,2.652886829696343e+46,0.0
1000000000000000.0,0.11,1.4807255532078676e-12,4.506500615865498e-15,4.0618980045074954e+40,1.6471051346381888e+20,2.644837423476575e+46,37143952760.757805
1000000000000000.0,0.22,1.4670378660060024e-12,1.8194187817730797e-14,4.0237684905320594e+40,1.6316435651501054e+20,2.6203887960628673e+46,74981023018.49512
1000000000000000.0,0.33,1.443631396122296e-12,4.160065770143704e-14,3.9568901683074364e+40,1.604524315033553e+20,2.5785807058561514e+46,114295103613.84671
1000000000000000.0,0.44,1.4094835651434271e-12,7.574848868030615e-14,3.8553369056668765e+40,1.5633443296796846e+20,2.517586647161207e+46,156085537597.32068
1000000000000000.0,0.55,1.3628226843978132e-12,1.2240936942591997e-13,3.7083425515567833e+40,1.5037379202747997e+20,2.434242071023502e+46,201787072631.17914
1000000000000000.0,0.66,1.300517901077782e-12,1.8471415274595115e-13,3.49562036223469e+40,1.417478784793041e+20,2.3229547212310834e+46,253745065505.45605
1000000000000000.0,0.77,1.2164376422597457e-12,2.687944115639874e-13,3.174006361110442e+40,1.287063872346831e+20,2.1727725253367976e+46,316497933494.392
1000000000000000.0,0.88,1.095339096626605e-12,3.898929571971282e-13,2.624025496387805e+40,1.0640458878400427e+20,1.9564691295284088e+46,401702086007.0638
1000000000000000.0,0.99,8.47374909171008e-13,6.378571446527252e-13,1.0073909157130321e+40,4.084983788409994e+19,1.5135612853004669e+46,584157017918.151
1.2915496650148826e+16,0.0,1.9182509615854086e-11,0.0,2.4424774156124007e+38,9.904278955376648e+17,4.425281945747421e+48,0.0
1.2915496650148826e+16,0.11,1.9124305922245984e-11,5.82036936081036e-14,2.4350438801041834e+38,9.87413586835055e+17,4.411854726908086e+48,2875921365.387817
1.2915496650148826e+16,0.22,1.8947522644042005e-11,2.349869718120793e-13,2.4121858370035932e+38,9.781446194417371e+17,4.3710719583854755e+48,5805508301.349844
1.2915496650148826e+16,0.33,1.864521646066719e-11,5.372931551868977e-13,2.3720933361421766e+38,9.61887056116404e+17,4.3013318606523455e+48,8849454783.647802
1.2915496650148826e+16,0.44,1.8204180264049753e-11,9.783293518043309e-13,2.311213754620658e+38,9.37200303468395e+17,4.199587638577294e+48,12085136315.33652
1.2915496650148826e+16,0.55,1.7601531815086787e-11,1.5809778007672988e-12,2.2230929544458514e+38,9.014671998121036e+17,4.06056050634928e+48,15623640197.286097
1.2915496650148826e+16,0.66,1.6796834594828678e-11,2.3856750210254096e-12,2.0955693522538925e+38,8.497562066446616e+17,3.874922018376976e+48,19646558888.04184
1.2915496650148826e+16,0.77,1.5710896293720685e-11,3.4716133221334026e-12,1.902766823897847e+38,7.715745206264347e+17,3.624403016727834e+48,24505285554.833454
1.2915496650148826e+16,0.88,1.4146848433257959e-11,5.035661182596127e-12,1.573061957519834e+38,6.378787513767415e+17,3.263587205981665e+48,31102333645.25203
1.2915496650148826e+16,0.99,1.0944267800818329e-11,8.238241815035757e-12,6.039149878843436e+37,2.4488834439600128e+17,2.5247723930949176e+48,45229156395.73327
1.6681005372000557e+17,0.0,2.477516386850111e-10,0.0,1.4642267424193476e+36,5937459244513646.0,7.381815190962981e+50,0.0
1.6681005372000557e+17,0.11,2.469999090751893e-10,7.517296098217494e-13,1.4597704549579845e+36,5919388938585507.0,7.35941724000398e+50,222672146.74665096
1.6681005372000557e+17,0.22,2.447166652377436e-10,3.0349734472675267e-12,1.446067418126069e+36,5863822938895368.0,7.291387481922913e+50,449499423.7238987
1.6681005372000557e+17,0.33,2.408122307390468e-10,6.93940794596427e-12,1.4220325953037514e+36,5766361407274366.0,7.175053987429891e+50,685181145.050727
1.6681005372000557e+17,0.44,2.3511602921903997e-10,1.2635609465971105e-11,1.3855362450155925e+36,5618368213234358.0,7.005334395929498e+50,935708214.9215888
1.6681005372000557e+17,0.55,2.273325251952414e-10,2.0419113489769703e-11,1.3327092131852934e+36,5404153884664749.0,6.773423161974565e+50,1209681719.6035635
1.6681005372000557e+17,0.66,2.1693946094261367e-10,3.081217774239741e-11,1.256260822127276e+36,5094154624942431.0,6.463759500462955e+50,1521161703.6666923
1.6681005372000557e+17,0.77,2.0291402845238508e-10,4.4837610232626014e-11,1.1406787429561556e+36,4625467730629354.0,6.045868619233201e+50,1897355263.8838003
1.6681005372000557e+17,0.88,1.827135735499063e-10,6.503806513510477e-11,9.430258683090251e+35,3823982650634686.5,5.443991571497241e+50,2408140738.814999
1.6681005372000557e+17,0.99,1.4135065411980066e-10,1.0640098456521042e-10,3.620375237682167e+35,1468067055520829.0,4.211574185229498e+50,3501929319.5521164
2.154434690031878e+18,0.0,3.1998354595051434e-09,0.0,8.777808709762092e+33,35594133039965.35,1.2313609885556883e+53,0.0
2.154434690031878e+18,0.11,3.190126498247673e-09,9.708961257470537e-12,8.751093968282284e+33,35485804401941.71,1.2276247851529994e+53,17240695.637057442
2.154434690031878e+18,0.22,3.1606372701136687e-09,3.919818939147448e-11,8.668946420659547e+33,35152694985267.05,1.2162767375529368e+53,34803107.91755106
2.154434690031878e+18,0.33,3.1102095594250258e-09,8.962590008011778e-11,8.524861443247689e+33,34568428453079.535,1.1968711410871203e+53,53051087.66706479
2.154434690031878e+18,0.44,3.0366402877748046e-09,1.631951717303386e-10,8.306071571328946e+33,33681232563265.74,1.1685602069116022e+53,72448488.84001735
2.154434690031878e+18,0.55,2.936112467629014e-09,2.6372299187612925e-10,7.989381835595329e+33,32397051401564.457,1.1298750815173066e+53,93661262.30922945
2.154434690031878e+18,0.66,2.8018808810894197e-09,3.979545784157239e-10,7.53108577158028e+33,30538654663423.848,1.0782200695054222e+53,117778026.26344712
2.154434690031878e+18,0.77,2.6207354547449834e-09,5.791000047601599e-10,6.838189410758241e+33,27728950548707.965,1.0085116691583862e+53,146905327.3969094
2.154434690031878e+18,0.88,2.3598365471205364e-09,8.39998912384607e-10,5.653291556946055e+33,22924173725483.766,9.081125264927127e+52,186453591.68493527
2.154434690031878e+18,0.99,1.8256138997806305e-09,1.3742215597245128e-09,2.1703579352351512e+33,8800830781968.393,7.025329160839211e+52,271141669.14454377
2.7825594022071144e+19,0.0,4.1327464158266113e-08,0.0,5.262158073814808e+31,213381221612.16318,2.0540339264969353e+55,0.0
2.7825594022071144e+19,0.11,4.120206810166883e-08,1.2539605659728566e-10,5.246143007046321e+31,212731808488.6264,2.0478015635938216e+55,1334884.4495932548
2.7825594022071144e+19,0.22,4.082120007448862e-08,5.062640837774872e-10,5.196896846044166e+31,210734869999.33255,2.0288718792959848e+55,2694678.25049918
2.7825594022071144e+19,0.33,4.016990114601478e-08,1.1575630122513315e-09,5.110520171378195e+31,207232284158.9837,1.9965013934066695e+55,4107553.050734094
2.7825594022071144e+19,0.44,3.9219717464462465e-08,2.1077466938036513e-09,4.979359089033609e+31,201913684530.07294,1.949275908899853e+55,5609423.377395441
2.7825594022071144e+19,0.55,3.7921350740122737e-08,3.406113418143377e-09,4.789508580223638e+31,194215220720.111,1.884745230447977e+55,7251851.3880107105
2.7825594022071144e+19,0.66,3.618768313382644e-08,5.139781024439671e-09,4.5147673078634565e+31,183074424966.51715,1.798579477161876e+55,9119124.835365117
2.7825594022071144e+19,0.77,3.38480999866851e-08,7.479364171581018e-09,4.099386852447332e+31,166230691318.2321,1.6822988570956288e+55,11374345.979580784
2.7825594022071144e+19,0.88,3.047846101923406e-08,1.084900313903205e-08,3.3890592508502093e+31,137426811000.02821,1.5148229932805936e+55,14436424.454710128
2.7825594022071144e+19,0.99,2.357871020708189e-08,1.7748753951184224e-08,1.3010953997282189e+31,52759594435.12219,1.1718955347203115e+55,20993514.72801622
3.5938136638046405e+20,0.0,5.337647248952361e-07,0.0,3.154580887940586e+29,1279186816.7030554,3.4263350962167345e+57,0.0
3.5938136638046405e+20,0.11,5.32145172546312e-07,1.6195523489241583e-09,3.1449801076450722e+29,1275293687.3079486,3.4159388883100235e+57,103355.25498958353
3.5938136638046405e+20,0.22,5.272260728171173e-07,6.538652078118869e-09,3.1154578097356096e+29,1263322355.576075,3.384362271763776e+57,208639.15058722164
3.5938136638046405e+20,0.33,5.188142236881677e-07,1.4950501207068403e-08,3.0636763536784385e+29,1242324905.109283,3.33036504686238e+57,318032.9151869455
3.5938136638046405e+20,0.44,5.065421295320525e-07,2.722259536318358e-08,2.9850473505580744e+29,1210440737.9964414,3.251588190787024e+57,434317.28018997685
3.5938136638046405e+20,0.55,4.89773078453178e-07,4.399164644205808e-08,2.8712349606114614e+29,1164289659.9392169,3.143944531395565e+57,561484.5161937374
3.5938136638046405e+20,0.66,4.673819002915865e-07,6.638282460364961e-08,2.7065318949189472e+29,1097502344.036221,3.000211392050771e+57,706060.7177858668
3.5938136638046405e+20,0.77,4.371650219919376e-07,9.659970290329855e-08,2.4575178540066763e+29,996526813.6490821,2.8062436272523054e+57,880674.3006239423
3.5938136638046405e+20,0.88,3.936444611956124e-07,1.401202636996237e-07,2.0316876442823803e+29,823852087.6607352,2.5268770488543964e+57,1117759.9163051664
3.5938136638046405e+20,0.99,3.0453075269439847e-07,2.2923397220083766e-07,7.799862002994798e+28,316285459.1707002,1.9548395710093296e+57,1625451.6025734206
4.641588833612792e+21,0.0,6.893836516352033e-06,0.0,1.8911215586775244e+27,7668523.49829105,5.715471414626541e+59,0.0
4.641588833612792e+21,0.11,6.872919193414763e-06,2.0917322937270363e-08,1.8853660420995912e+27,7645184.800722846,5.698129494632513e+59,8002.422035268193
4.641588833612792e+21,0.22,6.8093865773406e-06,8.444993901143281e-08,1.8676678894696452e+27,7573418.552436833,5.645456523608757e+59,16154.171708512458
4.641588833612792e+21,0.33,6.700743368094094e-06,1.9309314825793808e-07,1.836625722104789e+27,7447542.143919894,5.555383723743424e+59,24624.133612645925
4.641588833612792e+21,0.44,6.542243177130479e-06,3.515933392215544e-07,1.7894888731158515e+27,7256401.583733037,5.423976007805195e+59,33627.60968119426
4.641588833612792e+21,0.55,6.3256625540951e-06,5.681739622569327e-07,1.7212601378516984e+27,6979733.1394275725,5.244415561748122e+59,43473.70692765943
4.641588833612792e+21,0.66,6.036469367556179e-06,8.573671487958542e-07,1.62252324398979e+27,6579353.699378353,5.004654234793619e+59,54667.71715493656
4.641588833612792e+21,0.77,5.646203377099108e-06,1.2476331392529246e-06,1.4732432483546074e+27,5974021.29803144,4.681096502133803e+59,68187.41272437203
4.641588833612792e+21,0.88,5.084113719921572e-06,1.8097227964304606e-06,1.2179647443148799e+27,4938863.511449911,4.215084962632511e+59,86544.09091517872
4.641588833612792e+21,0.99,3.933165916291805e-06,2.9606706000602274e-06,4.675894425456544e+26,1896081.513777298,3.26086893854059e+59,125852.81438284373
5.994842503189421e+22,0.0,8.903732243361833e-05,0.0,1.1336975898657853e+25,45971.590604262026,9.53398093709009e+61,0.0
5.994842503189421e+22,0.11,8.876716481929193e-05,2.701576143263984e-07,1.1302472483248648e+25,45831.67878811108,9.505052871031974e+61,619.5984755395359
5.994842503189421e+22,0.22,8.794660952921089e-05,1.0907129044074413e-06,1.119637484563471e+25,45401.451432591624,9.417189059771324e+61,1250.7588477696145
5.994842503189421e+22,0.33,8.654342852412625e-05,2.4938939094920937e-06,1.1010281941324749e+25,44646.84218866543,9.266938573928853e+61,1906.5572373759371
5.994842503189421e+22,0.44,8.44963198386877e-05,4.541002594930628e-06,1.072770395553945e+25,43500.98463437385,9.047737292380056e+61,2603.663691152502
5.994842503189421e+22,0.55,8.169907352738713e-05,7.3382489062312074e-06,1.0318683433439046e+25,41842.400885160154,8.748212415852372e+61,3366.011242560965
5.994842503189421e+22,0.66,7.796399989539783e-05,1.1073322538220504e-05,9.726771305482778e+24,39442.18920054993,8.348266417559767e+61,4232.722800815145
5.994842503189421e+22,0.77,7.292352080298252e-05,1.6113801630635817e-05,8.831861242773051e+24,35813.316792397716,7.808539589894698e+61,5279.5037288470285
5.994842503189421e+22,0.88,6.566385371862274e-05,2.3373468714995586e-05,7.301506816605077e+24,29607.708895891275,7.031185490511167e+61,6700.794654627663
5.994842503189421e+22,0.99,5.0798791216346344e-05,3.823853121727199e-05,2.803125064215336e+24,11366.710048303881,5.439457228118532e+61,9744.326353984501
7.742636826811277e+23,0.0,0.0011499612396296184,0.0,6.7963384974908204e+22,275.59244529365355,1.5903638722815067e+64,0.0
7.742636826811277e+23,0.11,0.0011464720198667735,3.4892197628448238e-06,6.7756542433707896e+22,274.7536959914934,1.585538380028336e+64,47.97325974548537
7.742636826811277e+23,0.22,0.00113587414076647,1.4087098863148329e-05,6.712050380625188e+22,272.1745507545906,1.5708818129519023e+64,96.84171516201059
7.742636826811277e+23,0.33,0.0011177513611957467,3.22098784338716e-05,6.600490615395257e+22,267.6507871858023,1.5458185213370632e+64,147.61780278530506
7.742636826811277e+23,0.44,0.0010913119358264747,5.8649303803143585e-05,6.43108956343012e+22,260.7815516167344,1.509253543786414e+64,201.5922237974875
7.742636826811277e+23,0.55,0.001055184110463231,9.477712916638737e-05,6.1858882023736964e+22,250.83860326184885,1.459289783042353e+64,260.6180260611332
7.742636826811277e+23,0.66,0.0010069437794812141,0.00014301746014840435,5.831046204091143e+22,236.44971223829555,1.3925747695820632e+64,327.7243543527512
7.742636826811277e+23,0.77,0.0009418434886479788,0.00020811775098163952,5.2945617160447235e+22,214.6951936872533,1.3025429084651243e+64,408.7727999825847
7.742636826811277e+23,0.88,0.0008480812827387346,0.00030187995689088366,4.377138340151144e+22,177.4935517111487,1.1728724293874909e+64,518.8181946182029
7.742636826811277e+23,0.99,0.0006560916177863305,0.0004938696218432879,1.6804293276713628e+22,68.1416365190022,9.073561524301242e+63,754.4678008082811
1e+25,0.0,0.014852320538237332,0.0,4.074297889082048e+20,1.6521333046042987,2.6528868296963433e+66,0.0
1e+25,0.11,0.014807255532078678,4.50650061586547e-05,4.0618980045074956e+20,1.6471051346381889,2.6448374234765755e+66,3.7143952760757792
1e+25,0.22,0.014670378660060025,0.00018194187817730748,4.0237684905320586e+20,1.6316435651501053,2.6203887960628684e+66,7.498102301849508
1e+25,0.33,0.014436313961222962,0.0004160065770143703,3.9568901683074354e+20,1.6045243150335526,2.5785807058561526e+66,11.429510361384668
1e+25,0.44,0.014094835651434271,0.0007574848868030616,3.8553369056668765e+20,1.5633443296796847,2.5175866471612073e+66,15.608553759732068
1e+25,0.55,0.013628226843978134,0.0012240936942591986,3.7083425515567835e+20,1.5037379202747996,2.4342420710235034e+66,20.178707263117907
1e+25,0.66,0.013005179010777822,0.0018471415274595102,3.49562036223469e+20,1.4174787847930412,2.322954721231084e+66,25.3745065505456
1e+25,0.77,0.012164376422597458,0.002687944115639874,3.1740063611104415e+20,1.2870638723468306,2.1727725253367974e+66,31.6497933494392
1e+25,0.88,0.01095339096626605,0.0038989295719712813,2.6240254963878052e+20,1.0640458878400427,1.9564691295284092e+66,40.170208600706374
1e+25,0.99,0.008473749091710083,0.00637857144652725,1.0073909157130343e+20,0.4084983788410002,1.5135612853004679e+66,58.41570179181506
