M_kg,Q_C,r_plus_m,r_minus_m,kappa_ms2,T_H_K,S_BH_kB,Phi_H,q_frac
1000000000000000.0,0.0,1.4852320538237332e-12,0.0,4.0742978890820484e+40,1.652133304604299e+20,2.652886829696343e+46,0.0,0.0
1000000000000000.0,9479.268920560653,1.4807255532078676e-12,4.506500615865498e-15,4.07426015076697e+40,1.6521180016664927e+20,2.636812440816743e+46,0.055167389245992036,0.11
1000000000000000.0,18958.537841121306,1.4670378660060024e-12,1.8194187817730797e-14,4.0736712240253115e+40,1.6518791910762132e+20,2.588288865423542e+46,0.11136421881556409,0.22
1000000000000000.0,28437.80676168196,1.443631396122296e-12,4.160065770143704e-14,4.070914588873582e+40,1.6507613717937747e+20,2.5063558619176684e+46,0.16975475148238994,0.33
1000000000000000.0,37917.07568224261,1.4094835651434271e-12,7.574848868030615e-14,4.0625304843503975e+40,1.6473616060699292e+20,2.3891869246039043e+46,0.23182324357785014,0.44
1000000000000000.0,47396.34460280327,1.3628226843978132e-12,1.2240936942591997e-13,4.0414276099053326e+40,1.6388043619403327e+20,2.2336175045277167e+46,0.29970062831908495,0.55
1000000000000000.0,56875.61352336392,1.300517901077782e-12,1.8471415274595115e-13,3.9921076101199906e+40,1.6188050353209432e+20,2.0340553454771517e+46,0.3768703047883062,0.66
1000000000000000.0,66354.88244392458,1.2164376422597457e-12,2.687944115639874e-13,3.8753618128787284e+40,1.571464456638238e+20,1.779548375005057e+46,0.4700728757948432,0.77
1000000000000000.0,75834.15136448522,1.095339096626605e-12,3.898929571971282e-13,3.5580641550079392e+40,1.4427998272192584e+20,1.4428702392991967e+46,0.5966208142255492,0.88
1000000000000000.0,85313.42028504588,8.47374909171008e-13,6.378571446527252e-13,1.7656992938480896e+40,7.1599345180427354e+19,8.635376898541206e+45,0.8676087274781226,0.99
1.2915496650148826e+16,0.0,1.9182509615854086e-11,0.0,2.4424774156124007e+38,9.904278955376648e+17,4.425281945747421e+48,0.0,0.0
1.2915496650148826e+16,122429.46598936098,1.9124305922245984e-11,5.82036936081036e-14,2.4424547920868772e+38,9.904187216674661e+17,4.3984682490222e+48,0.05516738924599202,0.11
1.2915496650148826e+16,244858.93197872196,1.8947522644042005e-11,2.349869718120793e-13,2.4421017397806615e+38,9.902755584797843e+17,4.317526046841932e+48,0.11136421881556409,0.22
1.2915496650148826e+16,367288.397968083,1.864521646066719e-11,5.372931551868977e-13,2.4404491804233235e+38,9.896054434252593e+17,4.180853559679372e+48,0.16975475148238992,0.33
1.2915496650148826e+16,489717.8639574439,1.8204180264049753e-11,9.783293518043309e-13,2.435423041808647e+38,9.875673374190401e+17,3.985403992403119e+48,0.23182324357785017,0.44
1.2915496650148826e+16,612147.329946805,1.7601531815086787e-11,1.5809778007672988e-12,2.422772200942373e+38,9.824374043372128e+17,3.725898559202131e+48,0.299700628319085,0.55
1.2915496650148826e+16,734576.795936166,1.6796834594828678e-11,2.3856750210254096e-12,2.3932056378453266e+38,9.704481230119045e+17,3.3930088144850813e+48,0.3768703047883062,0.66
1.2915496650148826e+16,857006.2619255269,1.5710896293720685e-11,3.4716133221334026e-12,2.3232183711082613e+38,9.420681916906378e+17,2.968465600319423e+48,0.470072875794843,0.77
1.2915496650148826e+16,979435.7279148878,1.4146848433257959e-11,5.035661182596127e-12,2.1330034225516357e+38,8.649357727808367e+17,2.4068526212849635e+48,0.5966208142255491,0.88
1.2915496650148826e+16,1101865.1939042488,1.0944267800818329e-11,8.238241815035757e-12,1.0585089174612136e+38,4.2922679768815904e+17,1.4404676843381556e+48,0.8676087274781217,0.99
1.6681005372000557e+17,0.0,2.477516386850111e-10,0.0,1.4642267424193476e+36,5937459244513646.0,7.381815190962981e+50,0.0,0.0
1.6681005372000557e+17,1581237.3578651014,2.469999090751893e-10,7.517296098217494e-13,1.4642131799721096e+36,5937404248606661.0,7.337087249051316e+50,0.055167389245992036,0.11
1.6681005372000557e+17,3162474.715730203,2.447166652377436e-10,3.0349734472675267e-12,1.4640015306749944e+36,5936546007844254.0,7.202067518112262e+50,0.11136421881556408,0.22
1.6681005372000557e+17,4743712.073595305,2.408122307390468e-10,6.93940794596427e-12,1.4630108473675533e+36,5932528773633361.0,6.974084068855924e+50,0.16975475148238992,0.33
1.6681005372000557e+17,6324949.431460406,2.3511602921903997e-10,1.2635609465971105e-11,1.4599977564281346e+36,5920310649121270.0,6.64805454068689e+50,0.23182324357785017,0.44
1.6681005372000557e+17,7906186.789325508,2.273325251952414e-10,2.0419113489769703e-11,1.452413776575512e+36,5889557508243815.0,6.215173388157988e+50,0.299700628319085,0.55
1.6681005372000557e+17,9487424.14719061,2.1693946094261367e-10,3.081217774239741e-11,1.4346890876627717e+36,5817683654972163.0,5.659879826167086e+50,0.3768703047883062,0.66
1.6681005372000557e+17,11068661.50505571,2.0291402845238508e-10,4.4837610232626014e-11,1.3927328235310303e+36,5647550436449837.0,4.9516990625527126e+50,0.47007287579484314,0.77
1.6681005372000557e+17,12649898.862920811,1.827135735499063e-10,6.503806513510477e-11,1.2787019576961052e+36,5185153733195548.0,4.0148721505268085e+50,0.5966208142255492,0.88
1.6681005372000557e+17,14231136.220785914,1.4135065411980066e-10,1.0640098456521042e-10,6.345594248401475e+35,2573147050288850.5,2.4028449180637932e+50,0.8676087274781226,0.99
2.154434690031878e+18,0.0,3.1998354595051434e-09,0.0,8.777808709762092e+33,35594133039965.35,1.2313609885556883e+53,0.0,0.0
2.154434690031878e+18,20422465.7985969,3.190126498247673e-09,9.708961257470537e-12,8.777727405026942e+33,35593803348164.65,1.2238999181626183e+53,0.05516738924599202,0.11
2.154434690031878e+18,40844931.5971938,3.1606372701136687e-09,3.919818939147448e-11,8.776458600824827e+33,35588658329964.21,1.2013772695914132e+53,0.11136421881556409,0.22
2.154434690031878e+18,61267397.3957907,3.1102095594250258e-09,8.962590008011778e-11,8.770519610426176e+33,35564575643571.47,1.1633473381736918e+53,0.16975475148238992,0.33
2.154434690031878e+18,81689863.1943876,3.0366402877748046e-09,1.631951717303386e-10,8.752456604796576e+33,35491329911437.14,1.108962335065507e+53,0.23182324357785014,0.44
2.154434690031878e+18,102112328.9929845,2.936112467629014e-09,2.6372299187612925e-10,8.706991840032743e+33,35306969675398.41,1.0367534067577831e+53,0.29970062831908495,0.55
2.154434690031878e+18,122534794.7915814,2.8018808810894197e-09,3.979545784157239e-10,8.600735121582838e+33,34876097244937.504,9.441248578517076e+52,0.37687030478830613,0.66
2.154434690031878e+18,142957260.5901783,2.6207354547449834e-09,5.791000047601599e-10,8.349213926090832e+33,33856175395335.445,8.259931866297193e+52,0.4700728757948431,0.77
2.154434690031878e+18,163379726.3887752,2.3598365471205364e-09,8.399989123846067e-10,7.665616844908131e+33,31084179985331.97,6.697210391083313e+52,0.5966208142255491,0.88
2.154434690031878e+18,183802192.18737212,1.8256138997806305e-09,1.3742215597245128e-09,3.804083810831142e+33,15425611304028.055,4.0081868986306366e+52,0.8676087274781228,0.99
2.7825594022071144e+19,0.0,4.1327464158266113e-08,0.0,5.262158073814808e+31,213381221612.16318,2.0540339264969353e+55,0.0,0.0
2.7825594022071144e+19,263766288.60955727,4.120206810166883e-08,1.2539605659728566e-10,5.262109332906608e+31,213379245161.74332,2.041588110966168e+55,0.05516738924599203,0.11
2.7825594022071144e+19,527532577.21911454,4.082120007448862e-08,5.062640837774872e-10,5.261348704770703e+31,213348401587.95566,2.0040180687853723e+55,0.1113642188155641,0.22
2.7825594022071144e+19,791298865.8286718,4.016990114601478e-08,1.1575630122513315e-09,5.257788373563917e+31,213204029675.9775,1.94058031975779e+55,0.16975475148238992,0.33
2.7825594022071144e+19,1055065154.4382291,3.9219717464462465e-08,2.1077466938036513e-09,5.246959886175548e+31,212764933047.80136,1.8498606668574012e+55,0.23182324357785014,0.44
2.7825594022071144e+19,1318831443.0477865,3.7921350740122737e-08,3.406113418143377e-09,5.219704475755175e+31,211659722468.89832,1.729408914756646e+55,0.29970062831908495,0.55
2.7825594022071144e+19,1582597731.6573436,3.618768313382644e-08,5.139781024439671e-09,5.156005246553881e+31,209076710109.31873,1.5748951825663598e+55,0.3768703047883062,0.66
2.7825594022071144e+19,1846364020.2669013,3.38480999866851e-08,7.479364171581018e-09,5.005222251235033e+31,202962439255.3928,1.3778396783406205e+55,0.47007287579484314,0.77
2.7825594022071144e+19,2110130308.8764582,3.047846101923406e-08,1.084900313903205e-08,4.595416567502004e+31,186344763352.85797,1.117162025110787e+55,0.5966208142255492,0.88
2.7825594022071144e+19,2373896597.4860153,2.357871020708189e-08,1.7748753951184224e-08,2.2804883314865427e+31,92474110283.06703,6.686058718804e+54,0.867608727478122,0.99
3.5938136638046405e+20,0.0,5.337647248952361e-07,0.0,3.154580887940586e+29,1279186816.7030554,3.4263350962167345e+57,0.0,0.0
3.5938136638046405e+20,3406672616.958954,5.32145172546312e-07,1.6195523489241583e-09,3.154551668533775e+29,1279174968.1940737,3.405574224643968e+57,0.05516738924599203,0.11
3.5938136638046405e+20,6813345233.917908,5.272260728171173e-07,6.538652078118869e-09,3.1540956839459495e+29,1278990065.8269808,3.3429036170995534e+57,0.11136421881556409,0.22
3.5938136638046405e+20,10220017850.876862,5.188142236881677e-07,1.4950501207068403e-08,3.1519613214615626e+29,1278124578.9527876,3.2370830738678795e+57,0.16975475148238992,0.33
3.5938136638046405e+20,13626690467.835815,5.065421295320525e-07,2.722259536318358e-08,3.1454698138174582e+29,1275492263.82319,3.0857535721301343e+57,0.2318232435778502,0.44
3.5938136638046405e+20,17033363084.79477,4.89773078453178e-07,4.399164644205808e-08,3.129130624534465e+29,1268866700.4698071,2.884827939744174e+57,0.29970062831908495,0.55
3.5938136638046405e+20,20440035701.753723,4.673819002915865e-07,6.638282460364961e-08,3.0909439398708347e+29,1253381948.1903367,2.6270835000727686e+57,0.3768703047883062,0.66
3.5938136638046405e+20,23846708318.712677,4.371650219919376e-07,9.659970290329855e-08,3.0005519089612716e+29,1216727857.3992097,2.2983751076155805e+57,0.470072875794843,0.77
3.5938136638046405e+20,27253380935.67163,3.936444611956124e-07,1.401202636996237e-07,2.75487985587214e+29,1117107507.5944688,1.8635385742268364e+57,0.5966208142255492,0.88
3.5938136638046405e+20,30660053552.630585,3.0453075269439847e-07,2.2923397220083766e-07,1.3671168377622781e+29,554367726.7695452,1.1153018140588245e+57,0.8676087274781225,0.99
4.641588833612792e+21,0.0,6.893836516352033e-06,0.0,1.8911215586775244e+27,7668523.49829105,5.715471414626541e+59,0.0,0.0
4.641588833612792e+21,43998868772.487114,6.872919193414763e-06,2.0917322937270363e-08,1.8911040421033377e+27,7668452.468345807,5.680840193603267e+59,0.05516738924599203,0.11
4.641588833612792e+21,87997737544.97423,6.8093865773406e-06,8.444993901143281e-08,1.8908306865245483e+27,7667344.007776619,5.5762993194917755e+59,0.11136421881556409,0.22
4.641588833612792e+21,131996606317.46133,6.700743368094094e-06,1.9309314825793808e-07,1.8895511698306866e+27,7662155.550277253,5.399780014480217e+59,0.16975475148238994,0.33
4.641588833612792e+21,175995475089.94846,6.542243177130479e-06,3.515933392215544e-07,1.8856596132372213e+27,7646375.235656554,5.14734719133727e+59,0.23182324357785017,0.44
4.641588833612792e+21,219994343862.43558,6.3256625540951e-06,5.681739622569327e-07,1.8758645265990866e+27,7606656.026858119,4.812183036016989e+59,0.29970062831908495,0.55
4.641588833612792e+21,263993212634.92267,6.036469367556179e-06,8.573671487958542e-07,1.8529722105713442e+27,7513827.375741789,4.382239397740789e+59,0.3768703047883062,0.66
4.641588833612792e+21,307992081407.4098,5.646203377099108e-06,1.2476331392529246e-06,1.7987836116867182e+27,7294091.874351377,3.8339207517007844e+59,0.47007287579484314,0.77
4.641588833612792e+21,351990950179.8969,5.084113719921572e-06,1.8097227964304606e-06,1.6515070851162648e+27,6696883.56715932,3.1085696967608124e+59,0.5966208142255492,0.88
4.641588833612792e+21,395989818952.384,3.933165916291805e-06,2.9606706000602274e-06,8.19565012584323e+26,3323347.210834573,1.8604355551717222e+59,0.8676087274781225,0.99
5.994842503189421e+22,0.0,8.903732243361833e-05,0.0,1.1336975898657853e+25,45971.590604262026,9.53398093709009e+61,0.0,0.0
5.994842503189421e+22,568267242241.3951,8.876716481929193e-05,2.701576143263984e-07,1.1336870889554406e+25,45971.16479092727,9.476212578697277e+61,0.055167389245992036,0.11
5.994842503189421e+22,1136534484482.7903,8.794660952921089e-05,1.0907129044074413e-06,1.1335232165912195e+25,45964.51974439399,9.301827890432534e+61,0.1113642188155641,0.22
5.994842503189421e+22,1704801726724.1853,8.654342852412625e-05,2.4938939094920937e-06,1.1327561664852291e+25,45933.415758850795,9.007375942916575e+61,0.16975475148238992,0.33
5.994842503189421e+22,2273068968965.5806,8.44963198386877e-05,4.541002594930628e-06,1.130423239598222e+25,45838.81525804893,8.586292615024897e+61,0.2318232435778502,0.44
5.994842503189421e+22,2841336211206.9756,8.169907352738713e-05,7.3382489062312074e-06,1.1245512394281508e+25,45600.70485695102,8.027205107484933e+61,0.29970062831908495,0.55
5.994842503189421e+22,3409603453448.3706,7.796399989539783e-05,1.1073322538220504e-05,1.1108276565161955e+25,45044.21171372512,7.310015893510657e+61,0.3768703047883062,0.66
5.994842503189421e+22,3977870695689.7656,7.292352080298252e-05,1.6113801630635817e-05,1.0783424449380116e+25,43726.93199053023,6.395365265494519e+61,0.47007287579484314,0.77
5.994842503189421e+22,4546137937931.161,6.566385371862274e-05,2.3373468714995586e-05,9.900524868173454e+24,40146.76224731748,5.185406781090524e+61,0.5966208142255494,0.88
5.994842503189421e+22,5114405180172.556,5.0798791216346344e-05,3.823853121727199e-05,4.91316317156747e+24,19922.943112367102,3.103393549008033e+61,0.8676087274781223,0.99
7.742636826811277e+23,0.0,0.0011499612396296184,0.0,6.7963384974908204e+22,275.59244529365355,1.5903638722815067e+64,0.0,0.0
7.742636826811277e+23,7339453663558.048,0.0011464720198667735,3.4892197628448238e-06,6.7962755461871655e+22,275.58989260977603,1.5807275293146846e+64,0.05516738924599203,0.11
7.742636826811277e+23,14678907327116.096,0.00113587414076647,1.4087098863148329e-05,6.795293157173032e+22,275.55005660238254,1.5516384100972963e+64,0.11136421881556409,0.22
7.742636826811277e+23,22018360990674.145,0.0011177513611957467,3.22098784338716e-05,6.790694812595567e+22,275.3635931078297,1.502520864914199e+64,0.16975475148238992,0.33
7.742636826811277e+23,29357814654232.19,0.0010913119358264747,5.8649303803143585e-05,6.776709283336503e+22,274.7964780047996,1.4322799323679893e+64,0.23182324357785017,0.44
7.742636826811277e+23,36697268317790.24,0.001055184110463231,9.477712916638737e-05,6.7415075671382256e+22,273.3690436518465,1.3390185152010642e+64,0.29970062831908495,0.55
7.742636826811277e+23,44036721981348.29,0.0010069437794812141,0.00014301746014840435,6.659236849001591e+22,270.0329549041022,1.2193841438906067e+64,0.3768703047883061,0.66
7.742636826811277e+23,51376175644906.34,0.0009418434886479788,0.00020811775098163952,6.464493121907592e+22,262.13607043090394,1.0668112234961978e+64,0.47007287579484314,0.77
7.742636826811277e+23,58715629308464.38,0.0008480812827387346,0.00030187995689088366,5.93520872836101e+22,240.67351668565942,8.649779837137915e+63,0.5966208142255491,0.88
7.742636826811277e+23,66055082972022.445,0.0006560916177863305,0.0004938696218432879,2.9453639406017543e+22,119.43490615864299,5.176772446243481e+63,0.8676087274781228,0.99
1e+25,0.0,0.014852320538237332,0.0,4.074297889082048e+20,1.6521333046042987,2.6528868296963433e+66,0.0,0.0
1e+25,94792689205606.53,0.014807255532078678,4.50650061586547e-05,4.074260150766969e+20,1.6521180016664925,2.6368124408167438e+66,0.05516738924599203,0.11
1e+25,189585378411213.06,0.014670378660060025,0.00018194187817730748,4.073671224025311e+20,1.6518791910762127,2.5882888654235423e+66,0.11136421881556408,0.22
1e+25,284378067616819.6,0.014436313961222962,0.0004160065770143703,4.07091458887358e+20,1.6507613717937737,2.506355861917669e+66,0.16975475148238992,0.33
1e+25,379170756822426.1,0.014094835651434271,0.0007574848868030616,4.0625304843503967e+20,1.6473616060699288,2.389186924603904e+66,0.2318232435778501,0.44
1e+25,473963446028032.7,0.013628226843978134,0.0012240936942591986,4.041427609905332e+20,1.6388043619403325,2.233617504527717e+66,0.2997006283190849,0.55
1e+25,568756135233639.2,0.013005179010777822,0.0018471415274595102,3.992107610119991e+20,1.6188050353209433,2.0340553454771524e+66,0.3768703047883062,0.66
1e+25,663548824439245.8,0.012164376422597458,0.002687944115639874,3.875361812878728e+20,1.5714644566382376,1.7795483750050574e+66,0.47007287579484314,0.77
1e+25,758341513644852.2,0.01095339096626605,0.0038989295719712813,3.5580641550079394e+20,1.4427998272192586,1.4428702392991973e+66,0.5966208142255491,0.88
1e+25,853134202850458.8,0.008473749091710083,0.00637857144652725,1.765699293848093e+20,0.7159934518042749,8.635376898541215e+65,0.8676087274781222,0.99
