M_kg,M_solar,r_s_m,r_s_km,kappa_ms2,T_H_K,S_BH_kB,t_evap_s,t_evap_yr,L_W,A_m2,R_g,kappa_UBP_ms2,T_UBP_K,N_OffBits,delta_T,abs_residual_K
10000000000.0,5.0276520864756155e-21,1.4852320538237332e-17,1.4852320538237332e-20,3.025638910845516e+33,12269006705940.17,2.6528868296963435e+36,84114778997021.06,2665436.503315241,3561622144778.495,2.77203360555604e-33,1e-10,3.025638910845516e+33,12269006705940.17,5.027652086475616e-21,0.0,0.0
15922827933.410938,8.005443908200573e-21,2.364909443422184e-17,2.364909443422184e-20,1.9001894157863783e+33,7705293781512.303,6.726035074533056e+36,339572814514009.94,10760413.16557691,1404777164486.2651,7.028115579618745e-33,6.280291441834247e-11,1.9001894157863783e+33,7705293781512.304,8.005443908200573e-21,1.267391650066757e-16,0.0009765625
25353644939.701164,1.274693058808505e-20,3.7656046145710057e-17,3.765604614571006e-20,1.193374332582721e+33,4839149059285.036,1.7052950513168753e+37,1370861312743268.2,43439973.65906369,554073060432.6365,1.781883470008357e-32,3.9442060594376486e-11,1.193374332582721e+33,4839149059285.037,1.274693058808505e-20,2.0180459168254738e-16,0.0009765625
40370172585.9655,2.0296718243321016e-20,5.99590743430721e-17,5.99590743430721e-20,7.494738607823948e+32,3039126642278.818,4.323544524851718e+37,5534190778686855.0,175367923.37461832,218537832232.95847,4.5177240822514165e-32,2.4770763559917138e-11,7.494738607823948e+32,3039126642278.8184,2.0296718243321016e-20,1.6066498947667206e-16,0.00048828125
64280731172.84319,3.231811522013233e-20,9.547180238113313e-17,9.547180238113314e-20,4.706914273750146e+32,1908660104215.4111,1.0961761276407944e+38,2.23416236859248e+16,707963333.2675742,86195824210.9603,1.145407723169397e-31,1.555676143930472e-11,4.706914273750146e+32,1908660104215.411,3.231811522013233e-20,1.2791204911801642e-16,0.000244140625
102353102189.90268,5.1459578778231615e-20,1.5201810818073958e-16,1.5201810818073961e-19,2.9560793430880504e+32,1198694171787.4507,2.7792060331581244e+38,9.01935204051482e+16,2858060194.854748,33997409215.1092,2.904026072442842e-31,9.770099572992248e-12,2.95607934308805e+32,1198694171787.451,5.1459578778231615e-20,2.036721548716184e-16,0.000244140625
162975083462.06467,8.193820184115871e-20,2.420558179324566e-16,2.4205581793245663e-19,1.8565039799778885e+32,752814874845.3317,7.046300297896643e+38,3.6411279848916486e+17,11538038332.736485,13409278743.141502,7.36276459363507e-31,6.135907273413164e-12,1.8565039799778885e+32,752814874845.3319,8.193820184115871e-20,3.243036676847804e-16,0.000244140625
259502421139.9732,1.3046878890898603e-19,3.854213139219537e-16,3.8542131392195373e-19,1.1659386057186395e+32,472789681577.66754,1.786493958913806e+39,1.469929651576635e+18,46579259879.605385,5288895847.138758,1.8667291928162523e-30,3.853528593710535e-12,1.1659386057186395e+32,472789681577.66754,1.3046878890898603e-19,0.0,0.0
413201240011.5335,2.0774320764782981e-19,6.136997263448431e-16,6.1369972634484325e-19,7.322434247198927e+31,296925699099.9764,4.529413352122173e+39,5.934131372337711e+18,188041276026.62152,2086049504.8019304,4.7328389153238236e-30,2.4201282647943837e-12,7.322434247198927e+31,296925699099.97644,2.0774320764782984e-19,2.0555700107806821e-16,6.103515625e-05
657933224657.5682,3.307859349711253e-19,9.771835145370317e-16,9.771835145370317e-19,4.598702113607741e+31,186477992691.82324,1.1483713791484724e+40,2.3956190764906664e+19,759125876647.9917,822780909.7126681,1.199947174159206e-29,1.519911082952933e-12,4.598702113607741e+31,186477992691.82324,3.307859349711253e-19,0.0,0.0
1047615752789.666,5.267047525337688e-19,1.555952496133892e-15,1.555952496133892e-18,2.888118952763576e+31,117113614159.28868,2.9115400205845306e+40,9.671155556815988e+19,3064604265475.1904,324521744.96783257,3.0423034600030256e-29,9.545484566618329e-13,2.888118952763576e+31,117113614159.2887,5.267047525337688e-19,1.3029048050507776e-16,1.52587890625e-05
1668100537200.0557,8.386629146304957e-19,2.477516386850111e-15,2.477516386850111e-18,1.8138228742040449e+31,73550762872.68617,7.381815190962982e+40,3.904262189343775e+20,12371860310491.848,127998063.29214144,7.713348172374043e-29,5.994842503189423e-13,1.813822874204045e+31,73550762872.68619,8.386629146304956e-19,2.074592902443777e-16,1.52587890625e-05
2656087782946.684,1.335388528379429e-18,3.9449067130020286e-15,3.944906713002029e-18,1.1391336273866857e+31,46192022660.9711,1.8715592136216786e+41,1.576157384046684e+21,49945413594401.47,50485073.68331479,1.9556149085866438e-28,3.764935806792472e-13,1.1391336273866857e+31,46192022660.9711,1.335388528379429e-18,0.0,0.0
4229242874389.499,2.1263161761636498e-18,6.281407080448904e-15,6.281407080448904e-18,7.154091171182203e+30,29009936459.871037,4.745084778579036e+41,6.362974561660878e+21,201630496668342.28,19912353.353288632,4.958196603109194e-28,2.3644894126454073e-13,7.154091171182203e+30,29009936459.871037,2.1263161761636498e-18,0.0,0.0
6734150657750.828,3.3856966605082093e-18,1.0001776412169706e-14,1.0001776412169706e-17,4.4929777556477534e+30,18219085567.708336,1.203051946848734e+42,2.568743812143588e+22,813985794909495.0,7853842.475370459,1.2570835621646289e-27,1.4849682622544635e-13,4.4929777556477534e+30,18219085567.708336,3.3856966605082093e-18,0.0,0.0
10722672220103.254,5.3909865359996255e-18,1.5925656483942646e-14,1.5925656483942646e-17,2.8217209747146226e+30,11442116716.892448,3.050175190441905e+42,1.0370063102536804e+23,3286074702302077.0,3097717.308122494,3.1871650294656777e-27,9.326033468832181e-14,2.8217209747146226e+30,11442116716.89245,5.3909865359996255e-18,1.6669543581884687e-16,1.9073486328125e-06
17073526474706.889,8.583975100405675e-18,2.5358148792042783e-14,2.535814879204279e-17,1.7721230088744508e+30,7185982769.356851,7.733305878234876e+42,4.1864123717676e+23,1.3265940286230892e+16,1221803.537712172,8.080625052130428e-27,5.857020818056675e-14,1.7721230088744508e+30,7185982769.356853,8.583975100405677e-18,2.6542627418284343e-16,1.9073486328125e-06
27185882427329.4,1.3668115850844345e-17,4.037734399255298e-14,4.037734399255298e-17,1.1129448966511766e+30,4513006608.75602,1.9606749144687104e+43,1.6900618996427992e+24,5.355482988702561e+16,481904.4916886704,2.048732984625692e-26,3.678379771828634e-14,1.1129448966511765e+30,4513006608.756019,1.3668115850844344e-17,2.1131684464098847e-16,9.5367431640625e-07
43287612810830.62,2.176350568669212e-17,6.42921500801565e-14,6.42921500801565e-17,6.989618309671485e+29,2834299678.191182,4.971025562361864e+43,6.822809056954478e+24,2.1620177253512557e+17,190073.06161886736,5.194284866845404e-26,2.3101297000831583e-14,6.989618309671485e+29,2834299678.191182,2.1763505686692117e-17,0.0,0.0
68926121043496.81,3.4653655627700765e-17,1.02371284319536e-13,1.0237128431953599e-16,4.389684005191796e+29,1780022801.2537713,1.2603361709429995e+44,2.754379791503385e+25,8.728102870634602e+17,74968.7321373008,1.3169405422966023e-25,1.4508287784959435e-14,4.3896840051917966e+29,1780022801.2537718,3.4653655627700765e-17,2.678826124402797e-16,4.76837158203125e-07
109749876549305.9,5.517841958235592e-17,1.6300403455422677e-13,1.6300403455422676e-16,2.75684948901626e+29,1117906196.4983835,3.1954115782751587e+44,1.1119478755028912e+26,3.523550192355855e+18,29569.21275642974,3.338924291608584e-25,9.11162756115487e-15,2.75684948901626e+29,1117906196.4983838,5.5178419582355915e-17,2.1327243721195998e-16,2.384185791015625e-07
174752840000768.28,8.785964806474021e-17,2.595485194658713e-13,2.595485194658713e-16,1.7313818252294007e+29,702077671.8642302,8.101533059179783e+44,4.488952764064901e+26,1.4224632938071658e+19,11662.706812671217,8.465390096998656e-25,5.722367659350221e-15,1.7313818252294007e+29,702077671.8642302,8.785964806474021e-17,0.0,0.0
278255940220712.6,1.3989740584249e-16,4.132746415826629e-13,4.1327464158266285e-16,1.087358245953556e+29,440925239.41118366,2.0540339264969523e+45,1.8121979781554772e+27,5.742508866819649e+19,4600.011887998254,2.146284947953664e-24,3.593813663804626e-15,1.087358245953556e+29,440925239.4111837,1.3989740584249e-16,1.3518084121241803e-16,5.960464477539063e-08
443062145758388.7,2.2275623215605263e-16,6.580501007162817e-13,6.580501007162819e-16,6.828926686270016e+28,276913900.7562773,5.207724686650395e+45,7.315874513807464e+27,2.318260740299473e+20,1814.3394762127928,5.4416146509842175e-24,2.257019719633917e-15,6.828926686270016e+28,276913900.7562773,2.2275623215605263e-16,0.0,0.0
705480231071863.1,3.5469091557157527e-16,1.047801852526905e-12,1.047801852526905e-15,4.288764982469525e+28,173910000.10445935,1.320348026490496e+46,2.953431167396713e+28,9.358858618515708e+20,715.6128755955483,1.3796476575972861e-23,1.4174741629268075e-15,4.288764982469525e+28,173910000.10445932,3.5469091557157527e-16,1.7136635253748776e-16,2.9802322387695312e-08
1123324032978026.4,5.647682418190179e-16,1.6683968606095129e-12,1.668396860609513e-15,2.6934694015441766e+28,109220548.5305429,3.3475635060475176e+46,1.1923052594857534e+29,3.778187376371313e+21,282.25246401355616,3.4979096852612e-23,8.902150854450394e-16,2.6934694015441766e+28,109220548.53054291,5.647682418190178e-16,1.3643184725153282e-16,1.4901161193847656e-08
1788649529057435.0,8.992707536739242e-16,2.6565596136128272e-12,2.656559613612827e-15,1.6915772831360302e+28,68593687.62088107,8.487293654542994e+46,4.813356910059443e+29,1.5252607644622668e+22,111.3261878853475,8.868476019125432e-23,5.590810182512223e-16,1.6915772831360302e+28,68593687.62088107,8.992707536739242e-16,0.0,0.0
2848035868435793.0,1.4318933476298608e-15,4.229994162240552e-12,4.229994162240552e-15,1.062359833448048e+28,43078834.93292727,2.1518382981626003e+47,1.9431604917694772e+30,6.157504029994288e+22,43.90934248314853,2.248481921451588e-22,3.5111917342151425e-16,1.062359833448048e+28,43078834.93292728,1.4318933476298608e-15,1.7295223068414467e-16,7.450580596923828e-09
4534878508128591.0,2.279979139330614e-15,6.735346920468933e-12,6.735346920468933e-15,6.671929370152205e+27,27054763.835345224,5.455694417926582e+47,7.844572441496467e+30,2.485795003896515e+23,17.318749468795595,5.700721228982106e-22,2.2051307399030416e-16,6.671929370152205e+27,27054763.83534523,2.279979139330614e-15,2.7538886098832427e-16,7.450580596923828e-09
7220809018385456.0,3.630371552732758e-15,1.0724577008645564e-11,1.0724577008645564e-14,4.190166092388962e+27,16991180.1775966,1.3832173917161909e+48,3.1668674332631856e+31,1.0035197332063228e+24,6.8308716596706684,1.4453406193982805e-21,1.3848863713938748e-16,4.190166092388962e+27,16991180.177596603,3.630371552732758e-15,2.1924847241475465e-16,3.725290298461914e-09
1.1497569953977404e+16,5.780578156851385e-15,1.7076559436727903e-11,1.7076559436727902e-14,2.631546424989433e+27,10670956.345602317,3.506960262399214e+48,1.278469848377105e+32,4.051226482296198e+24,2.694236539131373,3.6644652881152056e-21,8.697490026177799e-17,2.631546424989433e+27,10670956.345602319,5.780578156851385e-15,1.7455278504616738e-16,1.862645149230957e-09
1.8307382802953696e+16,9.204315134717796e-15,2.719071176056821e-11,2.7190711760568207e-14,1.6526878491650713e+27,6701671.581347336,8.891422531051014e+48,5.161204842493642e+32,1.6354871227513e+25,1.0626624083200369,9.290755180873187e-21,5.462277217684338e-17,1.6526878491650713e+27,6701671.581347336,9.204315134717796e-15,0.0,0.0
2.9150530628251696e+16,1.4655872613500098e-14,4.3295302475049894e-11,4.32953024750499e-14,1.037936135513489e+27,4208845.067831962,2.2542996986112468e+49,2.0835873024298755e+33,6.602489740759358e+25,0.4191359510032527,2.3555450807754603e-20,3.430469286314927e-17,1.0379361355134888e+27,4208845.067831962,1.4655872613500098e-14,0.0,0.0
4.641588833612791e+16,2.3336293783875276e-14,6.893836516352031e-11,6.89383651635203e-14,6.518541429035848e+26,2643277.3659511246,5.715471414626537e+49,8.411477899702173e+33,2.6654365033152624e+26,0.1653158557675177,5.972165361744121e-20,2.154434690031878e-17,6.518541429035848e+26,2643277.3659511246,2.3336293783875273e-14,0.0,0.0
7.390722033525776e+16,3.7157979052417176e-14,1.0976937265093806e-10,1.0976937265093808e-13,4.093833995001597e+26,1660055.2219777082,1.4490803290945163e+50,3.395728145140087e+34,1.0760413165576872e+27,0.0652039800039368,1.5141616010284127e-19,1.3530477745798074e-17,4.093833995001597e+26,1660055.2219777082,3.7157979052417176e-14,0.0,0.0
1.1768119524350038e+17,5.91660106804929e-14,1.7478388330793578e-10,1.747838833079358e-13,2.571047060309853e+26,1042563.060355881,3.6739468152967974e+50,1.3708613127432795e+35,4.343997365906405e+27,0.0257177933030977,3.8389515613804135e-19,8.497534359086403e-18,2.571047060309853e+26,1042563.060355881,5.91660106804929e-14,0.0,0.0
1.873817422860387e+17,9.420902075718387e-14,2.783053699445626e-10,2.7830536994456266e-13,1.6146924849417136e+26,654759.9865525587,9.31479430823801e+50,5.534190778686899e+35,1.7536792337461973e+28,0.0101436276181443,9.733141482794961e-19,5.336699231206301e-18,1.6146924849417136e+26,654759.9865525587,9.420902075718386e-14,0.0,0.0
2.9836472402833344e+17,1.5000740272917721e-13,4.431408518571529e-10,4.43140851857153e-13,1.0140739394373558e+26,411208.35400015576,2.36163987577414e+51,2.2341623685924705e+36,7.079633332675712e+28,0.0040008557516164,2.46770613302658e-18,3.3516026509388474e-18,1.0140739394373558e+26,411208.3540001558,1.5000740272917721e-13,1.4155271980064238e-16,5.820766091346741e-11
4.750810162102774e+17,2.388542062394557e-13,7.056055534386564e-10,7.056055534386567e-13,6.368679883235592e+25,258250.83064379363,5.987617888581701e+51,9.019352040514676e+36,2.8580601948547024e+29,0.0015780199498461,6.256534511227836e-18,2.1049041445120307e-18,6.368679883235593e+25,258250.83064379366,2.388542062394557e-13,1.1269598004459753e-16,2.9103830456733704e-11
7.56463327554629e+17,3.803234427122318e-13,1.123523581626297e-09,1.123523581626297e-12,3.9997165766466255e+25,162189.0481538796,1.518079379817049e+52,3.6411279848916336e+37,1.1538038332736436e+30,0.0006224035848096,1.5862595455065862e-17,1.3219411484660287e-18,3.9997165766466255e+25,162189.0481538796,3.803234427122318e-13,0.0,0.0
1.2045035402587886e+18,6.055824737349366e-13,1.788967266936518e-09,1.788967266936518e-12,2.511938578607627e+25,101859.44910800482,3.8488845586163523e+52,1.4699296515766647e+38,4.6579259879606335e+30,0.0002454887990621,4.021746129898607e-17,8.302175681319702e-19,2.511938578607627e+25,101859.44910800483,6.055824737349365e-13,1.428626932091199e-16,1.4551915228366852e-11
1.9179102616724923e+18,9.642585528770702e-13,2.848541796993449e-09,2.8485417969934494e-12,1.5775706357642826e+25,63970.70265029564,9.758325251305662e+52,5.9341313723377575e+38,1.88041276026623e+31,9.682584087852056e-05,1.0196592341506571e-16,5.214008287999675e-19,1.5775706357642826e+25,63970.702650295636,9.6425855287707e-13,1.1373890410362406e-16,7.275957614183426e-12
3.0538555088334126e+18,1.535372302078136e-12,4.5356840894655714e-09,4.535684089465571e-12,9.907603362679476e+24,40175.46563827766,2.4740911362772197e+53,2.3956190764906566e+39,7.591258766479888e+31,3.819010683032093e-05,2.5852078182143163e-16,3.274549162877732e-19,9.907603362679476e+24,40175.46563827766,1.535372302078136e-12,0.0,0.0
4.862601580065333e+18,2.44474689797151e-12,7.2220917316869644e-09,7.222091731686964e-12,6.222263660772438e+24,25231.36330197821,6.272722821763388e+53,9.671155556815828e+39,3.064604265475141e+32,1.506296507707242e-05,6.554444111834473e-16,2.0565123083486602e-19,6.222263660772438e+24,25231.36330197821,2.44474689797151e-12,0.0,0.0
7.742636826811277e+18,3.892728419714066e-12,1.1499612396296186e-08,1.1499612396296186e-11,3.907762921758521e+24,15846.031501122376,1.5903638722815068e+54,3.9042621893438075e+40,1.2371860310491948e+33,5.941143813008622e-06,1.6617904878856761e-15,1.2915496650148828e-19,3.9077629217585205e+24,15846.031501122377,3.892728419714066e-12,1.1479147971004712e-16,1.8189894035458565e-12
1.2328467394420634e+19,6.1983244818605495e-12,1.8310634948714283e-08,1.8310634948714283e-11,2.4541890034237325e+24,9951.769602353515,4.0321520942753235e+54,1.576157384046677e+41,4.9945413594401255e+33,2.343309542725929e-06,4.213244599402585e-15,8.111308307896888e-20,2.4541890034237325e+24,9951.769602353515,6.19832448186055e-12,0.0,0.0
1.963040650040277e+19,9.869485420011448e-12,2.9155708963987964e-08,2.915570896398796e-11,1.5413022194845723e+24,6250.001346476673,1.0222975254112992e+55,6.362974561660931e+41,2.0163049666834395e+34,9.2424956975576e-07,1.0682110761736752e-14,5.0941380148163646e-20,1.5413022194845723e+24,6250.001346476673,9.869485420011448e-12,0.0,0.0
3.1257158496882352e+19,1.5715011813414958e-11,4.6424133711018526e-08,4.6424133711018516e-11,9.67982713830913e+23,3925.1829967730127,2.5918968482012993e+55,2.5687438121435776e+42,8.139857949094917e+34,3.645430753463337e-07,2.7083044345963202e-14,3.199267137797385e-20,9.67982713830913e+23,3925.182996773013,1.5715011813414958e-11,1.1585379618232395e-16,4.547473508864641e-13
4.977023564332093e+19,2.502274290765256e-11,7.392034930382071e-08,7.39203493038207e-11,6.079213553515797e+23,2465.1293182266954,6.571403240962573e+55,1.0370063102536632e+43,3.286074702302023e+35,1.4378330067070566e-07,6.86653890233727e-14,2.0092330025650544e-20,6.079213553515797e+23,2465.129318226696,2.5022742907652553e-11,1.8447200620435976e-16,4.547473508864641e-13
7.924828983539186e+19,3.984328297405323e-11,1.1770210027423753e-07,1.177021002742375e-10,3.817923285322785e+23,1548.1730560273743,1.66609024526968e+56,4.186412371767636e+43,1.3265940286231004e+36,5.6711096575133765e-08,1.7409178929450598e-13,1.2618568830660184e-20,3.817923285322785e+23,1548.173056027374,3.984328297405323e-11,1.468658006661574e-16,2.2737367544323206e-13
1.2618568830660184e+20,6.344177390980485e-11,1.874150290067757e-07,1.8741502900677567e-10,2.397767093439248e+23,972.297799424713,4.224146051606673e+56,1.6900618996427915e+44,5.355482988702536e+36,2.236802507489981e-08,4.413861412690136e-13,7.924828983539187e-21,2.3977670934392484e+23,972.2977994247133,6.344177390980485e-11,2.338518873309844e-16,2.2737367544323206e-13
2.009233002565054e+20,1.0101724497561859e-10,2.9841772590101213e-07,2.9841772590101216e-10,1.5058676156438225e+23,610.631354864127,1.0709749916587708e+57,6.8228090569545304e+44,2.1620177253512725e+37,8.822410003807237e-09,1.1190747507039441e-12,4.977023564332094e-21,1.5058676156438225e+23,610.6313548641272,1.010172449756186e-10,1.8617916819373407e-16,1.1368683772161603e-13
3.1992671377973844e+20,1.6084802100539889e-10,4.751654101801586e-07,4.751654101801584e-10,9.457287499063278e+22,383.4942872068844,2.715311967781568e+57,2.754379791503407e+45,8.728102870634671e+37,3.479740299586011e-09,2.837262389033217e-12,3.1257158496882354e-21,9.457287499063278e+22,383.49428720688445,1.608480210053989e-10,1.482249429967195e-16,5.684341886080802e-14
5.094138014816365e+20,2.5611553618986245e-10,7.565977066207263e-07,7.565977066207263e-10,5.939452174333336e+22,240.84558899377305,6.884305553165456e+57,1.111947875502873e+46,3.5235501923557965e+38,1.372481277489663e-09,7.193494321231585e-12,1.9630406500402768e-21,5.939452174333336e+22,240.84558899377308,2.561155361898625e-10,1.1800801313881999e-16,2.842170943040401e-14
8.111308307896823e+20,4.0780836138244457e-10,1.2047175097335106e-06,1.2047175097335106e-09,3.730149065964961e+22,151.25804913611276,1.7454223865136866e+58,4.488952764064829e+46,1.4224632938071428e+39,5.413348971139496e-10,1.823813008962608e-11,1.2328467394420737e-21,3.7301490659649613e+22,151.25804913611276,4.078083613824446e-10,0.0,0.0
1.2915496650148828e+21,6.493462368098957e-10,1.918250961585409e-06,1.918250961585409e-09,2.342642325574565e+22,94.9944631498069,4.425281945747424e+58,1.8121979781554699e+47,5.742508866819626e+39,2.1351363813818788e-10,4.624030746564637e-11,7.742636826811277e-22,2.342642325574565e+22,94.99446314980689,6.493462368098958e-10,1.495966632580616e-16,1.4210854715202004e-14
2.05651230834866e+21,1.0339428397931923e-09,3.0543979994424663e-06,3.054397999442466e-09,1.471247654858456e+22,59.65929139413685,1.1219702721055096e+59,7.315874513807526e+47,2.318260740299492e+40,8.421417853172109e-11,1.1723603373866206e-10,4.862601580065334e-22,1.471247654858456e+22,59.659291394136844,1.0339428397931925e-09,1.1910009642352715e-16,7.105427357601002e-15
3.274549162877732e+21,1.646329393100921e-09,4.863465378527679e-06,4.863465378527679e-09,9.239864055626304e+21,37.46777371684947,2.8446035911862768e+59,2.9534311673967374e+48,9.358858618515784e+40,3.32158073255381e-11,2.97236077354884e-10,3.0538555088334124e-22,9.239864055626304e+21,37.46777371684947,1.6463293931009213e-09,0.0,0.0
5.214008287999674e+21,2.6214219648062716e-09,7.744012238239723e-06,7.744012238239723e-09,5.802903915226199e+21,23.53085386185128,7.212106944513513e+59,1.1923052594857488e+49,3.778187376371298e+41,1.3100998852250183e-11,7.536017968525217e-10,1.9179102616724926e-22,5.802903915226199e+21,23.53085386185128,2.6214219648062716e-09,0.0,0.0
8.302175681319701e+21,4.174045088647412e-09,1.2330657438371911e-05,1.233065743837191e-08,3.644392779658169e+21,14.778062012763751,1.8285319873834723e+60,4.813356910059366e+49,1.5252607644622422e+42,5.167303905773128e-12,1.910655238331949e-09,1.2045035402587886e-22,3.644392779658169e+21,14.778062012763753,4.174045088647412e-09,1.202022861905721e-16,1.7763568394002505e-15
1.3219411484660287e+22,6.646260173283202e-09,1.9633893669703045e-05,1.9633893669703044e-08,2.2887848784769623e+21,9.28105363856556,4.635995076900706e+60,1.943160491769494e+50,6.15750402999434e+42,2.0380911376106028e-12,4.844207451484874e-09,7.56463327554629e-23,2.2887848784769623e+21,9.28105363856556,6.646260173283202e-09,0.0,0.0
2.1049041445120306e+22,1.0582725713987085e-08,3.12627110565569e-05,3.1262711056556903e-08,1.4374236084498446e+21,5.828772173748764,1.1753937312194401e+61,7.844572441496536e+50,2.485795003896537e+43,8.038651414649844e-13,1.2281831573920312e-08,4.7508101621027743e-23,1.4374236084498446e+21,5.828772173748765,1.0582725713987083e-08,3.0475660850161345e-16,1.7763568394002505e-15
3.351602650938848e+22,1.6850692061029903e-08,4.9779076888549725e-05,4.9779076888549734e-08,9.027439186438096e+20,3.660638799919611,2.980051532568798e+61,3.1668674332632116e+51,1.0035197332063312e+44,3.170609761936919e-13,3.113891969343842e-08,2.983647240283334e-23,9.027439186438096e+20,3.660638799919611,1.6850692061029906e-08,0.0,0.0
5.336699231206302e+22,2.6831067024667183e-08,7.926236759804073e-05,7.926236759804072e-08,5.669494906426653e+20,2.2989878526781617,7.555516845876102e+61,1.2784698483770838e+52,4.051226482296131e+44,1.2505538235143858e-13,7.894851137132998e-08,1.873817422860387e-23,5.669494906426652e+20,2.2989878526781617,2.683106702466718e-08,0.0,0.0
8.497534359086403e+22,4.2722646350359e-08,0.0001262081040858,1.2620810408583638e-07,3.560608034035431e+20,1.4438313736055608,1.9155989144627188e+62,5.161204842493559e+52,1.6354871227512736e+45,4.9324419683584e-14,2.001632525826643e-07,1.1768119524350041e-23,3.560608034035431e+20,1.4438313736055612,4.272264635035899e-08,3.0757692204808883e-16,4.440892098500626e-16
1.3530477745798076e+23,6.80265346696736e-08,0.000200958992516,2.0095899251607999e-07,2.236165616387888e+20,0.9067681819106752,4.85674147241652e+62,2.0835873024298927e+53,6.602489740759414e+45,1.94545674994236e-14,5.074868035956637e-07,7.390722033525774e-24,2.236165616387888e+20,0.906768181910675,6.802653466967359e-08,2.448747203029944e-16,2.220446049250313e-16
2.1544346900318955e+23,1.0831748064514309e-07,0.0003199835459505,3.1998354595051695e-07,1.40437717831248e+20,0.5694768452581188,1.2313609885557084e+63,8.411477899702243e+53,2.665436503315285e+46,7.673282301496467e-15,1.286664022994842e-06,4.641588833612754e-24,1.4043771783124802e+20,0.569476845258119,1.0831748064514307e-07,3.8990980366267265e-16,2.220446049250313e-16
3.430469286314926e+23,1.7247206064931758e-07,0.0005095042943692,5.095042943692753e-07,8.819897974063233e+19,0.3576480557597344,3.1219489296440602e+63,3.3957281451401126e+54,1.0760413165576953e+47,3.0265006549338272e-15,3.262162279569845e-06,2.9150530628251704e-24,8.819897974063233e+19,0.35764805575973446,1.7247206064931755e-07,1.5521166783176882e-16,5.551115123125783e-17
5.462277217684337e+23,2.746242945039888e-07,0.0008112749210575,8.112749210575894e-07,5.539152976436075e+19,0.2246134023776526,7.915278468207497e+63,1.3708613127432576e+55,4.343997365906335e+47,1.1937142222082109e-15,8.270770417189937e-06,1.8307382802953697e-24,5.539152976436075e+19,0.22461340237765268,2.746242945039888e-07,3.7071130202144687e-16,8.326672684688674e-17
8.697490026177798e+23,4.372795387721367e-07,0.0012917790974691,1.2917790974691484e-06,3.4787495032922325e+19,0.141063762867365,2.0068115988179288e+64,5.534190778686806e+55,1.753679233746168e+48,4.708254868470564e-16,2.09694176535216e-05,1.1497569953977407e-24,3.478749503292233e+19,0.14106376286736502,4.372795387721367e-07,1.9675907583527355e-16,2.7755575615628914e-17
1.3848863713938745e+24,6.962726854670058e-07,0.0020568776296978,2.056877629697821e-06,2.1847560733811253e+19,0.0885921542688844,5.0879988737304214e+64,2.2341623685924887e+56,7.079633332675769e+48,1.8570327381598246e-16,5.316511697796927e-05,7.220809018385458e-25,2.1847560733811253e+19,0.08859215426888445,6.962726854670058e-07,6.265921817724058e-16,5.551115123125783e-17
2.205130739903041e+24,1.1086630165425042e-06,0.003275130857776,3.2751308577760416e-06,1.372090487015093e+19,0.0556384548268536,1.289993168981595e+65,9.019352040514749e+56,2.858060194854725e+49,7.324519778424129e-17,0.0001347929499037,4.534878508128592e-25,1.372090487015093e+19,0.05563845482685366,1.1086630165425042e-06,9.97711949478253e-16,5.551115123125783e-17
3.511191734215142e+24,1.7653050448542695e-06,0.0052149345107772,5.21493451077727e-06,8.617128143023036e+18,0.0349425711685968,3.2706028780999557e+65,3.6411279848916655e+57,1.1538038332736538e+50,2.88894152925311e-17,0.0003417492592233,2.8480358684357936e-25,8.617128143023037e+18,0.03494257116859689,1.7653050448542695e-06,2.581539301030674e-15,9.020562075079397e-17
5.590810182512222e+24,2.810864847919669e-06,0.0083036504899112,8.303650489911268e-06,5.411807612981684e+18,0.0219449530665824,8.29217041101103e+65,1.4699296515766402e+58,4.657925987960554e+50,1.1394580685041279e-17,0.0008664589376754,1.7886495290574356e-25,5.411807612981684e+18,0.021944953066582406,2.8108648479196695e-06,3.161954314896085e-16,6.938893903907228e-18
8.902150854450357e+24,4.475691731749802e-06,0.013221759797004,1.3221759797004004e-05,3.398772903666242e+18,0.0137820700935512,2.10236744380268e+66,5.934131372337664e+58,1.8804127602662e+51,4.494257418269136e-18,0.0021967892260654,1.123324032978031e-25,3.398772903666242e+18,0.013782070093551221,4.475691731749802e-06,1.5104176346818948e-15,2.0816681711721685e-17
1.417474162926796e+25,7.126566932764184e-06,0.0210527806224584,2.1052780622458422e-05,2.1345284379633324e+18,0.0086555416859289,5.330267770295983e+66,2.3956190764906184e+59,7.591258766479764e+51,1.772627734180987e-18,0.0055696614045025,7.05480231071869e-26,2.1345284379633324e+18,0.008655541685928981,7.126566932764184e-06,9.419630374313199e-15,8.153200337090993e-17
2.2570197196339167e+25,1.1347509902634073e-05,0.0335219803371254,3.352198033712549e-05,1.3405460681292882e+18,0.0054359324374579,1.3514171648161806e+67,9.67115555681591e+59,3.0646042654751646e+52,6.991609050283822e-19,0.0141211217684114,4.430621457583887e-26,1.3405460681292882e+18,0.005435932437457912,1.1347509902634071e-05,2.2338512245226366e-15,1.214306433183765e-17
3.59381366380464e+25,1.806844476523198e-05,0.0533764724895236,5.337647248952361e-05,8.419019999056883e+17,0.0034139239965355,3.426335096216734e+67,3.90426218934384e+60,1.2371860310492046e+53,2.7576346781348322e-19,0.0358021907466592,2.782559402207114e-26,8.419019999056882e+17,0.0034139239965355955,1.806844476523198e-05,2.7947251103289834e-14,9.540979117872439e-17
5.72236765935022e+25,2.877007370211272e-05,0.0849904387143123,8.499043871431237e-05,5.287389924870853e+17,0.0021440437658515,8.687008347391519e+67,1.57615738404669e+61,4.994541359440167e+53,1.0876679407214878e-19,0.0907716032254247,1.7475284000076833e-26,5.287389924870854e+17,0.0021440437658515167,2.8770073702112722e-05,7.8886234321139e-15,1.691355389077387e-17
9.111627561154869e+25,4.581009331902901e-05,0.1353288131633097,0.0001353288131633,3.3206349694807174e+17,0.0013465219713595,2.2024732522798304e+68,6.362974561660826e+61,2.0163049666834064e+54,4.2899864824497964e-20,0.2301390998784832,1.0974987654930591e-26,3.3206349694807174e+17,0.0013465219713595402,4.581009331902901e-05,2.979192410908939e-14,4.0115480381963664e-17
1.4508287784959433e+26,7.294262335323998e-05,0.2154817406432107,0.0002154817406432,2.085455538028519e+17,0.0008456550412971,5.5840724827492125e+68,2.5687438121435984e+62,8.139857949094983e+54,1.6920590678983952e-20,0.5834865025061533,6.892612104349683e-27,2.0854555380285194e+17,0.0008456550412971066,7.294262335323999e-05,7.82072231487832e-15,6.613633252161577e-18
2.310129700083158e+26,0.0001161452840665,0.3431078679053713,0.0003431078679053,1.3097268567806397e+17,0.0005310960118602,1.4157659104517794e+69,1.0370063102536714e+63,3.286074702302049e+55,6.673829628531323e-21,1.4793509611648945,4.328761281083063e-27,1.3097268567806398e+17,0.0005310960118602227,0.00011614528406652378,4.266615621077526e-14,2.2659825404947043e-17
3.678379771828619e+26,0.0001849361373468,0.5463247543256695,0.0005463247543256,8.225466369779952e+16,0.0003335437738078,3.589482621132688e+69,4.186412371767567e+63,1.3265940286230788e+56,2.632295926050797e-21,3.750693901058008,2.7185882427329515e-27,8.225466369779952e+16,0.0003335437738078069,0.0001849361373468386,2.064102026755312e-14,6.884683795282953e-18
5.857020818056673e+26,0.0002944706293643,0.8699035058890673,0.000869903505889,5.165832604722423e+16,0.0002094752108122,9.10064678934268e+69,1.6900618996428056e+64,5.355482988702581e+56,1.0382317541762504e-21,9.509376144492816,1.707352647470689e-27,5.165832604722422e+16,0.00020947521081222584,0.0002944706293643375,1.2331347780633296e-13,2.5831116759467143e-17
9.32603346883218e+26,0.0004688805162811,1.3851323842942491,0.0013851323842942,3.244293429738668e+16,0.000131556537374,2.3073456741862385e+70,6.82280905695442e+64,2.162017725351237e+57,4.0949999759225783e-22,24.10973463655333,1.0722672220103255e-27,3.244293429738668e+16,0.0001315565373740452,0.0004688805162811554,3.4366388394759313e-13,4.5211230592645535e-17
1.4849682622544695e+27,0.0007465903782073,2.205522462011265,0.0022055224620112,2.0375108261586748e+16,8.262133957875599e-05,5.849962297647376e+70,2.754379791503429e+65,8.728102870634741e+57,1.6151523718430726e-22,61.12696515655932,6.734150657750801e-28,2.0375108261586748e+16,8.2621339578756e-05,0.0007465903782073753,1.6403180128966947e-16,1.3552527156068805e-20
2.364489412645407e+27,0.0011887830128936,3.51181546658781,0.0035118154665878,1.2796161804169004e+16,5.188860918693445e-05,1.483178670051888e+71,1.1119478755028819e+66,3.523550192355826e+58,6.370493771938588e-23,154.9791370820877,4.229242874389499e-28,1.2796161804169004e+16,5.1888609186934453e-05,0.0011887830128936186,1.3059250737714254e-16,6.776263578034403e-21
3.764935806792456e+27,0.0018928787364466,5.591803340836873,0.0055918033408368,8036362546704918.0,3.2587558820538764e-05,3.7603985382633463e+71,4.488952764064865e+66,1.4224632938071544e+59,2.512654013689018e-23,392.9286014640495,2.6560877829466947e-28,8036362546704918.0,3.258755882053876e-05,0.0018928787364466846,2.0794020243589304e-16,6.776263578034403e-21
5.994842503189421e+27,0.0030139982419252,8.903732243361832,0.0089037322433618,5047069892554797.0,2.046593667708989e-05,9.533980937090091e+71,1.8121979781554844e+67,5.742508866819672e+59,9.91042518606247e-24,996.2172248172934,1.668100537200056e-28,5047069892554797.0,2.046593667708989e-05,0.0030139982419252996,0.0,0.0
9.545484566618328e+27,0.0047991375397779,14.177259647621284,0.0141772596476212,3169706985255131.0,1.2853204696224975e-05,2.417211675408596e+72,7.315874513807404e+67,2.3182607402994537e+60,3.90887590704714e-24,2525.7737800831906,1.0476157527896663e-28,3169706985255131.0,1.2853204696224975e-05,0.004799137539777943,0.0,0.0
1.5199110829529269e+28,0.0076415841274656,22.5742065936363,0.0225742065936363,1990668365262011.2,8.072187145384579e-06,6.128512656240923e+72,2.9534311673966885e+68,9.35885861851563e+60,1.5417412038165288e-24,6403.757161823556,6.57933224657571e-29,1990668365262011.2,8.07218714538458e-06,0.007641584127465696,2.0986454649744014e-16,1.6940658945086007e-21
2.420128264794384e+28,0.012167562920032,35.94452073237429,0.0359445207323742,1250197749788512.8,5.069568784604298e-06,1.5538013389479846e+73,1.1923052594857585e+69,3.778187376371328e+61,6.080944998177797e-25,16235.85853609442,4.132012400115335e-29,1250197749788512.8,5.069568784604299e-06,0.012167562920032095,1.6708185316010363e-16,8.470329472543003e-22
3.85352859371052e+28,0.0193742010744621,57.23384187705156,0.0572338418770515,785160622859726.1,3.1838369451740547e-06,3.9394527454519135e+73,4.8133569100594046e+69,1.5252607644622543e+62,2.398450010892012e-25,41163.819261535085,2.595024211399743e-29,785160622859726.2,3.1838369451740555e-06,0.019374201074462142,2.660415598663752e-16,8.470329472543003e-22
6.135907273413188e+28,0.0308492070055967,91.13246161763452,0.0911324616176345,493103754021116.4,1.999542391897223e-06,9.987948616491963e+73,1.9431604917695097e+70,6.15750402999439e+62,9.459981066218488e-26,104365.28579190013,1.62975083462064e-29,493103754021116.3,1.999542391897222e-06,0.030849207005596724,4.236133980888554e-16,8.470329472543003e-22
9.770099572992248e+28,0.0491206615032289,145.10865054857652,0.1451086505485765,309683528631516.94,1.2557708971416956e-06,2.5323090289851463e+74,7.844572441496406e+70,2.485795003896496e+63,3.731211464354469e-26,264604.0399998253,1.0235310218990269e-29,309683528631516.94,1.2557708971416956e-06,0.049120661503229,0.0,0.0
1.555676143930466e+29,0.0782139841091234,231.05400743344316,0.2310540074334431,194490281454155.47,7.886607218223538e-07,6.420326399848832e+74,3.1668674332631604e+71,1.0035197332063148e+64,1.4716666866750236e-26,670867.6879766001,6.428073117284346e-30,194490281454155.47,7.886607218223538e-07,0.07821398410912349,0.0,0.0
2.477076355991714e+29,0.1245387810956115,367.90332036877817,0.3679033203687781,122145565013646.14,4.953019181771727e-07,1.6277867593875844e+75,1.2784698483770944e+72,4.051226482296165e+64,5.804556663056107e-27,1700894.1162477084,4.03701725859655e-30,122145565013646.14,4.953019181771727e-07,0.12453878109561156,0.0,0.0
3.944206059437648e+29,0.1983009582422145,585.806126636259,0.585806126636259,76710974661321.36,3.1106403978521973e-07,4.127032753505924e+75,5.161204842493601e+72,1.6354871227512867e+65,2.2894367562775263e-27,4312386.550337084,2.5353644939701166e-30,76710974661321.36,3.1106403978521973e-07,0.19830095824221458,0.0,0.0
6.280291441834272e+29,0.3157512037121303,932.769015676713,0.932769015676713,48176727766025.83,1.953572826925495e-07,1.0463532308690734e+76,2.08358730242991e+73,6.602489740759469e+65,9.030010326809017e-28,10933471.74399901,1.5922827933410872e-30,48176727766025.83,1.9535728269254947e-07,0.31575120371213033,1.354942044487517e-16,2.6469779601696886e-23
1e+30,0.5027652086475616,1485.232053823733,1.485232053823733,30256389108455.16,1.226900670594017e-07,2.6528868296963418e+76,8.411477899702106e+73,2.665436503315242e+66,3.561622144778495e-28,27720336.055560384,1e-30,30256389108455.16,1.2269006705940173e-07,0.5027652086475616,2.1574509034118678e-16,2.6469779601696886e-23
