id,name,type,category,fraction,carbon_count,molecular_weight,frequency_hz,complexity,bit_state_decimal,glr_errors,glr_nrci_before,glr_nrci_after,glr_efficiency,glr_improvement,nrci,nrci_regime,soc_energy_cu,modal_sum,wall_proximity,wall_safe,nrci_risk,coherence_factor,resonance_strength,emergence_intensity,success,error,predicted_octane_class,predicted_stability_class
248,4-Methyl-cyclo-C4,Cycloalkanes,Cycloalkanes,Gasoline,8,112.208,944034985225.4052,10,2134665,3,0.875,0.975,1.0,0.0999999999999999,0.0,CoherenceRegime.SUBCOHERENT,27.09139236357464,0.912208,WallProximity.WARNING,True,0.3561888571011279,0.0,0.7524193337215321,0.143283132619514,True,,High (RON ~90-120),Excellent (>1 year)
252,3-Methyl-cyclo-C5,Cycloalkanes,Cycloalkanes,Gasoline,8,112.208,944034985225.4052,10,2134665,3,0.875,0.975,1.0,0.0999999999999999,0.0,CoherenceRegime.SUBCOHERENT,27.09139236357464,0.912208,WallProximity.WARNING,True,0.3561888571011279,0.0,0.7524193337215321,0.143283132619514,True,,High (RON ~90-120),Excellent (>1 year)
256,2-Methyl-cyclo-C6,Cycloalkanes,Cycloalkanes,Gasoline,8,112.208,944034985225.4052,10,2134665,3,0.875,0.975,1.0,0.0999999999999999,0.0,CoherenceRegime.SUBCOHERENT,27.09139236357464,0.912208,WallProximity.WARNING,True,0.3561888571011279,0.0,0.7524193337215321,0.143283132619514,True,,High (RON ~90-120),Excellent (>1 year)
258,4-Methyl-cyclo-C6,Cycloalkanes,Cycloalkanes,Gasoline,10,140.26,844370560040.8063,12,2659017,3,0.875,0.975,1.0,0.0999999999999999,0.0020964232055424,CoherenceRegime.SUBCOHERENT,42.33030056808538,1.14026,WallProximity.CAUTION,True,0.0,0.0024374381697527,0.8108391997578444,0.1626651352211253,True,,High (RON ~90-120),Excellent (>1 year)
260,1-Methyl-cyclo-C7,Cycloalkanes,Cycloalkanes,Gasoline,8,112.208,944034985225.4052,10,2134665,3,0.875,0.975,1.0,0.0999999999999999,0.0,CoherenceRegime.SUBCOHERENT,27.09139236357464,0.912208,WallProximity.WARNING,True,0.3561888571011279,0.0,0.7524193337215321,0.143283132619514,True,,High (RON ~90-120),Excellent (>1 year)
262,3-Methyl-cyclo-C7,Cycloalkanes,Cycloalkanes,Gasoline,10,140.26,844370560040.8063,12,2659017,3,0.875,0.975,1.0,0.0999999999999999,0.0020964232055424,CoherenceRegime.SUBCOHERENT,42.33030056808538,1.14026,WallProximity.CAUTION,True,0.0,0.0024374381697527,0.8108391997578444,0.1626651352211253,True,,High (RON ~90-120),Excellent (>1 year)
263,4-Methyl-cyclo-C7,Cycloalkanes,Cycloalkanes,Gasoline,11,154.286,805075740459.2579,13,2921161,3,0.875,0.975,1.0,0.0999999999999999,0.0,CoherenceRegime.SUBCOHERENT,51.21966368738332,1.254286,WallProximity.CAUTION,True,0.0,0.0,0.8226841066171374,0.1709436722527703,True,,High (RON ~90-120),Excellent (>1 year)
264,Cyclo-C8H16,Cycloalkanes,Cycloalkanes,Gasoline,8,112.208,944034985225.4052,10,2134665,3,0.875,0.975,1.0,0.0999999999999999,0.0,CoherenceRegime.SUBCOHERENT,27.09139236357464,0.912208,WallProximity.WARNING,True,0.3561888571011279,0.0,0.7524193337215321,0.143283132619514,True,,High (RON ~90-120),Excellent (>1 year)
266,2-Methyl-cyclo-C8,Cycloalkanes,Cycloalkanes,Gasoline,10,140.26,844370560040.8063,12,2659017,3,0.875,0.975,1.0,0.0999999999999999,0.0020964232055424,CoherenceRegime.SUBCOHERENT,42.33030056808538,1.14026,WallProximity.CAUTION,True,0.0,0.0024374381697527,0.8108391997578444,0.1626651352211253,True,,High (RON ~90-120),Excellent (>1 year)
267,3-Methyl-cyclo-C8,Cycloalkanes,Cycloalkanes,Gasoline,11,154.286,805075740459.2579,13,2921161,3,0.875,0.975,1.0,0.0999999999999999,0.0,CoherenceRegime.SUBCOHERENT,51.21966368738332,1.254286,WallProximity.CAUTION,True,0.0,0.0,0.8226841066171374,0.1709436722527703,True,,High (RON ~90-120),Excellent (>1 year)
268,4-Methyl-cyclo-C8,Cycloalkanes,Cycloalkanes,Gasoline,12,168.312,770801337712.6996,14,3179209,2,0.9166666666666666,1.0,1.0,0.0833333333333333,0.0,CoherenceRegime.SUBCOHERENT,60.955632818042965,1.3683120000000002,WallProximity.SAFE,True,0.0,0.0,0.8231092971646984,0.1785013844306502,True,,High (RON ~90-120),Excellent (>1 year)
270,1-Methyl-cyclo-C9,Cycloalkanes,Cycloalkanes,Gasoline,10,140.26,844370560040.8063,12,2659017,3,0.875,0.975,1.0,0.0999999999999999,0.0020964232055424,CoherenceRegime.SUBCOHERENT,42.33030056808538,1.14026,WallProximity.CAUTION,True,0.0,0.0024374381697527,0.8108391997578444,0.1626651352211253,True,,High (RON ~90-120),Excellent (>1 year)
271,2-Methyl-cyclo-C9,Cycloalkanes,Cycloalkanes,Gasoline,11,154.286,805075740459.2579,13,2921161,3,0.875,0.975,1.0,0.0999999999999999,0.0,CoherenceRegime.SUBCOHERENT,51.21966368738332,1.254286,WallProximity.CAUTION,True,0.0,0.0,0.8226841066171374,0.1709436722527703,True,,High (RON ~90-120),Excellent (>1 year)
272,3-Methyl-cyclo-C9,Cycloalkanes,Cycloalkanes,Gasoline,12,168.312,770801337712.6996,14,3179209,2,0.9166666666666666,1.0,1.0,0.0833333333333333,0.0,CoherenceRegime.SUBCOHERENT,60.955632818042965,1.3683120000000002,WallProximity.SAFE,True,0.0,0.0,0.8231092971646984,0.1785013844306502,True,,High (RON ~90-120),Excellent (>1 year)
273,4-Methyl-cyclo-C9,Cycloalkanes,Cycloalkanes,Gasoline,13,182.338,740561970950.5564,15,3441361,2,0.9166666666666666,1.0,1.0,0.0833333333333333,0.0,CoherenceRegime.SUBCOHERENT,71.5382079600643,1.482338,WallProximity.SAFE,True,0.0,0.0,0.8126373341409747,0.1854538056824926,True,,High (RON ~90-120),Excellent (>1 year)
275,1-Methyl-cyclo-C10,Cycloalkanes,Cycloalkanes,Gasoline,11,154.286,805075740459.2579,13,2921161,3,0.875,0.975,1.0,0.0999999999999999,0.0,CoherenceRegime.SUBCOHERENT,51.21966368738332,1.254286,WallProximity.CAUTION,True,0.0,0.0,0.8226841066171374,0.1709436722527703,True,,High (RON ~90-120),Excellent (>1 year)
276,2-Methyl-cyclo-C10,Cycloalkanes,Cycloalkanes,Gasoline,12,168.312,770801337712.6996,14,3179209,2,0.9166666666666666,1.0,1.0,0.0833333333333333,0.0,CoherenceRegime.SUBCOHERENT,60.955632818042965,1.3683120000000002,WallProximity.SAFE,True,0.0,0.0,0.8231092971646984,0.1785013844306502,True,,High (RON ~90-120),Excellent (>1 year)
277,3-Methyl-cyclo-C10,Cycloalkanes,Cycloalkanes,Gasoline,13,182.338,740561970950.5564,15,3441361,2,0.9166666666666666,1.0,1.0,0.0833333333333333,0.0,CoherenceRegime.SUBCOHERENT,71.5382079600643,1.482338,WallProximity.SAFE,True,0.0,0.0,0.8126373341409747,0.1854538056824926,True,,High (RON ~90-120),Excellent (>1 year)
278,4-Methyl-cyclo-C10,Cycloalkanes,Cycloalkanes,Gasoline,14,196.364,713623371385.9878,16,3703569,3,0.875,0.975,1.0,0.0999999999999999,0.0,CoherenceRegime.SUBCOHERENT,82.96738911344735,1.596364,WallProximity.SAFE,True,0.0,0.0,0.7920916115962445,0.1918907423567729,True,,High (RON ~90-120),Excellent (>1 year)
280,1-Methyl-cyclo-C11,Cycloalkanes,Cycloalkanes,Gasoline,12,168.312,770801337712.6996,14,3179209,2,0.9166666666666666,1.0,1.0,0.0833333333333333,0.0,CoherenceRegime.SUBCOHERENT,60.955632818042965,1.3683120000000002,WallProximity.SAFE,True,0.0,0.0,0.8231092971646984,0.1785013844306502,True,,High (RON ~90-120),Excellent (>1 year)
281,2-Methyl-cyclo-C11,Cycloalkanes,Cycloalkanes,Gasoline,13,182.338,740561970950.5564,15,3441361,2,0.9166666666666666,1.0,1.0,0.0833333333333333,0.0,CoherenceRegime.SUBCOHERENT,71.5382079600643,1.482338,WallProximity.SAFE,True,0.0,0.0,0.8126373341409747,0.1854538056824926,True,,High (RON ~90-120),Excellent (>1 year)
282,3-Methyl-cyclo-C11,Cycloalkanes,Cycloalkanes,Gasoline,14,196.364,713623371385.9878,16,3703569,3,0.875,0.975,1.0,0.0999999999999999,0.0,CoherenceRegime.SUBCOHERENT,82.96738911344735,1.596364,WallProximity.SAFE,True,0.0,0.0,0.7920916115962445,0.1918907423567729,True,,High (RON ~90-120),Excellent (>1 year)
285,1-Methyl-cyclo-C12,Cycloalkanes,Cycloalkanes,Gasoline,13,182.338,740561970950.5564,15,3441361,2,0.9166666666666666,1.0,1.0,0.0833333333333333,0.0,CoherenceRegime.SUBCOHERENT,71.5382079600643,1.482338,WallProximity.SAFE,True,0.0,0.0,0.8126373341409747,0.1854538056824926,True,,High (RON ~90-120),Excellent (>1 year)
286,2-Methyl-cyclo-C12,Cycloalkanes,Cycloalkanes,Gasoline,14,196.364,713623371385.9878,16,3703569,3,0.875,0.975,1.0,0.0999999999999999,0.0,CoherenceRegime.SUBCOHERENT,82.96738911344735,1.596364,WallProximity.SAFE,True,0.0,0.0,0.7920916115962445,0.1918907423567729,True,,High (RON ~90-120),Excellent (>1 year)
289,1-Methyl-cyclo-C13,Cycloalkanes,Cycloalkanes,Gasoline,14,196.364,713623371385.9878,16,3703569,3,0.875,0.975,1.0,0.0999999999999999,0.0,CoherenceRegime.SUBCOHERENT,82.96738911344735,1.596364,WallProximity.SAFE,True,0.0,0.0,0.7920916115962445,0.1918907423567729,True,,High (RON ~90-120),Excellent (>1 year)
312,1-C10ene,Linear alkenes,Alkenes,Gasoline,10,140.26,844370560040.8063,11,2658953,2,0.9166666666666666,1.0,1.0,0.0833333333333333,0.0020964232055424,CoherenceRegime.SUBCOHERENT,42.33030056808538,1.14026,WallProximity.CAUTION,True,0.0,0.0024374381697527,0.8108391997578444,0.1626651352211253,True,,Medium-High (RON ~70-90),Excellent (>1 year)
313,2-C10ene,Linear alkenes,Alkenes,Gasoline,10,140.26,844370560040.8063,11,2658953,2,0.9166666666666666,1.0,1.0,0.0833333333333333,0.0020964232055424,CoherenceRegime.SUBCOHERENT,42.33030056808538,1.14026,WallProximity.CAUTION,True,0.0,0.0024374381697527,0.8108391997578444,0.1626651352211253,True,,Medium-High (RON ~70-90),Excellent (>1 year)
314,2-Methyl-1-C10ene,Branched alkenes,Alkenes,Gasoline,10,140.26,844370560040.8063,13,2659017,3,0.875,0.975,1.0,0.0999999999999999,0.0020964232055424,CoherenceRegime.SUBCOHERENT,42.33030056808538,1.14026,WallProximity.CAUTION,True,0.0,0.0024374381697527,0.8108391997578444,0.1626651352211253,True,,Medium-High (RON ~70-90),Excellent (>1 year)
341,2-C21ene,Linear alkenes,Alkenes,Gasoline,21,294.546,582671042806.7759,22,5534554,2,0.9166666666666666,1.0,1.0,0.0833333333333333,0.0001644820972053,CoherenceRegime.SUBCOHERENT,186.6766255052565,2.394546,WallProximity.SAFE,True,0.0,0.0002018374608602,0.4750197916919438,0.2271089941679091,True,,Medium-High (RON ~70-90),Excellent (>1 year)
360,C2-Benzene,Aromatics,Aromatics,Gasoline,8,106.16,970553645244.2546,10,2134665,3,0.875,0.975,1.0,0.0999999999999999,0.0,CoherenceRegime.SUBCOHERENT,25.4612326558467,0.90616,WallProximity.WARNING,True,0.5061564204105282,0.0,0.7757067006443555,0.140587942534566,True,,High (RON ~90-120),Excellent (>1 year)
362,C4-Benzene,Aromatics,Aromatics,Gasoline,10,134.212,863185876759.3774,12,2659017,3,0.875,0.975,1.0,0.0999999999999999,0.0,CoherenceRegime.SUBCOHERENT,40.29018058883676,1.134212,WallProximity.CAUTION,True,0.0,0.0,0.8382937103202426,0.1605199213989508,True,,High (RON ~90-120),Excellent (>1 year)
363,C5-Benzene,Aromatics,Aromatics,Gasoline,11,148.238,821334804232.1232,13,2921161,3,0.875,0.975,1.0,0.0999999999999999,0.0,CoherenceRegime.SUBCOHERENT,48.97456357237437,1.2482380000000002,WallProximity.CAUTION,True,0.0,0.0,0.8524106468242886,0.1689970574550305,True,,High (RON ~90-120),Excellent (>1 year)
364,C6-Benzene,Aromatics,Aromatics,Gasoline,12,162.264,785034803719.447,14,3179209,2,0.9166666666666666,1.0,1.0,0.0833333333333333,0.0,CoherenceRegime.SUBCOHERENT,58.50555256727368,1.362264,WallProximity.SAFE,True,0.0,0.0,0.8550239388005095,0.1767197085482051,True,,High (RON ~90-120),Excellent (>1 year)
365,C7-Benzene,Aromatics,Aromatics,Gasoline,13,176.29,753158117252.3292,15,3441361,2,0.9166666666666666,1.0,1.0,0.0833333333333333,0.0,CoherenceRegime.SUBCOHERENT,68.88314757353469,1.47629,WallProximity.SAFE,True,0.0,0.0,0.8465212890838342,0.183811298372123,True,,High (RON ~90-120),Excellent (>1 year)
366,C8-Benzene,Aromatics,Aromatics,Gasoline,14,190.316,724873710818.0087,16,3703569,3,0.875,0.975,1.0,0.0999999999999999,0.0,CoherenceRegime.SUBCOHERENT,80.1073485911574,1.590316,WallProximity.SAFE,True,0.0,0.0,0.8276126144218086,0.1903672357609857,True,,High (RON ~90-120),Excellent (>1 year)
368,o-Xylene,Aromatics,Aromatics,Gasoline,8,106.16,970553645244.2546,10,2134665,3,0.875,0.975,1.0,0.0999999999999999,0.0,CoherenceRegime.SUBCOHERENT,25.4612326558467,0.90616,WallProximity.WARNING,True,0.5061564204105282,0.0,0.7757067006443555,0.140587942534566,True,,High (RON ~90-120),Excellent (>1 year)
407,Aromatic-C8-407,Aromatics,Aromatics,Gasoline,8,106.16,970553645244.2546,8,2134665,3,0.875,0.975,1.0,0.0999999999999999,0.0,CoherenceRegime.SUBCOHERENT,25.4612326558467,0.90616,WallProximity.WARNING,True,0.5061564204105282,0.0,0.7757067006443555,0.140587942534566,True,,High (RON ~90-120),Excellent (>1 year)
409,Aromatic-C10-409,Aromatics,Aromatics,Gasoline,10,134.212,863185876759.3774,8,2658953,2,0.9166666666666666,1.0,1.0,0.0833333333333333,0.0,CoherenceRegime.SUBCOHERENT,40.29018058883676,1.134212,WallProximity.CAUTION,True,0.0,0.0,0.8382937103202426,0.1605199213989508,True,,High (RON ~90-120),Excellent (>1 year)
410,Aromatic-C11-410,Aromatics,Aromatics,Gasoline,11,148.238,821334804232.1232,8,2921097,3,0.875,0.975,1.0,0.0999999999999999,0.0,CoherenceRegime.SUBCOHERENT,48.97456357237437,1.2482380000000002,WallProximity.CAUTION,True,0.0,0.0,0.8524106468242886,0.1689970574550305,True,,High (RON ~90-120),Excellent (>1 year)
411,Aromatic-C12-411,Aromatics,Aromatics,Gasoline,12,162.264,785034803719.447,8,3179145,3,0.875,0.975,1.0,0.0999999999999999,0.0,CoherenceRegime.SUBCOHERENT,58.50555256727368,1.362264,WallProximity.SAFE,True,0.0,0.0,0.8550239388005095,0.1767197085482051,True,,High (RON ~90-120),Excellent (>1 year)
422,Aromatic-C8-422,Aromatics,Aromatics,Gasoline,8,106.16,970553645244.2546,8,2134665,3,0.875,0.975,1.0,0.0999999999999999,0.0,CoherenceRegime.SUBCOHERENT,25.4612326558467,0.90616,WallProximity.WARNING,True,0.5061564204105282,0.0,0.7757067006443555,0.140587942534566,True,,High (RON ~90-120),Excellent (>1 year)
424,Aromatic-C10-424,Aromatics,Aromatics,Gasoline,10,134.212,863185876759.3774,8,2658953,2,0.9166666666666666,1.0,1.0,0.0833333333333333,0.0,CoherenceRegime.SUBCOHERENT,40.29018058883676,1.134212,WallProximity.CAUTION,True,0.0,0.0,0.8382937103202426,0.1605199213989508,True,,High (RON ~90-120),Excellent (>1 year)
425,Aromatic-C11-425,Aromatics,Aromatics,Gasoline,11,148.238,821334804232.1232,8,2921097,3,0.875,0.975,1.0,0.0999999999999999,0.0,CoherenceRegime.SUBCOHERENT,48.97456357237437,1.2482380000000002,WallProximity.CAUTION,True,0.0,0.0,0.8524106468242886,0.1689970574550305,True,,High (RON ~90-120),Excellent (>1 year)
426,Aromatic-C12-426,Aromatics,Aromatics,Gasoline,12,162.264,785034803719.447,8,3179145,3,0.875,0.975,1.0,0.0999999999999999,0.0,CoherenceRegime.SUBCOHERENT,58.50555256727368,1.362264,WallProximity.SAFE,True,0.0,0.0,0.8550239388005095,0.1767197085482051,True,,High (RON ~90-120),Excellent (>1 year)
437,Aromatic-C8-437,Aromatics,Aromatics,Gasoline,8,106.16,970553645244.2546,8,2134665,3,0.875,0.975,1.0,0.0999999999999999,0.0,CoherenceRegime.SUBCOHERENT,25.4612326558467,0.90616,WallProximity.WARNING,True,0.5061564204105282,0.0,0.7757067006443555,0.140587942534566,True,,High (RON ~90-120),Excellent (>1 year)
439,Aromatic-C10-439,Aromatics,Aromatics,Gasoline,10,134.212,863185876759.3774,8,2658953,2,0.9166666666666666,1.0,1.0,0.0833333333333333,0.0,CoherenceRegime.SUBCOHERENT,40.29018058883676,1.134212,WallProximity.CAUTION,True,0.0,0.0,0.8382937103202426,0.1605199213989508,True,,High (RON ~90-120),Excellent (>1 year)
440,Aromatic-C11-440,Aromatics,Aromatics,Gasoline,11,148.238,821334804232.1232,8,2921097,3,0.875,0.975,1.0,0.0999999999999999,0.0,CoherenceRegime.SUBCOHERENT,48.97456357237437,1.2482380000000002,WallProximity.CAUTION,True,0.0,0.0,0.8524106468242886,0.1689970574550305,True,,High (RON ~90-120),Excellent (>1 year)
441,Aromatic-C12-441,Aromatics,Aromatics,Gasoline,12,162.264,785034803719.447,8,3179145,3,0.875,0.975,1.0,0.0999999999999999,0.0,CoherenceRegime.SUBCOHERENT,58.50555256727368,1.362264,WallProximity.SAFE,True,0.0,0.0,0.8550239388005095,0.1767197085482051,True,,High (RON ~90-120),Excellent (>1 year)
452,Aromatic-C8-452,Aromatics,Aromatics,Gasoline,8,106.16,970553645244.2546,8,2134665,3,0.875,0.975,1.0,0.0999999999999999,0.0,CoherenceRegime.SUBCOHERENT,25.4612326558467,0.90616,WallProximity.WARNING,True,0.5061564204105282,0.0,0.7757067006443555,0.140587942534566,True,,High (RON ~90-120),Excellent (>1 year)
454,Aromatic-C10-454,Aromatics,Aromatics,Gasoline,10,134.212,863185876759.3774,8,2658953,2,0.9166666666666666,1.0,1.0,0.0833333333333333,0.0,CoherenceRegime.SUBCOHERENT,40.29018058883676,1.134212,WallProximity.CAUTION,True,0.0,0.0,0.8382937103202426,0.1605199213989508,True,,High (RON ~90-120),Excellent (>1 year)
455,Aromatic-C11-455,Aromatics,Aromatics,Gasoline,11,148.238,821334804232.1232,8,2921097,3,0.875,0.975,1.0,0.0999999999999999,0.0,CoherenceRegime.SUBCOHERENT,48.97456357237437,1.2482380000000002,WallProximity.CAUTION,True,0.0,0.0,0.8524106468242886,0.1689970574550305,True,,High (RON ~90-120),Excellent (>1 year)
456,Aromatic-C12-456,Aromatics,Aromatics,Gasoline,12,162.264,785034803719.447,8,3179145,3,0.875,0.975,1.0,0.0999999999999999,0.0,CoherenceRegime.SUBCOHERENT,58.50555256727368,1.362264,WallProximity.SAFE,True,0.0,0.0,0.8550239388005095,0.1767197085482051,True,,High (RON ~90-120),Excellent (>1 year)
467,Aromatic-C8-467,Aromatics,Aromatics,Gasoline,8,106.16,970553645244.2546,8,2134665,3,0.875,0.975,1.0,0.0999999999999999,0.0,CoherenceRegime.SUBCOHERENT,25.4612326558467,0.90616,WallProximity.WARNING,True,0.5061564204105282,0.0,0.7757067006443555,0.140587942534566,True,,High (RON ~90-120),Excellent (>1 year)
469,Aromatic-C10-469,Aromatics,Aromatics,Gasoline,10,134.212,863185876759.3774,8,2658953,2,0.9166666666666666,1.0,1.0,0.0833333333333333,0.0,CoherenceRegime.SUBCOHERENT,40.29018058883676,1.134212,WallProximity.CAUTION,True,0.0,0.0,0.8382937103202426,0.1605199213989508,True,,High (RON ~90-120),Excellent (>1 year)
470,Aromatic-C11-470,Aromatics,Aromatics,Gasoline,11,148.238,821334804232.1232,8,2921097,3,0.875,0.975,1.0,0.0999999999999999,0.0,CoherenceRegime.SUBCOHERENT,48.97456357237437,1.2482380000000002,WallProximity.CAUTION,True,0.0,0.0,0.8524106468242886,0.1689970574550305,True,,High (RON ~90-120),Excellent (>1 year)
471,Aromatic-C12-471,Aromatics,Aromatics,Gasoline,12,162.264,785034803719.447,8,3179145,3,0.875,0.975,1.0,0.0999999999999999,0.0,CoherenceRegime.SUBCOHERENT,58.50555256727368,1.362264,WallProximity.SAFE,True,0.0,0.0,0.8550239388005095,0.1767197085482051,True,,High (RON ~90-120),Excellent (>1 year)
482,Aromatic-C8-482,Aromatics,Aromatics,Gasoline,8,106.16,970553645244.2546,8,2134665,3,0.875,0.975,1.0,0.0999999999999999,0.0,CoherenceRegime.SUBCOHERENT,25.4612326558467,0.90616,WallProximity.WARNING,True,0.5061564204105282,0.0,0.7757067006443555,0.140587942534566,True,,High (RON ~90-120),Excellent (>1 year)
484,Aromatic-C10-484,Aromatics,Aromatics,Gasoline,10,134.212,863185876759.3774,8,2658953,2,0.9166666666666666,1.0,1.0,0.0833333333333333,0.0,CoherenceRegime.SUBCOHERENT,40.29018058883676,1.134212,WallProximity.CAUTION,True,0.0,0.0,0.8382937103202426,0.1605199213989508,True,,High (RON ~90-120),Excellent (>1 year)
485,Aromatic-C11-485,Aromatics,Aromatics,Gasoline,11,148.238,821334804232.1232,8,2921097,3,0.875,0.975,1.0,0.0999999999999999,0.0,CoherenceRegime.SUBCOHERENT,48.97456357237437,1.2482380000000002,WallProximity.CAUTION,True,0.0,0.0,0.8524106468242886,0.1689970574550305,True,,High (RON ~90-120),Excellent (>1 year)
486,Aromatic-C12-486,Aromatics,Aromatics,Gasoline,12,162.264,785034803719.447,8,3179145,3,0.875,0.975,1.0,0.0999999999999999,0.0,CoherenceRegime.SUBCOHERENT,58.50555256727368,1.362264,WallProximity.SAFE,True,0.0,0.0,0.8550239388005095,0.1767197085482051,True,,High (RON ~90-120),Excellent (>1 year)
497,Aromatic-C8-497,Aromatics,Aromatics,Gasoline,8,106.16,970553645244.2546,8,2134665,3,0.875,0.975,1.0,0.0999999999999999,0.0,CoherenceRegime.SUBCOHERENT,25.4612326558467,0.90616,WallProximity.WARNING,True,0.5061564204105282,0.0,0.7757067006443555,0.140587942534566,True,,High (RON ~90-120),Excellent (>1 year)
499,Aromatic-C10-499,Aromatics,Aromatics,Gasoline,10,134.212,863185876759.3774,8,2658953,2,0.9166666666666666,1.0,1.0,0.0833333333333333,0.0,CoherenceRegime.SUBCOHERENT,40.29018058883676,1.134212,WallProximity.CAUTION,True,0.0,0.0,0.8382937103202426,0.1605199213989508,True,,High (RON ~90-120),Excellent (>1 year)
500,Aromatic-C11-500,Aromatics,Aromatics,Gasoline,11,148.238,821334804232.1232,8,2921097,3,0.875,0.975,1.0,0.0999999999999999,0.0,CoherenceRegime.SUBCOHERENT,48.97456357237437,1.2482380000000002,WallProximity.CAUTION,True,0.0,0.0,0.8524106468242886,0.1689970574550305,True,,High (RON ~90-120),Excellent (>1 year)
501,Aromatic-C12-501,Aromatics,Aromatics,Gasoline,12,162.264,785034803719.447,8,3179145,3,0.875,0.975,1.0,0.0999999999999999,0.0,CoherenceRegime.SUBCOHERENT,58.50555256727368,1.362264,WallProximity.SAFE,True,0.0,0.0,0.8550239388005095,0.1767197085482051,True,,High (RON ~90-120),Excellent (>1 year)
512,Aromatic-C8-512,Aromatics,Aromatics,Gasoline,8,106.16,970553645244.2546,8,2134665,3,0.875,0.975,1.0,0.0999999999999999,0.0,CoherenceRegime.SUBCOHERENT,25.4612326558467,0.90616,WallProximity.WARNING,True,0.5061564204105282,0.0,0.7757067006443555,0.140587942534566,True,,High (RON ~90-120),Excellent (>1 year)
514,Aromatic-C10-514,Aromatics,Aromatics,Gasoline,10,134.212,863185876759.3774,8,2658953,2,0.9166666666666666,1.0,1.0,0.0833333333333333,0.0,CoherenceRegime.SUBCOHERENT,40.29018058883676,1.134212,WallProximity.CAUTION,True,0.0,0.0,0.8382937103202426,0.1605199213989508,True,,High (RON ~90-120),Excellent (>1 year)
515,Aromatic-C11-515,Aromatics,Aromatics,Gasoline,11,148.238,821334804232.1232,8,2921097,3,0.875,0.975,1.0,0.0999999999999999,0.0,CoherenceRegime.SUBCOHERENT,48.97456357237437,1.2482380000000002,WallProximity.CAUTION,True,0.0,0.0,0.8524106468242886,0.1689970574550305,True,,High (RON ~90-120),Excellent (>1 year)
516,Aromatic-C12-516,Aromatics,Aromatics,Gasoline,12,162.264,785034803719.447,8,3179145,3,0.875,0.975,1.0,0.0999999999999999,0.0,CoherenceRegime.SUBCOHERENT,58.50555256727368,1.362264,WallProximity.SAFE,True,0.0,0.0,0.8550239388005095,0.1767197085482051,True,,High (RON ~90-120),Excellent (>1 year)
527,Aromatic-C8-527,Aromatics,Aromatics,Gasoline,8,106.16,970553645244.2546,8,2134665,3,0.875,0.975,1.0,0.0999999999999999,0.0,CoherenceRegime.SUBCOHERENT,25.4612326558467,0.90616,WallProximity.WARNING,True,0.5061564204105282,0.0,0.7757067006443555,0.140587942534566,True,,High (RON ~90-120),Excellent (>1 year)
529,Aromatic-C10-529,Aromatics,Aromatics,Gasoline,10,134.212,863185876759.3774,8,2658953,2,0.9166666666666666,1.0,1.0,0.0833333333333333,0.0,CoherenceRegime.SUBCOHERENT,40.29018058883676,1.134212,WallProximity.CAUTION,True,0.0,0.0,0.8382937103202426,0.1605199213989508,True,,High (RON ~90-120),Excellent (>1 year)
530,Aromatic-C11-530,Aromatics,Aromatics,Gasoline,11,148.238,821334804232.1232,8,2921097,3,0.875,0.975,1.0,0.0999999999999999,0.0,CoherenceRegime.SUBCOHERENT,48.97456357237437,1.2482380000000002,WallProximity.CAUTION,True,0.0,0.0,0.8524106468242886,0.1689970574550305,True,,High (RON ~90-120),Excellent (>1 year)
531,Aromatic-C12-531,Aromatics,Aromatics,Gasoline,12,162.264,785034803719.447,8,3179145,3,0.875,0.975,1.0,0.0999999999999999,0.0,CoherenceRegime.SUBCOHERENT,58.50555256727368,1.362264,WallProximity.SAFE,True,0.0,0.0,0.8550239388005095,0.1767197085482051,True,,High (RON ~90-120),Excellent (>1 year)
542,Aromatic-C8-542,Aromatics,Aromatics,Gasoline,8,106.16,970553645244.2546,8,2134665,3,0.875,0.975,1.0,0.0999999999999999,0.0,CoherenceRegime.SUBCOHERENT,25.4612326558467,0.90616,WallProximity.WARNING,True,0.5061564204105282,0.0,0.7757067006443555,0.140587942534566,True,,High (RON ~90-120),Excellent (>1 year)
544,Aromatic-C10-544,Aromatics,Aromatics,Gasoline,10,134.212,863185876759.3774,8,2658953,2,0.9166666666666666,1.0,1.0,0.0833333333333333,0.0,CoherenceRegime.SUBCOHERENT,40.29018058883676,1.134212,WallProximity.CAUTION,True,0.0,0.0,0.8382937103202426,0.1605199213989508,True,,High (RON ~90-120),Excellent (>1 year)
545,Aromatic-C11-545,Aromatics,Aromatics,Gasoline,11,148.238,821334804232.1232,8,2921097,3,0.875,0.975,1.0,0.0999999999999999,0.0,CoherenceRegime.SUBCOHERENT,48.97456357237437,1.2482380000000002,WallProximity.CAUTION,True,0.0,0.0,0.8524106468242886,0.1689970574550305,True,,High (RON ~90-120),Excellent (>1 year)
546,Aromatic-C12-546,Aromatics,Aromatics,Gasoline,12,162.264,785034803719.447,8,3179145,3,0.875,0.975,1.0,0.0999999999999999,0.0,CoherenceRegime.SUBCOHERENT,58.50555256727368,1.362264,WallProximity.SAFE,True,0.0,0.0,0.8550239388005095,0.1767197085482051,True,,High (RON ~90-120),Excellent (>1 year)
557,Aromatic-C8-557,Aromatics,Aromatics,Gasoline,8,106.16,970553645244.2546,8,2134665,3,0.875,0.975,1.0,0.0999999999999999,0.0,CoherenceRegime.SUBCOHERENT,25.4612326558467,0.90616,WallProximity.WARNING,True,0.5061564204105282,0.0,0.7757067006443555,0.140587942534566,True,,High (RON ~90-120),Excellent (>1 year)
559,Aromatic-C10-559,Aromatics,Aromatics,Gasoline,10,134.212,863185876759.3774,8,2658953,2,0.9166666666666666,1.0,1.0,0.0833333333333333,0.0,CoherenceRegime.SUBCOHERENT,40.29018058883676,1.134212,WallProximity.CAUTION,True,0.0,0.0,0.8382937103202426,0.1605199213989508,True,,High (RON ~90-120),Excellent (>1 year)
560,Aromatic-C11-560,Aromatics,Aromatics,Gasoline,11,148.238,821334804232.1232,8,2921097,3,0.875,0.975,1.0,0.0999999999999999,0.0,CoherenceRegime.SUBCOHERENT,48.97456357237437,1.2482380000000002,WallProximity.CAUTION,True,0.0,0.0,0.8524106468242886,0.1689970574550305,True,,High (RON ~90-120),Excellent (>1 year)
561,Aromatic-C12-561,Aromatics,Aromatics,Gasoline,12,162.264,785034803719.447,8,3179145,3,0.875,0.975,1.0,0.0999999999999999,0.0,CoherenceRegime.SUBCOHERENT,58.50555256727368,1.362264,WallProximity.SAFE,True,0.0,0.0,0.8550239388005095,0.1767197085482051,True,,High (RON ~90-120),Excellent (>1 year)
572,Aromatic-C8-572,Aromatics,Aromatics,Gasoline,8,106.16,970553645244.2546,8,2134665,3,0.875,0.975,1.0,0.0999999999999999,0.0,CoherenceRegime.SUBCOHERENT,25.4612326558467,0.90616,WallProximity.WARNING,True,0.5061564204105282,0.0,0.7757067006443555,0.140587942534566,True,,High (RON ~90-120),Excellent (>1 year)
574,Aromatic-C10-574,Aromatics,Aromatics,Gasoline,10,134.212,863185876759.3774,8,2658953,2,0.9166666666666666,1.0,1.0,0.0833333333333333,0.0,CoherenceRegime.SUBCOHERENT,40.29018058883676,1.134212,WallProximity.CAUTION,True,0.0,0.0,0.8382937103202426,0.1605199213989508,True,,High (RON ~90-120),Excellent (>1 year)
575,Aromatic-C11-575,Aromatics,Aromatics,Gasoline,11,148.238,821334804232.1232,8,2921097,3,0.875,0.975,1.0,0.0999999999999999,0.0,CoherenceRegime.SUBCOHERENT,48.97456357237437,1.2482380000000002,WallProximity.CAUTION,True,0.0,0.0,0.8524106468242886,0.1689970574550305,True,,High (RON ~90-120),Excellent (>1 year)
576,Aromatic-C12-576,Aromatics,Aromatics,Gasoline,12,162.264,785034803719.447,8,3179145,3,0.875,0.975,1.0,0.0999999999999999,0.0,CoherenceRegime.SUBCOHERENT,58.50555256727368,1.362264,WallProximity.SAFE,True,0.0,0.0,0.8550239388005095,0.1767197085482051,True,,High (RON ~90-120),Excellent (>1 year)
587,Aromatic-C8-587,Aromatics,Aromatics,Gasoline,8,106.16,970553645244.2546,8,2134665,3,0.875,0.975,1.0,0.0999999999999999,0.0,CoherenceRegime.SUBCOHERENT,25.4612326558467,0.90616,WallProximity.WARNING,True,0.5061564204105282,0.0,0.7757067006443555,0.140587942534566,True,,High (RON ~90-120),Excellent (>1 year)
589,Aromatic-C10-589,Aromatics,Aromatics,Gasoline,10,134.212,863185876759.3774,8,2658953,2,0.9166666666666666,1.0,1.0,0.0833333333333333,0.0,CoherenceRegime.SUBCOHERENT,40.29018058883676,1.134212,WallProximity.CAUTION,True,0.0,0.0,0.8382937103202426,0.1605199213989508,True,,High (RON ~90-120),Excellent (>1 year)
590,Aromatic-C11-590,Aromatics,Aromatics,Gasoline,11,148.238,821334804232.1232,8,2921097,3,0.875,0.975,1.0,0.0999999999999999,0.0,CoherenceRegime.SUBCOHERENT,48.97456357237437,1.2482380000000002,WallProximity.CAUTION,True,0.0,0.0,0.8524106468242886,0.1689970574550305,True,,High (RON ~90-120),Excellent (>1 year)
591,Aromatic-C12-591,Aromatics,Aromatics,Gasoline,12,162.264,785034803719.447,8,3179145,3,0.875,0.975,1.0,0.0999999999999999,0.0,CoherenceRegime.SUBCOHERENT,58.50555256727368,1.362264,WallProximity.SAFE,True,0.0,0.0,0.8550239388005095,0.1767197085482051,True,,High (RON ~90-120),Excellent (>1 year)
617,"1,3-C11diene",Dienes,Dienes,Gasoline,11,152.26999999999998,810387672787.6681,13,2921161,3,0.875,0.975,1.0,0.0999999999999999,0.0006783345908299,CoherenceRegime.SUBCOHERENT,50.469145564968166,1.25227,WallProximity.CAUTION,True,0.0,0.0007938567320796,0.8325714956720301,0.1703025952255766,True,,Medium-High (RON ~70-90),Excellent (>1 year)
618,"1,4-C11diene",Dienes,Dienes,Gasoline,11,152.26999999999998,810387672787.6681,13,2921161,3,0.875,0.975,1.0,0.0999999999999999,0.0006783345908299,CoherenceRegime.SUBCOHERENT,50.469145564968166,1.25227,WallProximity.CAUTION,True,0.0,0.0007938567320796,0.8325714956720301,0.1703025952255766,True,,Medium-High (RON ~70-90),Excellent (>1 year)
619,"1,3,5-C11triene",Trienes,Trienes,Gasoline,11,150.254,815806157203.7097,14,2921161,3,0.875,0.975,1.0,0.0999999999999999,0.0022155700801178,CoherenceRegime.SUBCOHERENT,49.72077885996518,1.250254,WallProximity.CAUTION,True,0.0,0.0025914499463397,0.8424803522659028,0.1696537923105884,True,,Medium-High (RON ~70-90),Excellent (>1 year)
625,"1,3,5-C13triene",Trienes,Trienes,Gasoline,13,178.30599999999998,748888258084.8574,16,3441425,3,0.875,0.975,1.0,0.0999999999999999,0.0007834950473447,CoherenceRegime.SUBCOHERENT,69.76601628496573,1.478306,WallProximity.SAFE,True,0.0,0.0009279436357754,0.8351892182130224,0.18436439250022,True,,Medium-High (RON ~70-90),Excellent (>1 year)
649,4-Methyl-cyclo-C4ene,Cycloalkenes,Cycloalkenes,Gasoline,8,110.192,952631564169.7043,11,2134665,3,0.875,0.975,1.0,0.0999999999999999,0.0,CoherenceRegime.SUBCOHERENT,26.545854376919834,0.910192,WallProximity.WARNING,True,0.409222398795645,0.0,0.7601286913435917,0.1423996707647059,True,,High (RON ~90-120),Excellent (>1 year)
653,3-Methyl-cyclo-C5ene,Cycloalkenes,Cycloalkenes,Gasoline,8,110.192,952631564169.7043,11,2134665,3,0.875,0.975,1.0,0.0999999999999999,0.0,CoherenceRegime.SUBCOHERENT,26.545854376919834,0.910192,WallProximity.WARNING,True,0.409222398795645,0.0,0.7601286913435917,0.1423996707647059,True,,High (RON ~90-120),Excellent (>1 year)
657,2-Methyl-cyclo-C6ene,Cycloalkenes,Cycloalkenes,Gasoline,8,110.192,952631564169.7043,11,2134665,3,0.875,0.975,1.0,0.0999999999999999,0.0,CoherenceRegime.SUBCOHERENT,26.545854376919834,0.910192,WallProximity.WARNING,True,0.409222398795645,0.0,0.7601286913435917,0.1423996707647059,True,,High (RON ~90-120),Excellent (>1 year)
659,4-Methyl-cyclo-C6ene,Cycloalkenes,Cycloalkenes,Gasoline,10,138.244,850504967129.3611,13,2659017,3,0.875,0.975,1.0,0.0999999999999999,0.0,CoherenceRegime.SUBCOHERENT,41.64810915759036,1.138244,WallProximity.CAUTION,True,0.0,0.0,0.8199678758227772,0.1619595289030552,True,,High (RON ~90-120),Excellent (>1 year)
661,1-Methyl-cyclo-C7ene,Cycloalkenes,Cycloalkenes,Gasoline,8,110.192,952631564169.7043,11,2134665,3,0.875,0.975,1.0,0.0999999999999999,0.0,CoherenceRegime.SUBCOHERENT,26.545854376919834,0.910192,WallProximity.WARNING,True,0.409222398795645,0.0,0.7601286913435917,0.1423996707647059,True,,High (RON ~90-120),Excellent (>1 year)
663,3-Methyl-cyclo-C7ene,Cycloalkenes,Cycloalkenes,Gasoline,10,138.244,850504967129.3611,13,2659017,3,0.875,0.975,1.0,0.0999999999999999,0.0,CoherenceRegime.SUBCOHERENT,41.64810915759036,1.138244,WallProximity.CAUTION,True,0.0,0.0,0.8199678758227772,0.1619595289030552,True,,High (RON ~90-120),Excellent (>1 year)
664,4-Methyl-cyclo-C7ene,Cycloalkenes,Cycloalkenes,Gasoline,11,152.26999999999998,810387672787.6681,14,2921161,3,0.875,0.975,1.0,0.0999999999999999,0.0006783345908299,CoherenceRegime.SUBCOHERENT,50.469145564968166,1.25227,WallProximity.CAUTION,True,0.0,0.0007938567320796,0.8325714956720301,0.1703025952255766,True,,High (RON ~90-120),Excellent (>1 year)
665,Cyclo-C8ene,Cycloalkenes,Cycloalkenes,Gasoline,8,110.192,952631564169.7043,11,2134665,3,0.875,0.975,1.0,0.0999999999999999,0.0,CoherenceRegime.SUBCOHERENT,26.545854376919834,0.910192,WallProximity.WARNING,True,0.409222398795645,0.0,0.7601286913435917,0.1423996707647059,True,,High (RON ~90-120),Excellent (>1 year)
667,2-Methyl-cyclo-C8ene,Cycloalkenes,Cycloalkenes,Gasoline,10,138.244,850504967129.3611,13,2659017,3,0.875,0.975,1.0,0.0999999999999999,0.0,CoherenceRegime.SUBCOHERENT,41.64810915759036,1.138244,WallProximity.CAUTION,True,0.0,0.0,0.8199678758227772,0.1619595289030552,True,,High (RON ~90-120),Excellent (>1 year)
668,3-Methyl-cyclo-C8ene,Cycloalkenes,Cycloalkenes,Gasoline,11,152.26999999999998,810387672787.6681,14,2921161,3,0.875,0.975,1.0,0.0999999999999999,0.0006783345908299,CoherenceRegime.SUBCOHERENT,50.469145564968166,1.25227,WallProximity.CAUTION,True,0.0,0.0007938567320796,0.8325714956720301,0.1703025952255766,True,,High (RON ~90-120),Excellent (>1 year)
669,4-Methyl-cyclo-C8ene,Cycloalkenes,Cycloalkenes,Gasoline,12,166.296,775459460139.9153,15,3179209,2,0.9166666666666666,1.0,1.0,0.0833333333333333,0.0,CoherenceRegime.SUBCOHERENT,60.1367879837077,1.3662960000000002,WallProximity.SAFE,True,0.0,0.0,0.8337205480043967,0.1779140227918064,True,,High (RON ~90-120),Excellent (>1 year)
671,1-Methyl-cyclo-C9ene,Cycloalkenes,Cycloalkenes,Gasoline,10,138.244,850504967129.3611,13,2659017,3,0.875,0.975,1.0,0.0999999999999999,0.0,CoherenceRegime.SUBCOHERENT,41.64810915759036,1.138244,WallProximity.CAUTION,True,0.0,0.0,0.8199678758227772,0.1619595289030552,True,,High (RON ~90-120),Excellent (>1 year)
672,2-Methyl-cyclo-C9ene,Cycloalkenes,Cycloalkenes,Gasoline,11,152.26999999999998,810387672787.6681,14,2921161,3,0.875,0.975,1.0,0.0999999999999999,0.0006783345908299,CoherenceRegime.SUBCOHERENT,50.469145564968166,1.25227,WallProximity.CAUTION,True,0.0,0.0007938567320796,0.8325714956720301,0.1703025952255766,True,,High (RON ~90-120),Excellent (>1 year)
673,3-Methyl-cyclo-C9ene,Cycloalkenes,Cycloalkenes,Gasoline,12,166.296,775459460139.9153,15,3179209,2,0.9166666666666666,1.0,1.0,0.0833333333333333,0.0,CoherenceRegime.SUBCOHERENT,60.1367879837077,1.3662960000000002,WallProximity.SAFE,True,0.0,0.0,0.8337205480043967,0.1779140227918064,True,,High (RON ~90-120),Excellent (>1 year)
674,Cyclo-C10ene,Cycloalkenes,Cycloalkenes,Gasoline,10,138.244,850504967129.3611,13,2659017,3,0.875,0.975,1.0,0.0999999999999999,0.0,CoherenceRegime.SUBCOHERENT,41.64810915759036,1.138244,WallProximity.CAUTION,True,0.0,0.0,0.8199678758227772,0.1619595289030552,True,,High (RON ~90-120),Excellent (>1 year)
675,1-Methyl-cyclo-C10ene,Cycloalkenes,Cycloalkenes,Gasoline,11,152.26999999999998,810387672787.6681,14,2921161,3,0.875,0.975,1.0,0.0999999999999999,0.0006783345908299,CoherenceRegime.SUBCOHERENT,50.469145564968166,1.25227,WallProximity.CAUTION,True,0.0,0.0007938567320796,0.8325714956720301,0.1703025952255766,True,,High (RON ~90-120),Excellent (>1 year)
676,2-Methyl-cyclo-C10ene,Cycloalkenes,Cycloalkenes,Gasoline,12,166.296,775459460139.9153,15,3179209,2,0.9166666666666666,1.0,1.0,0.0833333333333333,0.0,CoherenceRegime.SUBCOHERENT,60.1367879837077,1.3662960000000002,WallProximity.SAFE,True,0.0,0.0,0.8337205480043967,0.1779140227918064,True,,High (RON ~90-120),Excellent (>1 year)
677,Cyclo-C11ene,Cycloalkenes,Cycloalkenes,Gasoline,11,152.26999999999998,810387672787.6681,14,2921161,3,0.875,0.975,1.0,0.0999999999999999,0.0006783345908299,CoherenceRegime.SUBCOHERENT,50.469145564968166,1.25227,WallProximity.CAUTION,True,0.0,0.0007938567320796,0.8325714956720301,0.1703025952255766,True,,High (RON ~90-120),Excellent (>1 year)
678,1-Methyl-cyclo-C11ene,Cycloalkenes,Cycloalkenes,Gasoline,12,166.296,775459460139.9153,15,3179209,2,0.9166666666666666,1.0,1.0,0.0833333333333333,0.0,CoherenceRegime.SUBCOHERENT,60.1367879837077,1.3662960000000002,WallProximity.SAFE,True,0.0,0.0,0.8337205480043967,0.1779140227918064,True,,High (RON ~90-120),Excellent (>1 year)
