chembl_id,name,therapeutic_area,ubp_energy,ubp_nrci,ubp_crv,ubp_resonance,drug_likeness_score,molecular_weight,logp,complexity,heavy_atoms,aromatic_rings,ubp_therapeutic_potential,ubp_complexity_index,status,max_phase
FAILED_0001,Failed_Candidate_1,Cardiovascular,273844111.1362793,0.9999941541479439,22.09025960932891,0.1,0.6,524.0799426757667,6.721768859896047,1292.1400311965588,22,0,0.06,2.209025960932891,Failed Clinical Trial,1
FAILED_0002,Failed_Candidate_2,CNS/Neurology,291129544.06612027,0.9999951258710127,24.39963032890586,0.1,0.6,679.6336914598337,-0.8884429302658292,747.7061181200296,48,1,0.06,2.439963032890586,Failed Clinical Trial,2
FAILED_0003,Failed_Candidate_3,Cardiovascular,198545511.03965253,0.9999969993635488,21.73680793976092,0.1757066822610407,1.0,312.86154491547506,-1.5395213976934765,688.5353048560196,47,2,0.1757066822610407,2.173680793976092,Failed Clinical Trial,2
FAILED_0004,Failed_Candidate_4,Pain/Inflammation,254062199.9396371,0.9999951356669071,16.805043379360217,0.14175000000000001,0.3999999999999999,607.8023411095778,-1.7630955698949906,853.1482817249946,24,2,0.05669999999999999,1.6805043379360218,Failed Clinical Trial,3
FAILED_0005,Failed_Candidate_5,CNS/Neurology,247776305.24320343,0.9999967542858684,23.104286407761922,0.1,1.0,489.5952394684939,-1.3840868704756886,852.3810379952988,35,1,0.1,2.310428640776192,Failed Clinical Trial,3
FAILED_0006,Failed_Candidate_6,Cardiovascular,275088377.5805634,0.9999958132412161,18.765851867040627,0.29036168652131583,0.8,653.8408753133006,-0.9661828087220674,729.5784533877273,25,1,0.2322893492170527,1.8765851867040628,Failed Clinical Trial,3
FAILED_0007,Failed_Candidate_7,Metabolic,279618421.1189971,0.9999951233875269,20.040675350095274,0.1,0.3999999999999999,655.8144443695797,6.925510703257674,953.67359618206,18,2,0.039999999999999994,2.0040675350095274,Failed Clinical Trial,2
FAILED_0008,Failed_Candidate_8,Anti-infective,223083794.9838075,0.9999945496703725,20.124255033572506,0.1,0.6,383.0383250763584,-0.18716249511205563,1072.405348637024,31,0,0.06,2.0124255033572505,Failed Clinical Trial,3
FAILED_0009,Failed_Candidate_9,Immunology,237327993.00078046,0.9999965895828711,26.08469556618672,0.10125,0.8,376.62435993172755,6.641614461765122,939.1206271759687,42,2,0.08100000000000002,2.608469556618672,Failed Clinical Trial,2
FAILED_0010,Failed_Candidate_10,Anti-infective,285644396.78801006,0.9999953786566678,20.202330181681642,0.11933508394997273,0.8,596.5326256939684,-1.8645428293213564,1311.857406833056,22,1,0.09546806715997819,2.020233018168164,Failed Clinical Trial,1
FAILED_0011,Failed_Candidate_11,Immunology,220908088.48919454,0.9999946222882033,24.392452661866233,0.14185856599679914,0.6,358.8559969159268,-0.30730670533154614,767.9378907082255,41,0,0.08511513959807948,2.4392452661866235,Failed Clinical Trial,1
FAILED_0012,Failed_Candidate_12,Oncology,245284015.21820322,0.9999952648607198,25.526163902896528,0.21276648713312707,0.6,382.28356326269636,6.691769137059097,975.077377959968,32,1,0.12765989227987623,2.5526163902896526,Failed Clinical Trial,3
FAILED_0013,Failed_Candidate_13,CNS/Neurology,251704803.6038294,0.9999934274206506,22.08636118766846,0.1,0.3999999999999999,598.6656723825665,8.645737839069168,504.1225836358799,47,0,0.039999999999999994,2.208636118766846,Failed Clinical Trial,2
FAILED_0014,Failed_Candidate_14,Immunology,248953077.47537953,0.9999946488189436,20.661417527191574,0.16437113503739703,0.3999999999999999,575.4081842733715,6.681249639815458,582.6771908989465,28,2,0.0657484540149588,2.0661417527191572,Failed Clinical Trial,2
FAILED_0015,Failed_Candidate_15,Oncology,298645371.6149198,0.9999957625372982,31.609764173105866,0.12857288542072426,1.0,424.7017630838378,-1.1759094697044554,1498.5903899397742,39,1,0.12857288542072426,3.1609764173105868,Failed Clinical Trial,1
FAILED_0016,Failed_Candidate_16,Cardiovascular,312074899.19224465,0.9999954457502428,22.152555337849254,0.15225,0.8,678.8669190641685,-1.2288283766846209,1274.5831984995198,23,1,0.1218,2.2152555337849256,Failed Clinical Trial,1
FAILED_0017,Failed_Candidate_17,Oncology,261110753.61368263,0.9999949685192558,23.862693870426334,0.1,0.3999999999999999,555.1746356935332,8.941802657449255,760.2884754686331,33,2,0.039999999999999994,2.3862693870426335,Failed Clinical Trial,1
FAILED_0018,Failed_Candidate_18,Immunology,318659857.95091283,0.9999945157492875,28.148206316541064,0.15516400792944698,0.8,562.3213734336643,-1.8855061397144632,1491.2503958500538,29,0,0.12413120634355759,2.8148206316541065,Failed Clinical Trial,2
FAILED_0019,Failed_Candidate_19,Immunology,181847221.7299778,0.9999944097951146,20.53661785438849,0.1,0.6,288.6739952875279,6.61026940746504,649.8861747598053,24,0,0.06,2.053661785438849,Failed Clinical Trial,2
FAILED_0020,Failed_Candidate_20,Pain/Inflammation,276393614.6585897,0.999995772645365,23.369113916216307,0.1223706420025629,0.8,486.47197742515806,-0.9115474485822306,1392.9747972727853,45,2,0.09789651360205032,2.336911391621631,Failed Clinical Trial,2
FAILED_0021,Failed_Candidate_21,Oncology,232033506.06184193,0.9999951574404009,22.27348556753288,0.126,0.6,511.5174632030992,-1.4960531023036003,465.2446671314757,39,2,0.0756,2.227348556753288,Failed Clinical Trial,1
FAILED_0022,Failed_Candidate_22,Anti-infective,187969914.63312113,0.9999955600851386,17.216425650614088,0.12927808982734482,0.8,374.51184096997156,8.368373723738445,588.9361880622689,33,1,0.10342247186187586,1.721642565061409,Failed Clinical Trial,2
FAILED_0023,Failed_Candidate_23,CNS/Neurology,216096801.07085118,0.9999953620087544,19.484104893739175,0.1,0.8,491.6702068736025,7.594822691931196,478.89375238411856,31,1,0.08000000000000002,1.9484104893739176,Failed Clinical Trial,2
FAILED_0024,Failed_Candidate_24,Metabolic,275567944.6235578,0.9999947097280076,20.081755941201266,0.1566379464511079,0.6,651.9221685218453,8.432707047438841,816.5155597757735,24,0,0.09398276787066474,2.0081755941201265,Failed Clinical Trial,1
FAILED_0025,Failed_Candidate_25,Pain/Inflammation,195728893.45256853,0.9999947799279323,17.361534348880575,0.1,0.6,356.04414125888,7.950297187050956,855.5155179079892,28,0,0.06,1.7361534348880574,Failed Clinical Trial,2
FAILED_0026,Failed_Candidate_26,Pain/Inflammation,205405819.40212613,0.9999958758688556,14.749263944941509,0.23831462899336264,0.8,487.8358320309703,6.229827082235856,464.3715864563925,26,2,0.19065170319469013,1.4749263944941509,Failed Clinical Trial,2
FAILED_0027,Failed_Candidate_27,Anti-infective,340127466.36375445,0.9999949723447139,25.26625908497349,0.21485217944533297,0.6,697.9103343669019,8.167156893432265,1437.5862700644202,47,2,0.12891130766719977,2.526625908497349,Failed Clinical Trial,1
FAILED_0028,Failed_Candidate_28,Metabolic,316157994.76279676,0.9999951017694386,25.847806963350337,0.1,0.8,674.3097127101557,-0.6884724770748147,1165.6836452358039,42,0,0.08000000000000002,2.5847806963350335,Failed Clinical Trial,2
FAILED_0029,Failed_Candidate_29,Metabolic,205808521.7360079,0.9999950269160551,23.069974056868837,0.17031868590741364,0.6,323.3121456695602,7.833472514477972,692.7311417413291,49,1,0.10219121154444819,2.3069974056868836,Failed Clinical Trial,2
FAILED_0030,Failed_Candidate_30,Immunology,282529768.7776494,0.9999939599749681,26.13760690727493,0.1,0.6,472.68473792166213,8.644679686533937,1400.013906637389,23,0,0.06,2.613760690727493,Failed Clinical Trial,1
FAILED_0031,Failed_Candidate_31,Cardiovascular,280052259.956932,0.9999952768227104,22.53039757127633,0.1,0.6,614.0442371293802,-0.7492773956661798,968.4318275726388,38,1,0.06,2.253039757127633,Failed Clinical Trial,1
FAILED_0032,Failed_Candidate_32,Cardiovascular,218786353.3010476,0.999995370608887,19.39747522594889,0.1,0.8,503.7312127818614,-0.1397176226599619,483.67160383468524,42,1,0.08000000000000002,1.9397475225948893,Failed Clinical Trial,1
FAILED_0033,Failed_Candidate_33,Oncology,272758310.7114088,0.9999938032180775,30.825973441652412,0.1,0.6,335.1643127072098,8.473671620560799,1487.1010680602274,36,0,0.06,3.082597344165241,Failed Clinical Trial,2
FAILED_0034,Failed_Candidate_34,Immunology,218132380.35164943,0.9999965643207301,22.51701923077827,0.1,1.0,326.80830263979465,-0.01349460231811106,1053.1551499360369,18,1,0.1,2.2517019230778272,Failed Clinical Trial,1
FAILED_0035,Failed_Candidate_35,Oncology,284786578.5358896,0.9999957962444685,29.438617044197517,0.12031469124785399,0.8,427.7148302059493,8.543970046714321,1379.8641841788194,34,2,0.0962517529982832,2.943861704419752,Failed Clinical Trial,2
FAILED_0036,Failed_Candidate_36,CNS/Neurology,286264629.83521163,0.9999933668687442,25.17115127463486,0.11270469551368047,0.3999999999999999,516.4543664108787,-1.3848601334337884,1329.5173643696899,26,0,0.04508187820547218,2.517115127463486,Failed Clinical Trial,1
FAILED_0037,Failed_Candidate_37,Oncology,318354591.6812638,0.9999944146575791,33.164107827343834,0.1,0.6,503.9248061665103,-0.6416833658931465,1447.412456064848,48,1,0.06,3.3164107827343834,Failed Clinical Trial,3
FAILED_0038,Failed_Candidate_38,Cardiovascular,261637475.22440556,0.9999945491471379,18.904233661693198,0.1,0.3999999999999999,688.5187065067128,7.730041331546454,527.3039654670054,36,2,0.039999999999999994,1.8904233661693197,Failed Clinical Trial,2
FAILED_0039,Failed_Candidate_39,Cardiovascular,235937657.91480416,0.999994359602462,19.756780305842813,0.1207062990061934,0.6,536.8507512174483,-0.8179204939577123,622.0013677296365,37,0,0.07242377940371604,1.9756780305842814,Failed Clinical Trial,2
FAILED_0040,Failed_Candidate_40,Metabolic,270699882.0608327,0.9999945493099164,22.426000437458445,0.10332896664377539,0.6,626.4196224599783,-0.02488536875922942,727.3943979882572,43,0,0.06199737998626523,2.2426000437458447,Failed Clinical Trial,1
FAILED_0041,Failed_Candidate_41,Immunology,341631058.954734,0.9999936389540007,25.87029423322518,0.18466220110511827,0.3999999999999999,693.971728360884,6.2056111934673766,1478.3588885008644,19,1,0.0738648804420473,2.587029423322518,Failed Clinical Trial,2
FAILED_0042,Failed_Candidate_42,Oncology,216145841.35888052,0.9999947058145612,20.715049407856554,0.1,0.8,485.8668909691272,-0.49400577683631464,414.3414228271037,32,0,0.08000000000000002,2.0715049407856556,Failed Clinical Trial,3
FAILED_0043,Failed_Candidate_43,CNS/Neurology,269536718.19523275,0.9999950597939625,24.911483948893377,0.1,0.8,416.86180879957254,-1.5649690114784542,1489.003354186748,19,1,0.08000000000000002,2.4911483948893376,Failed Clinical Trial,3
FAILED_0044,Failed_Candidate_44,CNS/Neurology,224883705.00298268,0.9999964958989708,25.30527483767789,0.19575,0.8,298.3380373412552,6.6257945583405755,991.1672384962044,41,2,0.15660000000000002,2.5305274837677887,Failed Clinical Trial,2
FAILED_0045,Failed_Candidate_45,Anti-infective,261252062.7689673,0.9999948777365034,19.411863683214502,0.13139543103996573,0.8,504.8092722107538,-0.24212752146055672,1290.1463869855093,18,0,0.10511634483197259,1.9411863683214503,Failed Clinical Trial,2
FAILED_0046,Failed_Candidate_46,Anti-infective,180961070.33068788,0.999996439869883,18.208397335485653,0.1,1.0,316.6287312099628,-1.870568382989518,677.7054905125964,36,1,0.1,1.8208397335485653,Failed Clinical Trial,2
FAILED_0047,Failed_Candidate_47,CNS/Neurology,266671115.67995122,0.9999962797360893,26.974564916846706,0.1787650081663499,1.0,409.72907056024394,-0.0064007306234874495,1211.2577281960366,40,1,0.1787650081663499,2.6974564916846706,Failed Clinical Trial,1
FAILED_0048,Failed_Candidate_48,Cardiovascular,191104494.85468143,0.9999970330544766,17.718967527509516,0.1125,1.0,358.87675868815097,-0.3731374764041948,707.2524870144407,19,2,0.1125,1.7718967527509517,Failed Clinical Trial,3
FAILED_0049,Failed_Candidate_49,CNS/Neurology,322210137.18886435,0.9999937460063493,28.513503915411018,0.1,0.3999999999999999,602.4338074105254,6.79027535017039,1418.8853615600738,39,1,0.039999999999999994,2.851350391541102,Failed Clinical Trial,3
FAILED_0050,Failed_Candidate_50,Oncology,270463363.2616923,0.9999965193595778,29.643122058370654,0.22431521920345115,1.0,334.35270308763097,-0.8608402567461284,1378.1335679054869,35,2,0.22431521920345115,2.9643122058370652,Failed Clinical Trial,3
FAILED_0051,Failed_Candidate_51,Pain/Inflammation,144003934.24173924,0.9999948373496199,14.414578359679586,0.1,0.8,258.89641174864295,7.280694510761758,487.4164555098507,22,0,0.08000000000000002,1.4414578359679586,Failed Clinical Trial,2
FAILED_0052,Failed_Candidate_52,Metabolic,246583630.72918627,0.999995913915656,18.89967651429565,0.15424141008803527,0.8,552.5356440552702,-1.9639039980150863,785.5086977591236,18,1,0.12339312807042822,1.889967651429565,Failed Clinical Trial,1
FAILED_0053,Failed_Candidate_53,Anti-infective,235639141.74806264,0.999994583296333,17.713478526173123,0.1,0.6,547.4389068322241,6.114840479150944,746.2757404919571,29,0,0.06,1.7713478526173123,Failed Clinical Trial,1
FAILED_0054,Failed_Candidate_54,Metabolic,278408547.7160322,0.9999944244211147,26.52051961733809,0.1,0.6,439.4575714607321,8.956097455252877,1441.9882696090963,34,1,0.06,2.6520519617338087,Failed Clinical Trial,1
FAILED_0055,Failed_Candidate_55,Pain/Inflammation,215921073.4562741,0.9999946101074103,15.782257648976794,0.11666666666666667,0.6,550.387702338181,7.601248399726752,461.1707834661665,35,1,0.06999999999999999,1.5782257648976794,Failed Clinical Trial,2
FAILED_0056,Failed_Candidate_56,Anti-infective,245196626.13877106,0.9999960002483878,22.539047847128856,0.18906003946388816,0.8,373.71705244271993,-1.0876219261781561,1266.5286734969359,38,2,0.15124803157111055,2.2539047847128857,Failed Clinical Trial,3
FAILED_0057,Failed_Candidate_57,CNS/Neurology,293851627.5177565,0.9999952839355184,23.50425792651683,0.1,0.6,594.0455962205092,6.444313309723023,1264.480267571782,20,2,0.06,2.350425792651683,Failed Clinical Trial,2
FAILED_0058,Failed_Candidate_58,Metabolic,221281443.47298455,0.9999958977903651,21.55719705386492,0.1407059275920266,0.8,351.502578800857,-0.20787293163135812,1023.4497971760056,24,1,0.11256474207362129,2.155719705386492,Failed Clinical Trial,1
FAILED_0059,Failed_Candidate_59,Metabolic,210829726.14208797,0.999995093575169,19.506274342127718,0.1689874792277298,0.8,417.04723886739316,6.5786041622455915,629.76398276073,29,0,0.13518998338218385,1.9506274342127718,Failed Clinical Trial,1
FAILED_0060,Failed_Candidate_60,Immunology,263983411.13067028,0.999995071969961,21.30651960016463,0.12361450775327368,0.6,677.0153573196783,-1.1888543684504411,417.7610893803841,41,2,0.0741687046519642,2.130651960016463,Failed Clinical Trial,2
FAILED_0061,Failed_Candidate_61,CNS/Neurology,214098471.17814007,0.9999971899842013,23.473259605983536,0.39325605518899387,1.0,270.3708095448859,-1.303502164029494,794.4356673789921,40,2,0.39325605518899387,2.3473259605983534,Failed Clinical Trial,2
FAILED_0062,Failed_Candidate_62,Immunology,344075395.82803637,0.9999950811671401,28.903637860048057,0.12074999999999998,0.8,672.8784880059676,-0.6851498995939758,1477.129366622322,33,1,0.09659999999999999,2.890363786004806,Failed Clinical Trial,2
FAILED_0063,Failed_Candidate_63,Pain/Inflammation,304419445.4023578,0.9999941210525296,20.91425035823998,0.1,0.6,672.0831757363061,6.365319788136031,1310.526372495446,33,0,0.06,2.091425035823998,Failed Clinical Trial,2
FAILED_0064,Failed_Candidate_64,Pain/Inflammation,244616874.2182386,0.9999958798021472,17.33989394161368,0.14175000000000001,0.8,641.8241692937967,-0.31275694317686753,466.5567484514486,48,2,0.11340000000000001,1.7339893941613682,Failed Clinical Trial,2
FAILED_0065,Failed_Candidate_65,Cardiovascular,222062715.16162708,0.999994516050618,21.45462271861115,0.13323118280121504,0.6,426.73805640965145,-1.5468250549801617,708.9170099256505,44,0,0.07993870968072903,2.145462271861115,Failed Clinical Trial,2
FAILED_0066,Failed_Candidate_66,Immunology,326236391.187569,0.9999948009219579,29.095390210632768,0.13533333333333333,0.6,641.2201359196911,6.263415988248092,1232.821134514752,44,1,0.0812,2.909539021063277,Failed Clinical Trial,2
FAILED_0067,Failed_Candidate_67,Anti-infective,204709437.09744042,0.9999962335564186,17.46483008512085,0.1,1.0,391.75334262982886,-0.1716985424031825,863.0868992001388,22,0,0.1,1.7464830085120848,Failed Clinical Trial,2
FAILED_0068,Failed_Candidate_68,Oncology,300856347.4760243,0.9999964435615221,23.850309921476455,0.3833116637018793,0.8,647.1570722811514,-0.44376164899523896,779.7564011044817,32,2,0.3066493309615035,2.3850309921476454,Failed Clinical Trial,2
FAILED_0069,Failed_Candidate_69,Immunology,275439006.9390825,0.9999951987384428,23.906257561472696,0.1,0.6,562.2388365510747,6.134466137811935,1011.811976248529,27,1,0.06,2.3906257561472697,Failed Clinical Trial,2
FAILED_0070,Failed_Candidate_70,Immunology,219007124.35581943,0.9999956727329572,20.2924475327998,0.2542518060309458,0.6,390.3373412566242,7.592756933463496,751.5183095321767,18,2,0.15255108361856748,2.02924475327998,Failed Clinical Trial,2
FAILED_0071,Failed_Candidate_71,Pain/Inflammation,239228174.87466717,0.9999946949901369,14.893196631974245,0.14718340787302994,0.6,647.6425248048645,7.98272252262167,508.32785380618895,25,1,0.08831004472381797,1.4893196631974246,Failed Clinical Trial,2
FAILED_0072,Failed_Candidate_72,Immunology,316374829.5220851,0.9999942276347605,29.058619071436585,0.11778261706044166,0.6,599.7070751212286,-1.7925592999597464,1251.3140219789186,43,0,0.070669570236265,2.9058619071436587,Failed Clinical Trial,3
FAILED_0073,Failed_Candidate_73,Pain/Inflammation,227094764.72690505,0.99999617252991,19.12795184338732,0.19575,0.8,369.40452147043635,8.633759511018571,1170.8167166825224,27,2,0.15660000000000002,1.9127951843387319,Failed Clinical Trial,2
FAILED_0074,Failed_Candidate_74,Pain/Inflammation,214422360.91409022,0.9999958527320338,19.404454369003812,0.18861215522677574,0.8,273.27759942318005,8.027642666988317,1348.4822034519095,22,2,0.1508897241814206,1.9404454369003812,Failed Clinical Trial,3
FAILED_0075,Failed_Candidate_75,Immunology,251306996.55388764,0.9999941405137224,29.284967063610313,0.1,0.6,307.5811573241273,6.700530516487904,1299.714598716655,42,0,0.06,2.9284967063610314,Failed Clinical Trial,2
FAILED_0076,Failed_Candidate_76,Metabolic,233250760.0895321,0.9999958518913282,23.569476977653746,0.18010641147570852,0.6,376.2910875637081,-0.11240076360124718,948.9492621399744,39,2,0.10806384688542511,2.3569476977653747,Failed Clinical Trial,2
FAILED_0077,Failed_Candidate_77,Cardiovascular,191656607.99456915,0.9999961035933344,18.667327763285986,0.10125,0.8,374.1252142284928,7.348342004019687,590.8851857440648,31,2,0.08100000000000002,1.8667327763285986,Failed Clinical Trial,3
FAILED_0078,Failed_Candidate_78,Immunology,261376565.10387012,0.9999959257202045,22.17299080075576,0.16200000000000003,0.6,535.0060309108778,-1.6317354680254983,907.9332197712472,22,2,0.09720000000000002,2.217299080075576,Failed Clinical Trial,2
FAILED_0079,Failed_Candidate_79,Metabolic,230053064.06454057,0.9999951311133995,25.950236094595766,0.11666666666666667,0.6,319.1283126062207,-1.0235723841436646,1049.3814447233567,48,1,0.06999999999999999,2.5950236094595764,Failed Clinical Trial,1
FAILED_0080,Failed_Candidate_80,CNS/Neurology,210886341.82865757,0.9999951403191621,21.989468145668795,0.10993470279204293,0.8,387.30824809224043,7.24404988453634,655.7328678343956,38,0,0.08794776223363435,2.1989468145668796,Failed Clinical Trial,2
FAILED_0081,Failed_Candidate_81,Oncology,299932314.34280705,0.9999952885955155,26.564696679891536,0.10733333333333332,0.6,661.133824328538,8.007463994510852,838.1086196465316,44,1,0.06439999999999999,2.6564696679891537,Failed Clinical Trial,3
FAILED_0082,Failed_Candidate_82,Anti-infective,238930961.96883243,0.9999952145871878,16.45165658068206,0.10383674362356203,0.8,591.888140987861,-0.38853750577272295,696.9928820790258,22,0,0.08306939489884962,1.645165658068206,Failed Clinical Trial,3
FAILED_0083,Failed_Candidate_83,CNS/Neurology,320138268.3602127,0.9999937206530733,25.597213553928277,0.1,0.19999999999999996,659.4343151091657,7.083770863926041,1332.970514834411,28,2,0.019999999999999997,2.5597213553928277,Failed Clinical Trial,1
FAILED_0084,Failed_Candidate_84,Oncology,228998103.11622757,0.9999973649123102,23.8703061777641,0.1125,1.0,383.65275898598577,-1.5640906117590803,891.6179500622774,27,2,0.1125,2.38703061777641,Failed Clinical Trial,2
FAILED_0085,Failed_Candidate_85,Anti-infective,247168319.8990171,0.9999970669868571,20.441409667136174,0.1508476517940554,1.0,468.4585314842336,-1.5139664334715344,1073.8961905467932,33,2,0.1508476517940554,2.0441409667136172,Failed Clinical Trial,2
FAILED_0086,Failed_Candidate_86,Anti-infective,187713400.10432404,0.9999957597417533,17.02906026852975,0.20148237110636918,1.0,354.52032482845664,-0.9370070228175036,599.8565295465266,31,0,0.20148237110636918,1.702906026852975,Failed Clinical Trial,2
FAILED_0087,Failed_Candidate_87,CNS/Neurology,312481740.30405074,0.9999960372351272,23.176300662154194,0.14175000000000001,0.8,673.0400814337052,-1.7049788745481558,1245.980484895545,19,2,0.11340000000000001,2.3176300662154192,Failed Clinical Trial,2
FAILED_0088,Failed_Candidate_88,Anti-infective,315238365.0763394,0.999994522876823,22.18921191398213,0.15800954325482108,0.3999999999999999,687.7062399470346,8.084027916439005,1287.2906539232786,35,2,0.06320381730192842,2.218921191398213,Failed Clinical Trial,1
FAILED_0089,Failed_Candidate_89,Anti-infective,235334133.6332359,0.9999959235955859,21.816073334780206,0.16739624533638608,0.8,404.24472205512905,-0.29969460708208095,1009.1135634179595,45,1,0.13391699626910888,2.181607333478021,Failed Clinical Trial,1
FAILED_0090,Failed_Candidate_90,Cardiovascular,253717626.40969354,0.9999950925522819,20.56448969124647,0.1,0.6,583.3775491410415,-0.5034789352929181,729.1957121760411,37,1,0.06,2.0564489691246473,Failed Clinical Trial,3
FAILED_0091,Failed_Candidate_91,Anti-infective,214520894.20822024,0.9999957880757345,17.17514554446665,0.1,0.6,449.38953843835503,7.06490431537423,815.597630240434,22,2,0.06,1.7175145544466648,Failed Clinical Trial,2
FAILED_0092,Failed_Candidate_92,Immunology,254929300.09208816,0.999995645626438,21.378586969876054,0.16214269588606012,0.6,557.0101444978452,-0.4359158071739089,736.4591321441347,25,2,0.09728561753163607,2.1378586969876054,Failed Clinical Trial,2
FAILED_0093,Failed_Candidate_93,Immunology,236890533.9786854,0.9999953361432442,27.10074230043453,0.1,0.8,272.6741406630868,-1.0668711173177163,1335.4759754380957,30,1,0.08000000000000002,2.710074230043453,Failed Clinical Trial,1
FAILED_0094,Failed_Candidate_94,CNS/Neurology,250523902.41446227,0.9999953812259449,24.09836065391255,0.13533333333333333,0.6,463.23568786156136,-1.7608095955591796,910.430030665767,38,1,0.0812,2.409836065391255,Failed Clinical Trial,2
FAILED_0095,Failed_Candidate_95,Pain/Inflammation,277905228.2712388,0.999995911841859,21.05673012197853,0.23054555054039588,0.8,583.0752554617236,-1.4986641010605248,1015.6434116689624,47,1,0.18443644043231672,2.105673012197853,Failed Clinical Trial,2
FAILED_0096,Failed_Candidate_96,Metabolic,236311810.9501731,0.9999955762086812,22.69447117396201,0.1,0.8,435.6577241893169,7.472876571112717,902.1062882304368,36,0,0.08000000000000002,2.269447117396201,Failed Clinical Trial,1
FAILED_0097,Failed_Candidate_97,Cardiovascular,269251457.78613216,0.9999956691316727,23.912161446892163,0.15225,0.8,491.05618963863344,-0.7914218214170392,1150.4824040701146,38,1,0.1218,2.391216144689216,Failed Clinical Trial,1
FAILED_0098,Failed_Candidate_98,Metabolic,247796488.1635562,0.999996901403893,21.48054143697658,0.19364226337492368,1.0,422.781113124904,-1.7124852841407356,1165.886726157197,18,2,0.19364226337492368,2.148054143697658,Failed Clinical Trial,2
FAILED_0099,Failed_Candidate_99,Oncology,260400388.58499414,0.9999955273637687,21.890001383622124,0.11806295538643428,0.8,620.3166275899071,-1.1201439476964494,570.7576492803432,31,1,0.09445036430914744,2.1890001383622124,Failed Clinical Trial,2
FAILED_0100,Failed_Candidate_100,Oncology,308911207.52135086,0.9999950891908537,24.36628696129937,0.1,0.6,687.0433116114509,8.525272729532695,1072.6717479570455,22,1,0.06,2.436628696129937,Failed Clinical Trial,3
FAILED_0101,Failed_Candidate_101,Anti-infective,228804419.35209087,0.9999949170589445,17.482876246897007,0.1,0.3999999999999999,524.6414667206773,7.151963060408415,731.6994135776571,28,2,0.039999999999999994,1.7482876246897008,Failed Clinical Trial,2
FAILED_0102,Failed_Candidate_102,CNS/Neurology,244992143.21754083,0.9999961023166885,25.101932677283404,0.1125,1.0,407.5358474786902,-1.7784581964691983,1009.8240620243887,39,0,0.1125,2.5101932677283405,Failed Clinical Trial,3
FAILED_0103,Failed_Candidate_103,Immunology,243925994.50638005,0.9999953208053389,29.88697349102399,0.1,0.8,256.12693546616663,8.365046684331645,1343.9970339607266,43,1,0.08000000000000002,2.988697349102399,Failed Clinical Trial,1
FAILED_0104,Failed_Candidate_104,Oncology,293075669.76247394,0.9999947158589788,26.537597663179607,0.1,0.6,603.0020829472085,-0.17773859521750457,980.0783451071987,37,0,0.06,2.6537597663179606,Failed Clinical Trial,2
FAILED_0105,Failed_Candidate_105,Immunology,253386902.06866172,0.9999953723256747,24.339026600012122,0.1,0.6,486.9275782896933,7.412690173660376,884.6253748162516,35,1,0.06,2.433902660001212,Failed Clinical Trial,3
FAILED_0106,Failed_Candidate_106,Cardiovascular,201392715.69503266,0.9999965620402232,19.82417227912621,0.23622664250552658,0.8,282.3159086596423,6.35316938356176,954.4220982304339,22,2,0.18898131400442128,1.9824172279126209,Failed Clinical Trial,1
FAILED_0107,Failed_Candidate_107,Pain/Inflammation,191623383.44978133,0.9999959378266841,16.37958550773443,0.12825,0.8,423.7975469880945,8.316703761683938,498.7926022478155,38,2,0.10260000000000001,1.6379585507734429,Failed Clinical Trial,2
FAILED_0108,Failed_Candidate_108,Immunology,239910841.55161867,0.9999956808263514,24.236133586628604,0.1,0.8,479.5665171655255,-1.3954644269726335,656.0146396305322,46,1,0.08000000000000002,2.4236133586628603,Failed Clinical Trial,3
FAILED_0109,Failed_Candidate_109,Immunology,283491695.9988146,0.999995593255853,25.21233062810448,0.15919403853156558,0.6,625.9430715241944,6.785097836340236,707.3643627494739,49,2,0.09551642311893935,2.521233062810448,Failed Clinical Trial,2
FAILED_0110,Failed_Candidate_110,Pain/Inflammation,244159939.572853,0.9999939820987133,14.319979258621258,0.1,0.3999999999999999,690.3134280846843,-1.6326742511119907,512.2770629160102,20,1,0.039999999999999994,1.4319979258621258,Failed Clinical Trial,3
FAILED_0111,Failed_Candidate_111,CNS/Neurology,212083985.33163193,0.999995889455909,21.321921196549585,0.1,1.0,402.5440695295317,-0.2697412087431581,671.9199494423042,33,0,0.1,2.1321921196549587,Failed Clinical Trial,2
FAILED_0112,Failed_Candidate_112,Immunology,298491178.5805995,0.9999945427629487,25.532836222548234,0.11666666666666667,0.6,552.515113769872,-0.12185244997780642,1376.2428062873696,21,1,0.06999999999999999,2.553283622254823,Failed Clinical Trial,2
FAILED_0113,Failed_Candidate_113,Immunology,314715907.6240237,0.9999946119079137,25.65955995222544,0.1,0.6,633.8034930450458,6.553943460816118,1337.8289368748544,23,1,0.06,2.565955995222544,Failed Clinical Trial,2
FAILED_0114,Failed_Candidate_114,Immunology,217384239.95724165,0.9999973288287578,24.5878312434391,0.1725,1.0,309.61389547984203,-0.2651222855668127,871.5715320804786,37,2,0.1725,2.45878312434391,Failed Clinical Trial,1
FAILED_0115,Failed_Candidate_115,Metabolic,281060256.83892006,0.9999955898366889,26.818122776055592,0.17637437052246235,0.8,479.07552037753936,-0.5877881201105823,1194.535172847599,46,1,0.1410994964179699,2.6818122776055593,Failed Clinical Trial,2
FAILED_0116,Failed_Candidate_116,Pain/Inflammation,203131795.83240914,0.9999965820848318,18.45437111823848,0.15525,0.8,355.2343182334825,-0.6040566342461673,856.7137953929539,36,2,0.1242,1.845437111823848,Failed Clinical Trial,1
FAILED_0117,Failed_Candidate_117,Cardiovascular,288354657.8201146,0.9999944708288789,22.96643953474625,0.13087327512810237,0.6,602.6605936626452,-0.9257284277246072,1116.2061783916215,34,0,0.07852396507686142,2.296643953474625,Failed Clinical Trial,2
FAILED_0118,Failed_Candidate_118,Oncology,280202844.81368595,0.9999956097034023,29.46282443970663,0.10200000000000001,0.6,476.57399393689343,-1.6019127049498472,1083.4981098594067,47,2,0.061200000000000004,2.946282443970663,Failed Clinical Trial,1
FAILED_0119,Failed_Candidate_119,Pain/Inflammation,256418707.34162647,0.9999939048669891,18.653456452632927,0.1,0.19999999999999996,582.5265695508995,8.792624830481865,930.6294505314886,34,1,0.019999999999999997,1.8653456452632926,Failed Clinical Trial,1
FAILED_0120,Failed_Candidate_120,Cardiovascular,223121621.7036428,0.9999956224606324,22.70552656516235,0.1,1.0,297.055764508755,-0.6792321877648104,1276.410759763687,26,0,0.1,2.270552656516235,Failed Clinical Trial,3
FAILED_0121,Failed_Candidate_121,Immunology,256727308.12054098,0.9999961821032771,26.041985476984653,0.10413851366361834,1.0,483.51067438604923,-0.7829508036823898,834.5018206241796,47,0,0.10413851366361834,2.6041985476984655,Failed Clinical Trial,3
FAILED_0122,Failed_Candidate_122,Anti-infective,283560230.86382025,0.9999946036784412,24.26892610539308,0.1,0.8,498.3451563683269,6.5530773731861895,1442.4008660132035,41,0,0.08000000000000002,2.426892610539308,Failed Clinical Trial,2
FAILED_0123,Failed_Candidate_123,CNS/Neurology,267608924.29097682,0.9999942679160467,19.591511264419186,0.1,0.6,693.8202445653603,-0.8936137268101032,571.0644703962186,27,0,0.06,1.9591511264419186,Failed Clinical Trial,3
FAILED_0124,Failed_Candidate_124,Anti-infective,251444291.01714265,0.9999951413638065,20.993902209619844,0.1,0.3999999999999999,538.9778157404419,6.359703319669978,856.3132257986182,47,2,0.039999999999999994,2.0993902209619844,Failed Clinical Trial,1
FAILED_0125,Failed_Candidate_125,Metabolic,221349726.7598668,0.9999967726033453,21.619577432558607,0.1,1.0,380.44497178706257,-0.697259324545229,937.4425859454631,28,1,0.1,2.1619577432558605,Failed Clinical Trial,2
FAILED_0126,Failed_Candidate_126,Oncology,233345573.800172,0.9999953166893021,22.19495320794867,0.1,0.8,463.0351721169337,8.759441977484698,753.71627890182,24,0,0.08000000000000002,2.2194953207948673,Failed Clinical Trial,3
FAILED_0127,Failed_Candidate_127,Cardiovascular,320531245.5854678,0.999995157094837,25.679094308446455,0.10200000000000001,0.6,658.8414568859965,-1.252508680717667,1334.9473127852539,40,2,0.061200000000000004,2.5679094308446455,Failed Clinical Trial,2
FAILED_0128,Failed_Candidate_128,Cardiovascular,173391901.86841652,0.9999959900244553,18.212736777897224,0.27360444704283693,0.8,269.127076104769,6.99707901732219,527.7913640384766,31,2,0.21888355763426956,1.8212736777897223,Failed Clinical Trial,1
FAILED_0129,Failed_Candidate_129,Anti-infective,227151465.7549526,0.9999948421973033,16.947690561362055,0.14676372861929105,0.3999999999999999,522.5006483662894,6.586727536502616,690.109612914612,26,2,0.058705491447716404,1.6947690561362054,Failed Clinical Trial,1
FAILED_0130,Failed_Candidate_130,Cardiovascular,226715055.812536,0.9999947507216221,18.295582937516897,0.126,0.6,537.0019592857387,-1.7311053828597236,539.2897900786809,31,1,0.0756,1.8295582937516897,Failed Clinical Trial,1
FAILED_0131,Failed_Candidate_131,Anti-infective,239696431.8956004,0.9999947091415856,16.61280503804586,0.12075,0.3999999999999999,605.5228424762968,6.476004199377669,616.189769771002,27,2,0.04829999999999999,1.661280503804586,Failed Clinical Trial,3
FAILED_0132,Failed_Candidate_132,Oncology,255539201.0392221,0.9999937255145129,20.99742869117478,0.1,0.3999999999999999,597.1429622791684,6.596314872650639,669.7302849554708,21,0,0.039999999999999994,2.099742869117478,Failed Clinical Trial,2
FAILED_0133,Failed_Candidate_133,Oncology,219730691.7698861,0.999994468466196,25.7351175292962,0.1,0.6,267.51505153242977,6.985108255191202,1117.518780047995,27,0,0.06,2.57351175292962,Failed Clinical Trial,2
FAILED_0134,Failed_Candidate_134,Immunology,320541504.71993655,0.9999950525602377,29.909001647523407,0.13394778469779822,0.8,547.2479988020283,-1.3403315508486582,1493.0220902217116,37,1,0.10715822775823858,2.9909001647523406,Failed Clinical Trial,2
FAILED_0135,Failed_Candidate_135,Metabolic,227019037.6854825,0.9999950987496065,19.169460271648067,0.23215632082065435,0.6,453.4795565815772,8.705567116655224,732.6386702278072,22,1,0.1392937924923926,1.9169460271648067,Failed Clinical Trial,2
FAILED_0136,Failed_Candidate_136,CNS/Neurology,255911052.1912688,0.9999946121552512,24.751378995247283,0.10406920021357424,0.8,370.2635173850672,6.704344812610206,1437.6915271176786,20,0,0.0832553601708594,2.475137899524728,Failed Clinical Trial,1
FAILED_0137,Failed_Candidate_137,Cardiovascular,261683169.90096453,0.9999950473766069,25.58812070371693,0.10527803973127195,0.6,390.4783867591032,8.016359208072448,1395.9018850321067,37,2,0.06316682383876317,2.558812070371693,Failed Clinical Trial,1
FAILED_0138,Failed_Candidate_138,Cardiovascular,199141214.63919115,0.9999964903598715,22.8388496408386,0.18999605150215892,0.8,268.2745367891437,8.421209480101083,805.7554841325059,48,2,0.15199684120172716,2.28388496408386,Failed Clinical Trial,1
FAILED_0139,Failed_Candidate_139,Cardiovascular,280637565.44326293,0.999994793921947,25.990781536432433,0.10274452026185207,0.6,501.4864671168666,-0.7661871817090804,1236.7100294436405,46,1,0.06164671215711124,2.5990781536432435,Failed Clinical Trial,1
FAILED_0140,Failed_Candidate_140,Oncology,208601136.72149718,0.9999947448703713,20.605317648237925,0.24771145482524484,0.6,388.4886191378639,8.60485488949473,536.0390951677446,25,1,0.1486268728951469,2.0605317648237924,Failed Clinical Trial,2
FAILED_0141,Failed_Candidate_141,CNS/Neurology,249514599.46183813,0.9999964400859402,24.165630457317686,0.1,1.0,421.4476085120838,-0.2518203948876405,1122.174477689623,29,1,0.1,2.4165630457317686,Failed Clinical Trial,2
FAILED_0142,Failed_Candidate_142,Metabolic,216407508.0512804,0.9999948635226116,22.2503841277999,0.18711346592085393,0.6,268.65961983258353,-1.4585709967116889,1198.042993575264,21,1,0.11226807955251235,2.2250384127799903,Failed Clinical Trial,2
FAILED_0143,Failed_Candidate_143,Pain/Inflammation,224853749.88819557,0.9999948613624242,22.8802508826403,0.1,0.8,296.79719446915567,7.449089802370699,1299.243097713093,46,0,0.08000000000000002,2.28802508826403,Failed Clinical Trial,3
FAILED_0144,Failed_Candidate_144,Cardiovascular,239533845.52655038,0.9999952254627195,17.75903221906633,0.10603532955722518,0.6,614.6921375214849,8.124769534485887,503.0348441249233,29,2,0.06362119773433511,1.775903221906633,Failed Clinical Trial,1
FAILED_0145,Failed_Candidate_145,Pain/Inflammation,276075713.45444363,0.9999953703587563,20.16412153461537,0.27516683820482934,0.8,512.3658949502026,-0.14765779523910894,1316.467357667001,28,1,0.22013347056386348,2.0164121534615367,Failed Clinical Trial,2
FAILED_0146,Failed_Candidate_146,Oncology,257941241.92639768,0.9999956406682784,24.480284248308685,0.1,0.8,558.7909028716019,-1.5030939096620926,633.704599064948,43,1,0.08000000000000002,2.4480284248308686,Failed Clinical Trial,2
FAILED_0147,Failed_Candidate_147,Oncology,194207154.18345273,0.9999961408197682,22.692003669514655,0.23219919572208356,1.0,301.52889865878706,-1.114290049182628,511.5665378544165,39,1,0.23219919572208356,2.2692003669514653,Failed Clinical Trial,3
FAILED_0148,Failed_Candidate_148,Cardiovascular,214005422.235425,0.9999959100673913,21.104711128942043,0.1,1.0,411.94305666994325,-0.9813134794966889,683.3707729106222,43,0,0.1,2.110471112894204,Failed Clinical Trial,2
FAILED_0149,Failed_Candidate_149,Pain/Inflammation,234017167.77720967,0.999996304841748,17.948912261650964,0.10125,0.8,460.1680201848718,6.662356633517086,1097.3101400605633,22,2,0.08100000000000002,1.7948912261650964,Failed Clinical Trial,2
FAILED_0150,Failed_Candidate_150,Metabolic,210273555.97885457,0.9999960495324455,22.646140282183516,0.1,0.8,315.2580302778033,-0.18696835455273275,939.1486414255049,34,1,0.08000000000000002,2.2646140282183516,Failed Clinical Trial,3
FAILED_0151,Failed_Candidate_151,Anti-infective,282799611.0524683,0.9999949057617925,19.21610488747359,0.13125,0.3999999999999999,648.3795812330118,7.749892599082839,1074.5767819957748,25,2,0.05249999999999999,1.921610488747359,Failed Clinical Trial,3
FAILED_0152,Failed_Candidate_152,Oncology,314068460.58420163,0.9999949667780218,29.07373650888016,0.13896505386202138,0.6,542.6721682274331,-0.683926386514593,1440.6788767905512,30,2,0.08337903231721282,2.907373650888016,Failed Clinical Trial,2
FAILED_0153,Failed_Candidate_153,Cardiovascular,313474630.2344484,0.9999954123188636,23.002695965879198,0.1,0.8,681.2620972048387,-1.8628990030985255,1293.1561869547882,27,1,0.08000000000000002,2.3002695965879196,Failed Clinical Trial,1
FAILED_0154,Failed_Candidate_154,CNS/Neurology,278784980.6985315,0.9999945445703834,22.07056672501731,0.17112863985340795,0.6,649.5403910693112,-1.4399669997810867,724.7613240762107,35,0,0.10267718391204476,2.2070566725017313,Failed Clinical Trial,2
FAILED_0155,Failed_Candidate_155,Immunology,266051533.51960748,0.9999935346630816,19.54822555368494,0.100889251749341,0.3999999999999999,689.1099060210495,7.3579019778066055,563.701711958681,22,0,0.040355700699736395,1.954822555368494,Failed Clinical Trial,1
FAILED_0156,Failed_Candidate_156,CNS/Neurology,210589957.19985348,0.9999957276950654,24.62644903692543,0.126,0.6,260.3384055274612,-0.5575502269038253,1017.9471858977248,36,2,0.0756,2.462644903692543,Failed Clinical Trial,2
FAILED_0157,Failed_Candidate_157,Anti-infective,296766032.76648694,0.9999948042878773,23.747491167881048,0.13533333333333333,0.6,600.4539598672313,7.388307879884335,1230.951179303544,47,1,0.0812,2.374749116788105,Failed Clinical Trial,3
FAILED_0158,Failed_Candidate_158,CNS/Neurology,187655673.4751428,0.9999950358096805,20.88528323949235,0.1,0.8,319.5640207620544,7.284120333201182,597.6720447129782,34,0,0.08000000000000002,2.0885283239492347,Failed Clinical Trial,1
FAILED_0159,Failed_Candidate_159,Anti-infective,296865167.4554445,0.999995811351862,20.732430517561202,0.14175,0.8,682.6955649091261,-0.8992301878801443,1071.4711877868444,35,1,0.1134,2.07324305175612,Failed Clinical Trial,1
FAILED_0160,Failed_Candidate_160,CNS/Neurology,294580605.2148132,0.9999954777230828,26.517292280513534,0.1588414773734817,0.6,555.6418652678997,6.089587483183806,1156.8205095849444,40,2,0.09530488642408902,2.6517292280513534,Failed Clinical Trial,3
FAILED_0161,Failed_Candidate_161,Immunology,326178115.52439487,0.9999945920976924,30.76741802851258,0.126,0.6,591.187970959339,8.770861041963421,1348.8346153483087,47,1,0.0756,3.076741802851258,Failed Clinical Trial,3
FAILED_0162,Failed_Candidate_162,Anti-infective,272439895.43608433,0.9999945545701079,22.89990960475796,0.1776675087684612,0.8,445.31787874206213,8.766244683161409,1469.6832734481754,32,0,0.14213400701476897,2.2899909604757958,Failed Clinical Trial,1
FAILED_0163,Failed_Candidate_163,Pain/Inflammation,164159438.71406525,0.9999952127755993,15.623241443239042,0.1,0.8,281.65887033399036,-1.7906624837315224,695.9864440447009,22,0,0.08000000000000002,1.5623241443239042,Failed Clinical Trial,1
FAILED_0164,Failed_Candidate_164,Metabolic,163729197.04448706,0.9999952273928278,19.76777084775949,0.16947526481346817,0.8,256.86478776251465,-0.37724842175272366,404.1071265137723,43,1,0.13558021185077454,1.976777084775949,Failed Clinical Trial,1
FAILED_0165,Failed_Candidate_165,CNS/Neurology,247903744.04004586,0.9999959961760342,22.62218812197229,0.14175,0.8,461.453782618549,-0.8862537297018305,968.7910921223478,27,1,0.1134,2.262218812197229,Failed Clinical Trial,3
FAILED_0166,Failed_Candidate_166,Immunology,315913152.85287184,0.9999956013942422,28.69302878960222,0.2112362292392379,0.8,592.0242938173621,-0.3261995960024042,1188.1143099558024,44,1,0.16898898339139035,2.869302878960222,Failed Clinical Trial,2
FAILED_0167,Failed_Candidate_167,Pain/Inflammation,229770018.54278937,0.9999947159155484,22.591323144733092,0.13533333333333333,0.6,317.4475359895248,-1.971272125922367,1280.046917565603,45,1,0.0812,2.2591323144733093,Failed Clinical Trial,2
FAILED_0168,Failed_Candidate_168,Anti-infective,233727183.10047302,0.9999942132302577,19.271830793583117,0.11841666666666666,0.3999999999999999,419.3265595493102,6.709900825359442,1159.3165235382162,22,1,0.047366666666666654,1.9271830793583118,Failed Clinical Trial,2
FAILED_0169,Failed_Candidate_169,Oncology,285979422.34441125,0.9999970140980359,29.853542719742656,0.2025,1.0,463.82441132179565,-0.14240803335975127,1103.278868996118,48,2,0.2025,2.9853542719742654,Failed Clinical Trial,2
FAILED_0170,Failed_Candidate_170,Pain/Inflammation,282199776.91676277,0.9999951944565558,18.964096646126503,0.11024999999999999,0.3999999999999999,690.305671266618,8.685781879400615,914.190802324472,37,2,0.044099999999999986,1.8964096646126503,Failed Clinical Trial,2
FAILED_0171,Failed_Candidate_171,CNS/Neurology,182101301.99140012,0.9999956059945805,21.490708584039407,0.1,0.8,281.9537880292344,7.407701264884236,614.4414335814363,37,1,0.08000000000000002,2.149070858403941,Failed Clinical Trial,3
FAILED_0172,Failed_Candidate_172,Pain/Inflammation,316563046.6617429,0.9999945837707702,21.653198483844122,0.1,0.8,681.8807726988762,-0.9790871889282113,1453.4606832287272,32,0,0.08000000000000002,2.1653198483844123,Failed Clinical Trial,3
FAILED_0173,Failed_Candidate_173,Anti-infective,249255405.45194343,0.9999949541205048,24.478746897930414,0.1405175219394013,0.6,333.7268288112252,6.07853081098073,1447.7108306944242,42,2,0.08431051316364079,2.4478746897930415,Failed Clinical Trial,2
FAILED_0174,Failed_Candidate_174,Cardiovascular,249374879.23370677,0.9999966700795282,21.739345902938908,0.1326981487593928,1.0,479.0961647713443,-1.4719955826256936,994.4002621127968,32,1,0.1326981487593928,2.1739345902938907,Failed Clinical Trial,2
FAILED_0175,Failed_Candidate_175,CNS/Neurology,278992539.88132596,0.9999957667681696,24.269543237173945,0.26476511382598283,0.6,530.5286802551452,6.647088589291326,996.2399058239438,35,2,0.15885906829558968,2.4269543237173945,Failed Clinical Trial,2
FAILED_0176,Failed_Candidate_176,Metabolic,248649831.36628538,0.9999955901256482,23.664230058751865,0.10872244659547424,0.6,429.4982461030525,8.271621944302453,1094.374639915249,33,2,0.06523346795728455,2.3664230058751867,Failed Clinical Trial,2
FAILED_0177,Failed_Candidate_177,Immunology,285172376.6914372,0.999995784687077,32.248135854585875,0.17025324859738478,1.0,347.15392382816816,-0.6851414986260509,1486.2849572525272,48,1,0.17025324859738478,3.2248135854585875,Failed Clinical Trial,3
FAILED_0178,Failed_Candidate_178,CNS/Neurology,237474019.6157976,0.9999955424157857,25.895876157241247,0.2794372620050897,0.8,271.02046313322256,-1.2824015417291577,1220.8801190598565,34,1,0.22354980960407178,2.589587615724125,Failed Clinical Trial,2
FAILED_0179,Failed_Candidate_179,Metabolic,220681489.41794616,0.999995565684473,22.874534599264273,0.3193058635966384,0.6,260.80869173645834,-1.1994331360029704,1107.9530705522102,28,2,0.19158351815798302,2.2874534599264273,Failed Clinical Trial,2
FAILED_0180,Failed_Candidate_180,Metabolic,300373810.57725316,0.9999947383779308,25.740265472281067,0.10733333333333332,0.6,583.4000888849641,-0.7866127238863749,1267.5678162210174,37,1,0.06439999999999999,2.5740265472281068,Failed Clinical Trial,3
FAILED_0181,Failed_Candidate_181,Oncology,261612942.70954275,0.999994046553832,21.641075485728205,0.1,0.6,661.1024749498592,8.073111330266624,448.0854621864491,36,0,0.06,2.1641075485728205,Failed Clinical Trial,3
FAILED_0182,Failed_Candidate_182,Metabolic,230415752.70672452,0.9999958888883723,17.480423896136372,0.2023443362630089,0.8,560.3194837458607,-0.027082998165260053,471.60465127414227,23,2,0.16187546901040714,1.7480423896136372,Failed Clinical Trial,1
FAILED_0183,Failed_Candidate_183,Immunology,287733450.5991742,0.9999964456721389,25.662103788809926,0.10125,0.8,585.2250607873159,-0.30240483840277954,1019.071033977639,36,2,0.08100000000000002,2.5662103788809927,Failed Clinical Trial,2
FAILED_0184,Failed_Candidate_184,Immunology,299555340.1246606,0.9999952323957325,23.196629485274627,0.1,0.6,682.6283612380485,7.257268083463732,993.1134819709192,24,1,0.06,2.319662948527463,Failed Clinical Trial,1
FAILED_0185,Failed_Candidate_185,Metabolic,193944362.56136248,0.9999967806053904,22.255110745880238,0.11164883031466205,1.0,263.1241030444366,-0.7964066463885762,867.0029946383561,35,1,0.11164883031466205,2.2255110745880238,Failed Clinical Trial,1
FAILED_0186,Failed_Candidate_186,Pain/Inflammation,237629721.1156941,0.9999961551063863,17.82668261395169,0.18485073016154646,0.8,437.1884323580921,6.902575734821763,1180.4964520877234,18,2,0.14788058412923719,1.782668261395169,Failed Clinical Trial,2
FAILED_0187,Failed_Candidate_187,CNS/Neurology,302178957.2697819,0.9999960244873957,24.397969185159177,0.1726503044381597,0.8,598.5100111801248,-0.5999164989684058,1253.0625580212236,25,2,0.13812024355052777,2.439796918515918,Failed Clinical Trial,2
FAILED_0188,Failed_Candidate_188,Oncology,266871938.9740095,0.9999957631111878,28.1942712175199,0.18384245894772142,0.8,413.8868464357698,6.39845250121017,1098.2715623648246,40,1,0.14707396715817714,2.81942712175199,Failed Clinical Trial,3
FAILED_0189,Failed_Candidate_189,Cardiovascular,242344711.2502751,0.9999948282499729,20.76741169684391,0.1,0.6,497.4689178633721,7.03479790440257,882.361096022749,31,0,0.06,2.076741169684391,Failed Clinical Trial,1
FAILED_0190,Failed_Candidate_190,Anti-infective,294039721.1861113,0.9999944441378196,19.931034903911733,0.22206686119662264,0.19999999999999996,692.1147925348453,7.88557612628918,931.0345446929018,36,2,0.04441337223932452,1.9931034903911733,Failed Clinical Trial,1
FAILED_0191,Failed_Candidate_191,Oncology,347661748.97930986,0.9999937336921995,30.06075052765419,0.1,0.3999999999999999,686.4184870860353,8.941923922348632,1425.7265558580275,35,1,0.039999999999999994,3.0060750527654188,Failed Clinical Trial,3
FAILED_0192,Failed_Candidate_192,CNS/Neurology,243957004.81233764,0.9999968058689175,24.71930850625461,0.1,1.0,440.54382612106673,-0.03338204934851108,881.0382874422621,43,1,0.1,2.471930850625461,Failed Clinical Trial,1
FAILED_0193,Failed_Candidate_193,Immunology,271997477.51479465,0.9999953196906856,22.268660661758414,0.15271595021376314,0.6,574.1751229730689,7.2051414142865235,944.6162858523525,21,1,0.09162957012825788,2.2268660661758415,Failed Clinical Trial,1
FAILED_0194,Failed_Candidate_194,CNS/Neurology,192772591.9271313,0.9999965067891387,22.47923003774099,0.16916666666666666,1.0,271.77143391617506,-1.0116511001563786,714.8828547996366,38,1,0.16916666666666666,2.247923003774099,Failed Clinical Trial,1
FAILED_0195,Failed_Candidate_195,CNS/Neurology,349672012.36339974,0.9999956671422168,28.993336321871826,0.16875,0.8,688.2770950498498,-0.748213054040598,1451.5876573656935,40,2,0.135,2.8993336321871825,Failed Clinical Trial,3
FAILED_0196,Failed_Candidate_196,Metabolic,285852908.9176425,0.9999957604644687,28.37415795580104,0.13416666666666666,1.0,419.92134481347955,-0.1722002972418848,1499.7419618626016,41,1,0.13416666666666666,2.837415795580104,Failed Clinical Trial,1
FAILED_0197,Failed_Candidate_197,Cardiovascular,241402935.21023518,0.9999950023131976,25.232776554525444,0.14331791211131517,0.6,357.39046802173834,6.2034905297613765,1120.9371124954173,47,1,0.0859907472667891,2.5232776554525445,Failed Clinical Trial,2
FAILED_0198,Failed_Candidate_198,Pain/Inflammation,170620866.8138309,0.9999960065737538,17.68092580480452,0.1,1.0,267.4189045853103,-0.5144354964031095,736.9854187003903,36,0,0.1,1.768092580480452,Failed Clinical Trial,1
FAILED_0199,Failed_Candidate_199,Oncology,228828571.8444879,0.9999957055352874,22.73285165084927,0.1,0.8,452.85838877608904,-1.1917852403538687,669.7418262888159,31,1,0.08000000000000002,2.273285165084927,Failed Clinical Trial,2
FAILED_0200,Failed_Candidate_200,Pain/Inflammation,182384086.15794012,0.9999955458962754,18.995044438120477,0.10906180975970466,0.8,255.30694260972857,8.308741612311882,918.9465137334579,37,0,0.08724944780776372,1.8995044438120476,Failed Clinical Trial,2
EXPERIMENTAL_0001,Experimental_Compound_1,Anti-infective,337791403.76369727,0.9999954614001261,24.24804396821522,0.15525,0.8,692.6473966326721,-1.6376506431916933,1565.8888188551803,36,2,0.1242,2.4248043968215223,Experimental,0
EXPERIMENTAL_0002,Experimental_Compound_2,CNS/Neurology,267614678.59894526,0.99999477,29.846521287414294,0.12397970421816047,0.8,285.2773336644623,5.209773160040932,1657.6619224772421,36,1,0.09918376337452839,2.9846521287414296,Experimental,0
EXPERIMENTAL_0003,Experimental_Compound_3,Immunology,171998788.8011414,0.9999963657875311,18.865580423534123,0.13174778136064158,0.6,288.98612788489555,5.27881617948891,536.548628374336,19,4,0.07904866881638495,1.8865580423534123,Experimental,0
EXPERIMENTAL_0004,Experimental_Compound_4,Immunology,219042269.1204502,0.9999944795251534,24.02958669880777,0.1,0.6,385.16509013958955,8.8071369398209,688.6250851812886,43,0,0.06,2.402958669880777,Experimental,0
EXPERIMENTAL_0005,Experimental_Compound_5,CNS/Neurology,247303704.41971162,0.9999970781193305,20.299146544509533,0.19467302774184847,0.8,482.49598509285073,2.3067414257246535,967.7114831154291,14,3,0.15573842219347878,2.029914654450953,Experimental,0
EXPERIMENTAL_0006,Experimental_Compound_6,Pain/Inflammation,311997811.76182497,0.9999958031209633,22.647373282247635,0.11688003741287858,0.8,723.087286757234,-1.765364217146045,1076.043909303584,55,1,0.09350402993030288,2.2647373282247636,Experimental,0
EXPERIMENTAL_0007,Experimental_Compound_7,CNS/Neurology,272640051.1856103,0.9999940525445404,25.298871024192103,0.1,0.3999999999999999,541.1439434161761,5.8314873128868125,948.586366455956,43,0,0.039999999999999994,2.5298871024192104,Experimental,0
EXPERIMENTAL_0008,Experimental_Compound_8,Cardiovascular,378589929.72023124,0.99999459,29.709977759905144,0.17333984117466283,0.6,736.1335867828076,-2.79384859543357,1751.2598181698415,44,2,0.1040039047047977,2.970997775990514,Experimental,0
EXPERIMENTAL_0009,Experimental_Compound_9,CNS/Neurology,234752321.98312867,0.9999945060580624,21.00669418236792,0.10992691826527921,0.8,583.3454725157962,2.3856408117901875,303.365590171921,52,0,0.08794153461222337,2.1006694182367918,Experimental,0
EXPERIMENTAL_0010,Experimental_Compound_10,Metabolic,320622122.1897297,0.9999949517475809,24.98754608126448,0.12457060810750406,0.6,704.6434784876822,-2.3700960655710737,1149.029121772461,38,1,0.07474236486450243,2.498754608126448,Experimental,0
EXPERIMENTAL_0011,Experimental_Compound_11,Anti-infective,276465578.69951123,0.9999954900000001,29.570450355136586,0.1485797067166486,1.0,265.45916860512955,3.2548655223814684,1916.6159410776932,51,1,0.1485797067166486,2.9570450355136586,Experimental,0
EXPERIMENTAL_0012,Experimental_Compound_12,Anti-infective,288565426.34113073,0.9999970963693666,19.328506495918617,0.5650091158234074,0.8,604.4329690317121,2.446147156873728,842.427425870385,36,3,0.45200729265872597,1.9328506495918618,Experimental,0
EXPERIMENTAL_0013,Experimental_Compound_13,Oncology,216055010.32827058,0.9999959438992165,28.2688505146698,0.126,0.6,185.92440635142066,-2.0005172034436103,1197.833768627806,36,3,0.0756,2.82688505146698,Experimental,0
EXPERIMENTAL_0014,Experimental_Compound_14,Anti-infective,182314802.31531212,0.9999977362936955,20.865174781700894,0.12074999999999998,0.8,226.00164355451017,5.009868854198487,897.940941902902,44,4,0.09659999999999999,2.0865174781700895,Experimental,0
EXPERIMENTAL_0015,Experimental_Compound_15,Anti-infective,204718997.87295607,0.9999955473914521,15.01539904736018,0.2210831317072798,1.0,481.39880430397886,2.4129584823839956,481.8841400595338,21,0,0.2210831317072798,1.501539904736018,Experimental,0
EXPERIMENTAL_0016,Experimental_Compound_16,Oncology,380350318.51877034,0.99999603,37.74255859199513,0.5381447488176748,1.0,465.5238142613825,2.2597616054139147,1977.087312117505,46,2,0.5381447488176748,3.7742558591995126,Experimental,0
EXPERIMENTAL_0017,Experimental_Compound_17,Pain/Inflammation,218807234.13950828,0.99999684321857,20.508533844586047,0.23795899498303727,1.0,293.5861364960049,0.8391240708518879,1198.2119055884668,35,2,0.23795899498303727,2.0508533844586045,Experimental,0
EXPERIMENTAL_0018,Experimental_Compound_18,Anti-infective,272144674.64788353,0.9999960694118685,21.427515945075683,0.21018965789915475,0.6,533.1617653685846,4.176793871367899,1128.1045175292968,37,3,0.12611379473949286,2.142751594507568,Experimental,0
EXPERIMENTAL_0019,Experimental_Compound_19,Pain/Inflammation,225113080.3450634,0.99999585,21.70689829187285,0.10125,0.8,170.49792292300907,-1.695238491416995,1973.8028909607056,15,3,0.08100000000000002,2.170689829187285,Experimental,0
EXPERIMENTAL_0020,Experimental_Compound_20,Pain/Inflammation,229522567.93011796,0.9999938416693153,14.106540934285503,0.12837250616923349,0.3999999999999999,639.388848372843,-2.6289193167046356,434.26073067912034,22,1,0.05134900246769338,1.4106540934285503,Experimental,0
EXPERIMENTAL_0021,Experimental_Compound_21,Oncology,376508447.5471972,0.9999954453014003,32.75029683481282,0.2635487969419088,0.6,713.1434152302631,3.107520050968187,1474.8325554178061,45,3,0.15812927816514527,3.275029683481282,Experimental,0
EXPERIMENTAL_0022,Experimental_Compound_22,Pain/Inflammation,248476284.53085828,0.99999585,20.102888487291835,0.15525,0.8,332.9811379691408,-0.7077120850657694,1745.2982742975012,13,3,0.1242,2.0102888487291835,Experimental,0
EXPERIMENTAL_0023,Experimental_Compound_23,Metabolic,296325665.51535374,0.999995511169093,24.541032051481544,0.1,0.6,615.3020581337037,0.1493198006616412,1138.2393927725768,36,2,0.06,2.4541032051481544,Experimental,0
EXPERIMENTAL_0024,Experimental_Compound_24,CNS/Neurology,386871778.14403623,0.99999441,29.842165085227286,0.1530572050242671,0.3999999999999999,746.3423117812075,5.149645900946393,1885.6985788056356,28,3,0.061222882009706825,2.984216508522729,Experimental,0
EXPERIMENTAL_0025,Experimental_Compound_25,Pain/Inflammation,323425378.2640929,0.9999945641542888,21.242814425634045,0.1,0.3999999999999999,759.344487466164,8.519312805154357,1264.3587284877515,37,2,0.039999999999999994,2.1242814425634045,Experimental,0
EXPERIMENTAL_0026,Experimental_Compound_26,Immunology,278704958.76073384,0.9999964900369473,24.91408088115209,0.6477984828654749,0.8,350.46033152698135,2.4873595072020063,1294.4239181688718,21,3,0.51823878629238,2.4914080881152088,Experimental,0
EXPERIMENTAL_0027,Experimental_Compound_27,Cardiovascular,384123832.9847817,0.99999441,31.54848087284119,0.1,0.3999999999999999,766.264644098302,8.116921669327063,1676.9791227087628,56,3,0.039999999999999994,3.154848087284119,Experimental,0
EXPERIMENTAL_0028,Experimental_Compound_28,Oncology,291805066.86703193,0.9999956906769824,20.812083600735527,0.1,0.3999999999999999,781.2144363737319,7.299746927606966,561.4872123982186,25,4,0.039999999999999994,2.0812083600735525,Experimental,0
EXPERIMENTAL_0029,Experimental_Compound_29,CNS/Neurology,250232985.50103402,0.9999931942329267,29.80120752155135,0.1,0.3999999999999999,267.2873241989068,6.170134813130684,1425.426151902454,45,0,0.039999999999999994,2.980120752155135,Experimental,0
EXPERIMENTAL_0030,Experimental_Compound_30,Immunology,290042632.07581794,0.9999947174465157,23.259632126010278,0.21776443872925635,0.3999999999999999,689.0361213539386,5.095553525955321,620.8036198321445,42,2,0.08710577549170252,2.3259632126010277,Experimental,0
EXPERIMENTAL_0031,Experimental_Compound_31,CNS/Neurology,234735002.6892432,0.9999972922305349,29.094549921139183,0.1,0.8,271.36182252856366,7.7718518040395175,1148.7608139761019,54,4,0.08000000000000002,2.9094549921139183,Experimental,0
EXPERIMENTAL_0032,Experimental_Compound_32,Oncology,256684720.187766,0.99999603,30.2400870898641,0.18942088825693185,1.0,173.09095847592616,1.7093530723762633,1844.8934634283669,21,2,0.18942088825693185,3.0240087089864103,Experimental,0
EXPERIMENTAL_0033,Experimental_Compound_33,Metabolic,268829475.62920463,0.9999945366283782,18.98452958791235,0.12415764862304843,0.3999999999999999,713.4336734293535,7.890459495882126,520.3490989594885,31,2,0.04966305944921936,1.8984529587912349,Experimental,0
EXPERIMENTAL_0034,Experimental_Compound_34,Cardiovascular,389444657.41916627,0.9999953100000001,33.31586501529776,0.15525,0.8,695.6459689384005,-2.183125761880418,1908.0193566331675,55,2,0.1242,3.331586501529776,Experimental,0
EXPERIMENTAL_0035,Experimental_Compound_35,Oncology,309960027.4807738,0.9999942832205597,36.240534554046796,0.11641793202573783,0.8,375.5167903215772,-1.4673087897965202,1620.4330223822974,54,0,0.09313434562059027,3.6240534554046797,Experimental,0
EXPERIMENTAL_0036,Experimental_Compound_36,Pain/Inflammation,217050389.75495195,0.9999964126103817,18.247579404472496,0.34561043420027593,0.8,452.92701630136133,2.240883871060026,462.5613231406876,56,3,0.27648834736022077,1.8247579404472496,Experimental,0
EXPERIMENTAL_0037,Experimental_Compound_37,Oncology,249795010.9581848,0.99999459,30.53558031420108,0.13300768873691407,0.6,159.16381168782993,9.657458710983244,1819.3346234147689,23,2,0.07980461324214844,3.053558031420108,Experimental,0
EXPERIMENTAL_0038,Experimental_Compound_38,Anti-infective,265572863.7994507,0.9999957201794291,18.993796506254768,0.22989003736829872,0.3999999999999999,583.4433405657417,1.274877460891605,922.1225394238102,30,3,0.09195601494731946,1.8993796506254768,Experimental,0
EXPERIMENTAL_0039,Experimental_Compound_39,Metabolic,141978666.19578952,0.9999963781172643,16.671977037130084,0.1,0.6,201.28250227054775,8.76222168282777,543.3984801113778,14,4,0.06,1.6671977037130083,Experimental,0
EXPERIMENTAL_0040,Experimental_Compound_40,Pain/Inflammation,213394166.63600615,0.9999949300839303,17.029867245869347,0.11024999999999999,0.3999999999999999,525.6878618922835,6.7049514162754456,438.9355167732685,47,3,0.044099999999999986,1.7029867245869348,Experimental,0
EXPERIMENTAL_0041,Experimental_Compound_41,Oncology,305862545.8693364,0.9999951137222897,25.749329068551422,0.1,0.8,744.8579845076815,-2.3945950420704385,640.9568275437359,50,0,0.08000000000000002,2.574932906855142,Experimental,0
EXPERIMENTAL_0042,Experimental_Compound_42,Metabolic,262305104.85504386,0.9999972929296732,26.973680569684618,0.2684482176316538,0.8,380.1051158357231,2.234536466166733,1148.3724038149544,49,4,0.21475857410532304,2.697368056968462,Experimental,0
EXPERIMENTAL_0043,Experimental_Compound_43,Cardiovascular,253055211.32648313,0.9999958804328596,22.73169327670405,0.16117504979419386,0.8,397.86900414323554,-2.4881250388643203,1333.0928558217086,24,2,0.1289400398353551,2.273169327670405,Experimental,0
EXPERIMENTAL_0044,Experimental_Compound_44,Cardiovascular,193295952.74427837,0.999995959158968,20.29855569749974,0.15525,0.8,357.5027925156038,6.834360099100724,510.64387105748165,47,2,0.1242,2.029855569749974,Experimental,0
EXPERIMENTAL_0045,Experimental_Compound_45,Immunology,273681638.70356774,0.9999958718945786,30.66637142200503,0.15525,0.8,359.1474439423376,-1.2417431341404157,1337.8363452522485,47,2,0.1242,3.066637142200503,Experimental,0
EXPERIMENTAL_0046,Experimental_Compound_46,Oncology,356295503.38900733,0.9999942300000001,38.19578188556714,0.1,0.19999999999999996,533.2360586792902,5.166629570464954,1695.769897006981,59,4,0.019999999999999997,3.819578188556714,Experimental,0
EXPERIMENTAL_0047,Experimental_Compound_47,Cardiovascular,372636533.9293398,0.99999567,27.15803181265534,0.14417771979679087,0.6,755.7124303954964,-2.1870749184090448,1769.331271707889,31,4,0.08650663187807452,2.7158031812655343,Experimental,0
EXPERIMENTAL_0048,Experimental_Compound_48,Metabolic,356977815.39263237,0.9999943207238526,25.458155862464114,0.29582958669572373,0.8,710.9878140215279,2.6488448399915994,1599.5978596626533,23,0,0.236663669356579,2.5458155862464116,Experimental,0
EXPERIMENTAL_0049,Experimental_Compound_49,Anti-infective,143810484.3232341,0.9999951118938357,15.249631373710002,0.1,0.6,254.7724044679885,6.772322694789528,439.94101979360016,25,2,0.06,1.5249631373710002,Experimental,0
EXPERIMENTAL_0050,Experimental_Compound_50,Oncology,189284590.98926613,0.9999955716334105,23.33653627092649,0.10875,0.8,219.94309132240647,7.4624292273969655,895.3518946558921,24,0,0.08700000000000001,2.333653627092649,Experimental,0
EXPERIMENTAL_0051,Experimental_Compound_51,Metabolic,254521199.663125,0.9999953807392924,23.21450634967785,0.22294666525832835,0.6,341.18291215387063,5.993366732410097,1510.7003931459888,15,3,0.133767999154997,2.321450634967785,Experimental,0
EXPERIMENTAL_0052,Experimental_Compound_52,Cardiovascular,190343534.69051728,0.9999962353461403,18.333449621118795,0.18225000000000002,0.8,401.0476244390385,-1.8887735739072284,364.08118905464863,41,3,0.1458,1.8333449621118796,Experimental,0
EXPERIMENTAL_0053,Experimental_Compound_53,Pain/Inflammation,258559652.24752045,0.9999949929114611,24.630693833772334,0.1,1.0,344.00228698561824,-1.5745879118216253,1626.160299414403,43,0,0.1,2.4630693833772335,Experimental,0
EXPERIMENTAL_0054,Experimental_Compound_54,Cardiovascular,335670134.7899104,0.9999947561824211,26.87583057031634,0.11590995841884184,0.6,718.1611015941679,4.543113305641789,1257.6764327656167,50,1,0.06954597505130511,2.6875830570316337,Experimental,0
EXPERIMENTAL_0055,Experimental_Compound_55,Oncology,397184062.1018179,0.99999459,39.3365392015301,0.1,0.6,657.9750140386764,8.070638524315855,1854.6339246967277,57,2,0.06,3.9336539201530103,Experimental,0
EXPERIMENTAL_0056,Experimental_Compound_56,Anti-infective,358402516.0530531,0.9999938700000001,22.970491982297204,0.152689374422453,0.3999999999999999,767.0254667625522,6.60470406782801,1735.0393467149927,23,2,0.06107574976898119,2.2970491982297205,Experimental,0
EXPERIMENTAL_0057,Experimental_Compound_57,Cardiovascular,332708686.74060494,0.9999960604715677,24.641606177835058,0.15130346224453603,0.6,759.0090307518907,0.24100475080681205,1133.0713512822713,43,3,0.09078207734672161,2.464160617783506,Experimental,0
EXPERIMENTAL_0058,Experimental_Compound_58,Metabolic,253778683.7776103,0.9999961798628958,19.83500958991284,0.16909828049001796,0.8,597.5693988406613,4.5176670107580605,633.2571642765139,31,2,0.13527862439201438,1.983500958991284,Experimental,0
EXPERIMENTAL_0059,Experimental_Compound_59,Cardiovascular,326117051.61720496,0.9999929220909844,23.51930805035216,0.13077052736156278,0.19999999999999996,679.7265520482658,9.51571339758432,1476.6161197859806,23,1,0.02615410547231255,2.3519308050352157,Experimental,0
EXPERIMENTAL_0060,Experimental_Compound_60,Oncology,375109088.87283367,0.9999942300000001,32.270614627384234,0.1,0.19999999999999996,684.5801312020317,7.085859916387777,1819.0076482111513,30,4,0.019999999999999997,3.2270614627384235,Experimental,0
EXPERIMENTAL_0061,Experimental_Compound_61,Cardiovascular,294243650.17429495,0.9999946088965239,26.580444387932456,0.1,0.6,594.5066296746961,3.456405501453582,1039.5019311529397,59,0,0.06,2.6580444387932456,Experimental,0
EXPERIMENTAL_0062,Experimental_Compound_62,Cardiovascular,221687444.95457694,0.9999975113606667,23.974013066684115,0.11520915716965503,0.8,320.1250083508019,-2.9647307130560536,1027.021851854055,44,4,0.09216732573572403,2.3974013066684114,Experimental,0
EXPERIMENTAL_0063,Experimental_Compound_63,CNS/Neurology,239459844.583566,0.999994214765989,21.3964469506449,0.1,0.3999999999999999,526.8884998042904,5.335905013918579,641.5366605734446,35,1,0.039999999999999994,2.13964469506449,Experimental,0
EXPERIMENTAL_0064,Experimental_Compound_64,Immunology,341774853.7282298,0.9999936384568006,28.607715997694438,0.1,0.3999999999999999,737.9830377763457,9.608585611175515,1178.6351108549375,44,0,0.039999999999999994,2.8607715997694436,Experimental,0
EXPERIMENTAL_0065,Experimental_Compound_65,Cardiovascular,245587969.4147828,0.9999966032904044,23.822848227027492,0.10125,0.8,464.5785491681245,-0.5800916010716795,868.4946691183011,51,2,0.08100000000000002,2.3822848227027493,Experimental,0
EXPERIMENTAL_0066,Experimental_Compound_66,Cardiovascular,284496691.03292507,0.9999963900000001,33.49963233898143,0.1,0.8,268.28026770243326,-0.757679935309127,1830.7183921076537,59,4,0.08000000000000002,3.349963233898143,Experimental,0
EXPERIMENTAL_0067,Experimental_Compound_67,Anti-infective,258459738.56120667,0.99999477,26.314287857207326,0.3271075145652365,0.8,214.07541171944766,3.011068416416193,1813.6649068416416,38,1,0.26168601165218924,2.6314287857207326,Experimental,0
EXPERIMENTAL_0068,Experimental_Compound_68,Immunology,168659690.91306978,0.9999972094521156,21.981806791717037,0.3376895488171638,0.8,153.17458632489644,1.4128561227484608,605.2511753146114,35,4,0.270151639053731,2.1981806791717036,Experimental,0
EXPERIMENTAL_0069,Experimental_Compound_69,Anti-infective,289044519.5782278,0.9999939819561207,20.62986239253887,0.1,0.3999999999999999,549.810466492321,6.0488928503839485,1587.802155224152,15,2,0.039999999999999994,2.0629862392538874,Experimental,0
EXPERIMENTAL_0070,Experimental_Compound_70,Metabolic,279173650.8445245,0.99999585,33.079161041776565,0.2912385114566981,0.8,204.70394903326797,0.7891228641657313,1809.865942041643,51,3,0.2329908091653585,3.3079161041776564,Experimental,0
EXPERIMENTAL_0071,Experimental_Compound_71,Cardiovascular,324380524.98787653,0.9999948519378186,24.864278431891723,0.1412191776157134,0.6,641.4570370136285,3.8887241596061664,1504.4789896958027,29,2,0.08473150656942803,2.486427843189172,Experimental,0
EXPERIMENTAL_0072,Experimental_Compound_72,Anti-infective,221104633.1655184,0.9999964265877631,18.657122477562172,0.1990933670123086,0.6,415.22377865509736,1.0212835424559517,870.3265350095653,30,3,0.11945602020738515,1.8657122477562171,Experimental,0
EXPERIMENTAL_0073,Experimental_Compound_73,CNS/Neurology,248403522.3145092,0.9999944112301875,21.61502791831768,0.22932985962945351,0.3999999999999999,568.5293980958248,8.090095680828101,450.6834374509841,47,2,0.09173194385178139,2.1615027918317677,Experimental,0
EXPERIMENTAL_0074,Experimental_Compound_74,Immunology,201409684.3007144,0.9999957333410702,21.58521849631912,0.10402802139421678,0.6,326.2436007244361,7.285537292780354,785.189483396015,24,2,0.06241681283653007,2.158521849631912,Experimental,0
EXPERIMENTAL_0075,Experimental_Compound_75,Metabolic,213264116.01357993,0.999994617734293,26.782422252447084,0.1,0.3999999999999999,197.0274829980428,5.466895518134059,1234.5920594742856,44,2,0.039999999999999994,2.6782422252447082,Experimental,0
EXPERIMENTAL_0076,Experimental_Compound_76,Oncology,289648287.5398995,0.99999333,35.17337748320654,0.1,0.3999999999999999,301.2662681215878,7.969657356269963,1656.2762456555656,48,1,0.039999999999999994,3.517337748320654,Experimental,0
EXPERIMENTAL_0077,Experimental_Compound_77,Anti-infective,270603521.6033231,0.99999477,31.25539260201455,0.14175,0.8,205.83755217400142,-2.277951449350162,1956.3788103815887,58,1,0.1134,3.125539260201455,Experimental,0
EXPERIMENTAL_0078,Experimental_Compound_78,Pain/Inflammation,172194271.48348835,0.9999964432722407,17.154311333349327,0.1,0.6,316.91528109044043,8.142960627194027,579.595689225463,40,4,0.06,1.7154311333349326,Experimental,0
EXPERIMENTAL_0079,Experimental_Compound_79,Immunology,313970939.9223541,0.9999930538414561,25.18084140829437,0.1,0.3999999999999999,602.4669267558045,6.629249248322894,1503.4214133279127,15,0,0.039999999999999994,2.518084140829437,Experimental,0
EXPERIMENTAL_0080,Experimental_Compound_80,Metabolic,281000751.777187,0.9999957782368786,16.59824519958234,0.24372425211783152,0.6,774.9367566539547,2.6757194279566408,510.13159918069437,15,3,0.1462345512706989,1.659824519958234,Experimental,0
EXPERIMENTAL_0081,Experimental_Compound_81,CNS/Neurology,342911314.0858515,0.9999967359360026,24.25200638899896,0.5723845342960351,0.8,690.2758130584438,2.1352281606154317,1157.8133319009064,28,3,0.4579076274368281,2.425200638899896,Experimental,0
EXPERIMENTAL_0082,Experimental_Compound_82,Metabolic,349131861.3534151,0.99999351,28.198430320463327,0.1,0.6,660.3491239352547,-1.2013573474328987,1715.2082108647328,32,0,0.06,2.819843032046333,Experimental,0
EXPERIMENTAL_0083,Experimental_Compound_83,Cardiovascular,174863864.8355453,0.9999958845481814,14.724537193030867,0.3226980442293836,1.0,353.27400998952703,2.2689366142273437,369.1934341159887,13,1,0.3226980442293836,1.4724537193030867,Experimental,0
EXPERIMENTAL_0084,Experimental_Compound_84,Immunology,274543131.2128804,0.9999968779449755,24.70834853737235,0.13601364670348712,0.8,456.0176559483588,4.683982469907098,1378.919458102202,17,4,0.1088109173627897,2.4708348537372347,Experimental,0
EXPERIMENTAL_0085,Experimental_Compound_85,Cardiovascular,349695438.6729041,0.9999964574935254,26.67984237317453,0.2106504324707638,0.6,766.426606681217,3.291046913347122,1212.5035970107801,51,4,0.12639025948245827,2.667984237317453,Experimental,0
EXPERIMENTAL_0086,Experimental_Compound_86,Metabolic,264240644.87337774,0.9999939963669203,19.563082343608404,0.10000833495385877,0.3999999999999999,690.6616448555875,7.711692132449469,520.2038445872339,35,1,0.0400033339815435,1.9563082343608404,Experimental,0
EXPERIMENTAL_0087,Experimental_Compound_87,Oncology,292292864.4137319,0.9999954822545093,26.269974698375673,0.1,0.6,501.20020749050644,-2.567094689542881,1454.3030504110031,17,3,0.06,2.6269974698375673,Experimental,0
EXPERIMENTAL_0088,Experimental_Compound_88,Cardiovascular,298549429.89586097,0.9999961897346882,17.774432292319915,0.18280773641044606,0.6,799.0542306054544,-1.2874604704778077,738.7414934237156,18,3,0.10968464184626764,1.7774432292319915,Experimental,0
EXPERIMENTAL_0089,Experimental_Compound_89,Oncology,301580116.7468465,0.9999949457521506,26.479600558514015,0.5201195880608096,0.6,424.79376951907705,2.547097272594793,1452.3599163642784,18,2,0.31207175283648575,2.6479600558514016,Experimental,0
EXPERIMENTAL_0090,Experimental_Compound_90,Pain/Inflammation,249457794.83700973,0.9999953748364936,15.43790152600816,0.1,0.3999999999999999,657.5265302880487,-2.53803923315006,686.0202742075962,21,3,0.039999999999999994,1.543790152600816,Experimental,0
EXPERIMENTAL_0091,Experimental_Compound_91,Anti-infective,175332541.06761217,0.9999964091360444,18.358197052813335,0.16022094128750816,0.8,255.45650526656627,3.5439273756170824,760.6311357614036,33,2,0.12817675303000653,1.8358197052813334,Experimental,0
EXPERIMENTAL_0092,Experimental_Compound_92,Immunology,242656224.91868198,0.9999943754908349,20.66204005343967,0.22908524520241053,0.3999999999999999,563.4065888962822,2.2429657391803426,430.8282415811384,36,2,0.09163409808096419,2.066204005343967,Experimental,0
EXPERIMENTAL_0093,Experimental_Compound_93,Metabolic,155518878.73819625,0.9999960988599312,20.537807529994137,0.1512335235210156,0.8,173.71217857291182,1.2341610745929774,588.2555173275533,38,2,0.12098681881681249,2.0537807529994137,Experimental,0
EXPERIMENTAL_0094,Experimental_Compound_94,Oncology,326403461.37726176,0.9999942300000001,33.55533594086526,0.24623674272107668,0.8,435.1960709111761,1.5438241833818296,1713.927608286138,39,0,0.19698939417686134,3.355533594086526,Experimental,0
EXPERIMENTAL_0095,Experimental_Compound_95,Pain/Inflammation,285544461.23476124,0.9999954900000001,26.288318998562282,0.13416666666666666,1.0,383.7764428857413,-0.9689517938064576,1816.8158255625815,45,1,0.13416666666666666,2.628831899856228,Experimental,0
EXPERIMENTAL_0096,Experimental_Compound_96,Oncology,265979642.67394,0.9999966382119307,21.867717118963146,0.10125,0.8,645.7657090035616,-0.7941483864214818,587.8955170370587,30,3,0.08100000000000002,2.1867717118963146,Experimental,0
EXPERIMENTAL_0097,Experimental_Compound_97,Immunology,273040572.2281968,0.9999940807648324,25.51047251210704,0.11841666666666666,0.3999999999999999,617.1153911682698,5.79467435414878,567.0915735453628,59,1,0.047366666666666654,2.551047251210704,Experimental,0
EXPERIMENTAL_0098,Experimental_Compound_98,Anti-infective,304206631.70122635,0.9999944551864414,22.775561202768827,0.1,0.6,616.1317978626664,-0.1962974693950028,1424.8964214689966,33,1,0.06,2.277556120276883,Experimental,0
EXPERIMENTAL_0099,Experimental_Compound_99,Cardiovascular,279981962.8872064,0.9999954921566718,23.453964237347968,0.14080479663477866,0.3999999999999999,634.7467502275183,8.438737327932525,751.1981510085592,55,3,0.05632191865391145,2.3453964237347966,Experimental,0
EXPERIMENTAL_0100,Experimental_Compound_100,Pain/Inflammation,280249910.6829319,0.9999955539779387,18.19621327399938,0.1,0.6,653.6949460962123,-0.5588228071769912,1114.4567007273224,23,2,0.06,1.819621327399938,Experimental,0
