material_name,composition,category,base_nrci,final_nrci,structural_optimization,resonance_strength,ubp_energy_cu,compressive_strength_mpa,tensile_strength_mpa,fracture_toughness_mpa_m_half,elastic_modulus_gpa,hardness_gpa,thermal_conductivity_w_mk,thermal_expansion_coeff,specific_heat_j_kgk,electrical_resistivity_ohm_m,dielectric_constant,confidence_score,uncertainty_mechanical,uncertainty_thermal,uncertainty_electrical
Alumina 99.5%,Al2O3,Traditional Ceramic,0.999,0.999,0.8300000000000001,0.9538760167872964,1111.1072161384136,2960.6959856045937,269.72887558512264,17.58784098226485,574.3253,30.979,29.985000000000003,5.0099999999999995e-06,680.4581639759864,1.0009999999999999e-07,1.0,0.999,0.0805,0.0965,0.1205
Alumina 96%,Al2O3,Traditional Ceramic,0.999,0.999,0.8300000000000001,0.9310736962202015,1084.546297862962,3206.076390468084,328.868998051947,16.966750325986112,574.3253,30.979,29.985000000000003,5.0099999999999995e-06,664.3597290305594,1.0009999999999999e-07,1.0,0.999,0.0805,0.0965,0.1205
Alumina 99.9%,Al2O3,Traditional Ceramic,0.999,0.999,0.8300000000000001,0.9379376275082453,1092.5416384009393,3131.5917961001605,290.7909764983369,17.784780325109097,574.3253,30.979,29.985000000000003,5.0099999999999995e-06,735.8832672727107,1.0009999999999999e-07,1.0,0.999,0.0805,0.0965,0.1205
Alumina (Porous),Al2O3,Traditional Ceramic,0.999,0.999,0.8300000000000001,0.9299062938446739,1083.186467884267,3230.790957728361,343.7472776147319,18.17780000434693,574.3253,30.979,29.985000000000003,5.0099999999999995e-06,694.1014659486692,1.0009999999999999e-07,1.0,0.999,0.0805,0.0965,0.1205
Zirconia (Y-TZP 3mol%),ZrO2,Traditional Ceramic,0.98,0.99,0.8300000000000001,0.9242803654901413,1066.9337970998895,3058.4911640432097,298.03207804899665,16.24318962651638,570.953,30.79,9.95,5.0999999999999995e-06,674.5401887125738,10100000000.0,9.1048925,0.99,0.085,0.101,0.125
Zirconia (Y-TZP 5mol%),ZrO2,Traditional Ceramic,0.98,0.99,0.8300000000000001,0.9504037116337423,1097.089020487294,3082.888799578157,292.21881738951305,16.317539432805255,570.953,30.79,9.95,5.0999999999999995e-06,722.9061156699306,10100000000.0,9.1048925,0.99,0.085,0.101,0.125
Zirconia (Mg-PSZ),ZrO2,Traditional Ceramic,0.98,0.99,0.8300000000000001,0.9380565296105274,1082.8361743906162,2983.8233760794706,307.37547455670284,16.911193269358407,570.953,30.79,9.95,5.0999999999999995e-06,744.5691513075747,10100000000.0,9.1048925,0.99,0.085,0.101,0.125
Zirconia (Ceria-Stabilized),ZrO2,Traditional Ceramic,0.98,0.99,0.8300000000000001,0.9598969244759157,1108.0474157995284,3019.069922954838,296.57447897533257,15.987820815966167,570.953,30.79,9.95,5.0999999999999995e-06,706.1990421500543,10100000000.0,9.1048925,0.99,0.085,0.101,0.125
Silicon Carbide (Sintered),SiC,Traditional Ceramic,0.999,0.999,0.8300000000000001,0.9553516013283126,1112.8260271816637,3792.4182864984573,402.1680821343118,17.04077443223924,574.3253,39.97,19.990000000000002,5.0099999999999995e-06,671.5600129979117,100.1,1.0,0.999,0.0805,0.0965,0.1205
Silicon Carbide (Reaction Bonded),SiC,Traditional Ceramic,0.999,0.999,0.8300000000000001,0.9294638412222513,1082.67108402628,3544.7959348210593,389.0246528087207,18.06989435276786,574.3253,39.97,19.990000000000002,5.0099999999999995e-06,656.8615491889622,100.1,1.0,0.999,0.0805,0.0965,0.1205
Silicon Carbide (Hot Pressed),SiC,Traditional Ceramic,0.999,0.999,0.8300000000000001,0.9584984030732099,1116.4915288453794,3588.690174340965,366.5849782675208,16.948652989618008,574.3253,39.97,19.990000000000002,5.0099999999999995e-06,675.7341491784455,100.1,1.0,0.999,0.0805,0.0965,0.1205
Silicon Carbide (CVD),SiC,Traditional Ceramic,0.999,0.999,0.8300000000000001,0.9529414964361822,1110.0186550597437,3731.3329030464315,337.4045537123243,17.945634851389595,574.3253,39.97,19.990000000000002,5.0099999999999995e-06,653.137941005812,100.1,1.0,0.999,0.0805,0.0965,0.1205
Silicon Nitride (Sintered),Si3N4,Traditional Ceramic,0.999,0.999,0.8300000000000001,0.965718903183117,1124.902212870403,2872.4364929736294,312.9224947000922,17.936769063237726,574.3253,30.979,9.995000000000001,5.0099999999999995e-06,686.220011295412,100.1,1.0,0.999,0.0805,0.0965,0.1205
Silicon Nitride (Hot Pressed),Si3N4,Traditional Ceramic,0.999,0.999,0.8300000000000001,0.956383133642559,1114.0275910933965,2740.5586605729604,262.0534642447674,17.645674876398434,574.3253,30.979,9.995000000000001,5.0099999999999995e-06,667.4264316275705,100.1,1.0,0.999,0.0805,0.0965,0.1205
Silicon Nitride (RBSN),Si3N4,Traditional Ceramic,0.999,0.999,0.8300000000000001,0.9356805428808953,1089.9125094861247,2934.0126151580926,315.37889953110357,17.007277121119515,574.3253,30.979,9.995000000000001,5.0099999999999995e-06,745.4520578957329,100.1,1.0,0.999,0.0805,0.0965,0.1205
Boron Carbide (B4C),B4C,Traditional Ceramic,0.999,0.999,0.8300000000000001,0.963420203837193,1122.2246097164928,3812.7616578738603,344.4881395405227,16.79054410686361,574.3253,39.97,19.990000000000002,5.0099999999999995e-06,699.4146840408985,100.1,1.0,0.999,0.0805,0.0965,0.1205
Boron Nitride (h-BN),BN,Traditional Ceramic,0.999,0.999,0.8300000000000001,0.9534623890460813,1110.625408482103,3205.749591397342,315.6044997411779,17.201083234849683,574.3253,30.979,9.995000000000001,5.0099999999999995e-06,742.4057774750016,100.1,1.0,0.999,0.0805,0.0965,0.1205
Boron Nitride (c-BN),BN,Traditional Ceramic,0.999,0.999,0.8300000000000001,0.934504836843532,1088.5430071197989,3077.8331540811014,315.2365375803621,16.88541010380693,574.3253,30.979,9.995000000000001,5.0099999999999995e-06,661.972310779895,100.1,1.0,0.999,0.0805,0.0965,0.1205
Aluminum Nitride (AlN),AlN,Traditional Ceramic,0.999,0.999,0.8300000000000001,0.9474994853581835,1103.6796155277143,3213.02317482536,321.4694905532435,17.95268909431957,574.3253,30.979,9.995000000000001,5.0099999999999995e-06,653.3448900723519,100.1,1.0,0.999,0.0805,0.0965,0.1205
Titanium Carbide (TiC),TiC,Traditional Ceramic,0.999,0.999,0.8300000000000001,0.9336592650424824,1087.558056336495,3214.268472695768,299.28503340789854,16.786811583818487,574.3253,30.979,9.995000000000001,5.0099999999999995e-06,722.1437491400343,100.1,1.0,0.999,0.0805,0.0965,0.1205
Titanium Diboride (TiB2),TiB2,Traditional Ceramic,0.999,0.999,0.8300000000000001,0.9529169371315928,1109.9900475467416,3072.461213258521,318.4200274645666,18.06371665963084,574.3253,30.979,9.995000000000001,5.0099999999999995e-06,686.8402703752035,100.1,1.0,0.999,0.0805,0.0965,0.1205
Tungsten Carbide (WC),WC,Traditional Ceramic,0.999,0.999,0.8300000000000001,0.9517948599927387,1108.6830139447818,2961.141652264352,323.2939115039582,17.258439853057116,574.3253,30.979,9.995000000000001,5.0099999999999995e-06,671.5010277429516,100.1,1.0,0.999,0.0805,0.0965,0.1205
Mullite,3Al2O3-2SiO2,Traditional Ceramic,0.999,0.999,0.8300000000000001,0.941482420127421,1096.670733366704,3011.1794619235975,283.00622612093713,17.312501356308385,574.3253,30.979,29.985000000000003,5.0099999999999995e-06,739.0061530675376,1.0009999999999999e-07,1.0,0.999,0.0805,0.0965,0.1205
Cordierite,2MgO-2Al2O3-5SiO2,Traditional Ceramic,0.999,0.999,0.8300000000000001,0.9508026950110158,1107.5273064404614,2986.752062810631,318.49941442880163,17.037197390588695,574.3253,30.979,29.985000000000003,5.0099999999999995e-06,725.9348884326917,1.0009999999999999e-07,1.0,0.999,0.0805,0.0965,0.1205
Spinel,MgAl2O4,Traditional Ceramic,0.999,0.999,0.8300000000000001,0.949430155182405,1105.9285253817416,2971.737536161392,295.7265912502373,18.09708181200388,574.3253,30.979,9.995000000000001,5.0099999999999995e-06,658.8928542978346,100.1,1.0,0.999,0.0805,0.0965,0.1205
Forsterite,Mg2SiO4,Traditional Ceramic,0.999,0.999,0.8300000000000001,0.9375664594897031,1092.1092892732288,3118.764028593478,282.6087782646676,18.173012746540437,574.3253,30.979,9.995000000000001,5.0099999999999995e-06,699.6540005756362,100.1,1.0,0.999,0.0805,0.0965,0.1205
Steatite,Mg3Si4O10(OH)2,Traditional Ceramic,0.999,0.999,0.8300000000000001,0.9594528368202964,1117.603285724733,3217.4475377621616,343.6807456797095,17.725861887088108,574.3253,30.979,9.995000000000001,5.0099999999999995e-06,714.4277801506303,100.1,1.0,0.999,0.0805,0.0965,0.1205
Urania (UO2),UO2,Traditional Ceramic,0.999,0.999,0.8300000000000001,0.9298122985417957,1083.076978959634,3091.0805404883863,307.01665828359654,17.564069057797433,574.3253,30.979,9.995000000000001,5.0099999999999995e-06,731.9690913337427,100.1,1.0,0.999,0.0805,0.0965,0.1205
Thoria (ThO2),ThO2,Traditional Ceramic,0.999,0.999,0.8300000000000001,0.936496580384891,1090.863057716054,3247.032208601749,319.67839307378244,17.241371072874326,574.3253,30.979,9.995000000000001,5.0099999999999995e-06,734.680307477973,100.1,1.0,0.999,0.0805,0.0965,0.1205
Hafnia (HfO2),HfO2,Traditional Ceramic,0.999,0.999,0.8300000000000001,0.9576229054688439,1115.4717194688953,3097.1571758239616,290.5850103600285,16.581435750837052,574.3253,30.979,9.995000000000001,5.0099999999999995e-06,679.119828307912,100.1,1.0,0.999,0.0805,0.0965,0.1205
Barium Titanate (Pure),BaTiO3,Functional Ceramic,0.965,0.98,0.78,0.9029536258897579,1022.938103697989,2983.418505000934,284.04790844951737,14.960302790765107,562.796,30.58,29.7,5.199999999999999e-06,707.5502443067421,1.02e-07,1.0,0.98,0.16,0.19,0.235
Barium Titanate (Sr-doped),Ba0.8Sr0.2TiO3,Functional Ceramic,0.999,0.999,0.78,0.949829790448242,1096.9052345204097,2963.0805256476133,324.14381780381285,16.00582064074588,569.8298,30.979,9.995000000000001,5.0099999999999995e-06,669.8453616295255,100.1,1.0,0.999,0.1505,0.1805,0.22549999999999998
Barium Titanate (Ca-doped),Ba0.9Ca0.1TiO3,Functional Ceramic,0.999,0.999,0.78,0.9338933754998758,1078.5011613357788,3090.640106449914,288.4132705639747,16.249308180684174,569.8298,30.979,9.995000000000001,5.0099999999999995e-06,703.32078809275,100.1,1.0,0.999,0.1505,0.1805,0.22549999999999998
Lead Zirconate Titanate (PZT-5H),Pb(Zr0.52Ti0.48)O3,Functional Ceramic,0.999,0.999,0.78,0.9256350982658692,1068.9641394217495,3159.101559586534,316.03382760550204,17.362742806200117,569.8298,30.979,9.995000000000001,5.0099999999999995e-06,703.7227822332889,100.1,1.0,0.999,0.1505,0.1805,0.22549999999999998
Lead Zirconate Titanate (PZT-4),Pb(Zr0.52Ti0.48)O3,Functional Ceramic,0.999,0.999,0.78,0.9189832818441657,1061.2823291380437,2939.390723544004,297.080193543931,17.004189912552846,569.8298,30.979,9.995000000000001,5.0099999999999995e-06,653.7062089751122,100.1,1.0,0.999,0.1505,0.1805,0.22549999999999998
Lead Zirconate Titanate (PZT-8),Pb(Zr0.52Ti0.48)O3,Functional Ceramic,0.999,0.999,0.78,0.9154864849735532,1057.2440742527983,3006.7505424880433,319.9115839750067,16.6179330891506,569.8298,30.979,9.995000000000001,5.0099999999999995e-06,703.1432683675815,100.1,1.0,0.999,0.1505,0.1805,0.22549999999999998
Lead Lanthanum Zirconate Titanate (PLZT),"(Pb,La)(Zr,Ti)O3",Functional Ceramic,0.999,0.999,0.78,0.9259349828730065,1069.3104593609944,3093.406473228465,338.59531117679023,16.959035598229907,569.8298,30.979,9.995000000000001,5.0099999999999995e-06,748.9953625245017,100.1,1.0,0.999,0.1505,0.1805,0.22549999999999998
Zinc Oxide (ZnO),ZnO,Functional Ceramic,0.985,0.995,0.78,0.9255505181238308,1064.5867169563928,3085.2828797119737,307.17557365084105,16.580664747709136,568.3489999999999,30.895,9.975000000000001,5.050000000000001e-06,678.0462692330483,10049999999.999998,9.06895,0.995,0.1525,0.1825,0.22749999999999998
Zinc Oxide (Al-doped),ZnO,Functional Ceramic,0.985,0.995,0.78,0.918087501421862,1056.0026058854544,2882.7069637612735,297.1273768263772,15.723317678973462,568.3489999999999,30.895,9.975000000000001,5.050000000000001e-06,657.7313922092184,10049999999.999998,9.06895,0.995,0.1525,0.1825,0.22749999999999998
Yttria-Stabilized Zirconia (8YSZ),ZrO2,Functional Ceramic,0.98,0.99,0.78,0.9225025826088568,1055.7488556408803,3038.0576678036027,273.6147953201633,15.021779334623561,566.498,30.79,9.95,5.0999999999999995e-06,742.8046743791751,10100000000.0,9.1048925,0.99,0.155,0.185,0.22999999999999998
Scandia-Stabilized Zirconia (ScSZ),ZrO2,Functional Ceramic,0.98,0.99,0.78,0.9261800468206076,1059.9574927833762,2985.911041560896,293.4863666601395,15.53445218454445,566.498,30.79,9.95,5.0999999999999995e-06,739.3934630096118,10100000000.0,9.1048925,0.99,0.155,0.185,0.22999999999999998
Bismuth Ferrite (BFO),BiFeO3,Functional Ceramic,0.999,0.999,0.78,0.9481673687929112,1094.985396846281,3031.3745634551715,279.4057255362749,16.531786324256842,569.8298,30.979,9.995000000000001,5.0099999999999995e-06,749.0536265963751,100.1,1.0,0.999,0.1505,0.1805,0.22549999999999998
Sodium Bismuth Titanate (NBT),Na0.5Bi0.5TiO3,Functional Ceramic,0.999,0.999,0.78,0.9377256648167519,1082.926857659637,3073.4796559082115,305.8732649003506,17.374349908592794,569.8298,30.979,9.995000000000001,5.0099999999999995e-06,725.1601912612497,100.1,1.0,0.999,0.1505,0.1805,0.22549999999999998
Potassium Sodium Niobate (KNN),"(K,Na)NbO3",Functional Ceramic,0.999,0.999,0.78,0.9183357648476042,1060.5345480196668,3134.343055321109,321.92530082258725,16.17870199974352,569.8298,30.979,9.995000000000001,5.0099999999999995e-06,703.732728749411,100.1,1.0,0.999,0.1505,0.1805,0.22549999999999998
Lithium Niobate (LiNbO3),LiNbO3,Functional Ceramic,0.999,0.999,0.78,0.9384019836214231,1083.7079003732988,3189.5678817032563,331.30228647885787,16.856462121337326,569.8298,30.979,9.995000000000001,5.0099999999999995e-06,678.000001657258,100.1,1.0,0.999,0.1505,0.1805,0.22549999999999998
Hydroxyapatite,Ca10(PO4)6(OH)2,Bioceramic,0.999,0.999,0.78,0.9438087078474715,1089.9518234054055,2952.804681613736,322.83199171208486,17.216107906889658,569.8298,30.979,9.995000000000001,5.0099999999999995e-06,715.7478101213209,100.1,1.0,0.999,0.1505,0.1805,0.22549999999999998
Bioactive Glass (45S5),SiO2-Na2O-CaO-P2O5,Bioceramic,0.999,0.999,0.78,0.916305695088858,1058.1901341391972,3049.8486371548756,293.9854137272426,15.886878007451255,569.8298,30.979,9.995000000000001,5.0099999999999995e-06,665.0462187660241,100.1,1.0,0.999,0.1505,0.1805,0.22549999999999998
Silicon-doped Hydroxyapatite,Ca10(PO4)6-x(SiO4)x(OH)2-x,Bioceramic,0.999,0.999,0.78,0.9248880990427161,1068.1014718508866,2936.0253461115017,276.1278688327109,16.52137759363721,569.8298,30.979,9.995000000000001,5.0099999999999995e-06,720.8068383815754,100.1,1.0,0.999,0.1505,0.1805,0.22549999999999998
Tin Oxide (SnO2),SnO2,Functional Ceramic,0.999,0.999,0.78,0.9388933694537287,1084.275374353422,2994.292922137324,284.804716077102,16.91531662060019,569.8298,30.979,9.995000000000001,5.0099999999999995e-06,703.096965472888,100.1,1.0,0.999,0.1505,0.1805,0.22549999999999998
Indium Tin Oxide (ITO),In2O3,Functional Ceramic,0.999,0.999,0.78,0.9440171567929622,1090.1925494194118,2938.776805090044,275.57779636586906,16.322962160782556,569.8298,30.979,9.995000000000001,5.0099999999999995e-06,690.3820085761452,100.1,1.0,0.999,0.1505,0.1805,0.22549999999999998
Titanium Dioxide (Rutile),TiO2,Functional Ceramic,0.999,0.999,0.78,0.9320448400325941,1076.3663912426011,3034.8557389423936,321.0208577981358,16.440238440343954,569.8298,30.979,29.985000000000003,5.0099999999999995e-06,651.6764653209967,1.0009999999999999e-07,1.0,0.999,0.1505,0.1805,0.22549999999999998
Titanium Dioxide (Anatase),TiO2,Functional Ceramic,0.999,0.999,0.78,0.9218130834003836,1064.5503084864326,3091.888829692352,297.55728584933854,16.974961061282034,569.8298,30.979,29.985000000000003,5.0099999999999995e-06,677.1937279969372,1.0009999999999999e-07,1.0,0.999,0.1505,0.1805,0.22549999999999998
Ferrite (MnZn),MnZnFe2O4,Functional Ceramic,0.999,0.999,0.78,0.9355166966821145,1080.3758440631598,3164.6058417256477,309.46641762146686,16.438510828551905,569.8298,30.979,9.995000000000001,5.0099999999999995e-06,682.0293799838199,100.1,1.0,0.999,0.1505,0.1805,0.22549999999999998
Ferrite (NiZn),NiZnFe2O4,Functional Ceramic,0.999,0.999,0.78,0.9379610190772208,1083.1986551152143,3095.615668515492,308.7797251002862,15.985754338732415,569.8298,30.979,9.995000000000001,5.0099999999999995e-06,684.269322916413,100.1,1.0,0.999,0.1505,0.1805,0.22549999999999998
Garnet (YIG),Y3Fe5O12,Functional Ceramic,0.999,0.999,0.78,0.9483273311401885,1095.17012840326,2937.5633408350604,306.3720926420276,16.807772892361317,569.8298,30.979,9.995000000000001,5.0099999999999995e-06,651.5775186832908,100.1,1.0,0.999,0.1505,0.1805,0.22549999999999998
SiC-Fiber/SiC-Matrix (CVI),SiC,Ceramic Composite,0.999,0.999,0.91,0.966377151531568,1141.115535317203,3776.5571575343256,354.13914909876,19.029288878081978,581.5181,39.97,19.990000000000002,5.0099999999999995e-06,662.9431324287164,100.1,1.0,0.999,0.1005,0.1205,0.15050000000000002
SiC-Fiber/SiC-Matrix (PIP),SiC,Ceramic Composite,0.999,0.999,0.91,0.9694672599340901,1144.7643909408523,3813.4721321619368,356.32208784210803,18.46569529506821,581.5181,39.97,19.990000000000002,5.0099999999999995e-06,726.3958705705465,100.1,1.0,0.999,0.1005,0.1205,0.15050000000000002
C-Fiber/SiC-Matrix,SiC,Ceramic Composite,0.999,0.999,0.91,0.9556534245327979,1128.4527654499693,3896.7341096218906,390.919672205464,19.379686629522535,581.5181,39.97,19.990000000000002,5.0099999999999995e-06,732.6452439096774,100.1,1.0,0.999,0.1005,0.1205,0.15050000000000002
C-Fiber/C-Matrix (C/C),Carbon,Ceramic Composite,0.999,0.999,0.91,0.989172089602479,1168.0322085002201,3208.000589463121,327.66995077807286,18.163622125993562,581.5181,30.979,9.995000000000001,5.0099999999999995e-06,704.9998769405523,100.1,1.0,0.999,0.1005,0.1205,0.15050000000000002
Al2O3-Fiber/Al2O3-Matrix,Al2O3,Ceramic Composite,0.999,0.999,0.91,0.9720195144701199,1147.778139037578,3075.327826966585,313.1115914053263,18.37938755813502,581.5181,30.979,29.985000000000003,5.0099999999999995e-06,679.3469356231468,1.0009999999999999e-07,1.0,0.999,0.1005,0.1205,0.15050000000000002
Alumina-Zirconia (ZTA 10%),Al2O3,Ceramic Composite,0.999,0.999,0.91,0.9794946182239148,1156.6048761019265,3106.825732841736,315.63795108165465,17.78916260257729,581.5181,30.979,29.985000000000003,5.0099999999999995e-06,715.1417322748842,1.0009999999999999e-07,1.0,0.999,0.1005,0.1205,0.15050000000000002
Alumina-Zirconia (ZTA 20%),Al2O3,Ceramic Composite,0.999,0.999,0.91,0.9877748734965168,1166.38235057241,3274.7865696399995,353.751584832744,18.635094779836564,581.5181,30.979,29.985000000000003,5.0099999999999995e-06,673.1454530133034,1.0009999999999999e-07,1.0,0.999,0.1005,0.1205,0.15050000000000002
Alumina-SiC Whisker (15%),Al2O3,Ceramic Composite,0.999,0.999,0.91,0.968562283176729,1143.6957780961786,3289.145790981375,332.89094198434304,18.890136716958086,581.5181,30.979,29.985000000000003,5.0099999999999995e-06,666.1231092816352,1.0009999999999999e-07,1.0,0.999,0.1005,0.1205,0.15050000000000002
Alumina-SiC Whisker (30%),Al2O3,Ceramic Composite,0.999,0.999,0.91,0.9553238930080442,1128.0636486939727,3156.9945810891713,299.570674955774,19.14050877522967,581.5181,30.979,29.985000000000003,5.0099999999999995e-06,660.7694035643292,1.0009999999999999e-07,1.0,0.999,0.1005,0.1205,0.15050000000000002
Alumina-Graphene (0.5wt%),Al2O3,Ceramic Composite,0.999,0.999,0.91,0.9856876866116492,1163.9177627293943,3040.0369380114334,311.592846401081,18.266756829087335,581.5181,30.979,29.985000000000003,5.0099999999999995e-06,734.5840744928289,1.0009999999999999e-07,1.0,0.999,0.1005,0.1205,0.15050000000000002
Alumina-Graphene (1.0wt%),Al2O3,Ceramic Composite,0.999,0.999,0.91,0.9720566273937358,1147.8219626458163,3307.607514231542,351.24322152381,18.40743464944574,581.5181,30.979,29.985000000000003,5.0099999999999995e-06,727.5370611057438,1.0009999999999999e-07,1.0,0.999,0.1005,0.1205,0.15050000000000002
Zirconia-Toughened Alumina (ZTA),Al2O3,Ceramic Composite,0.999,0.999,0.91,0.980628612241387,1157.9439166496502,3326.86756901383,338.92925812565517,18.69875256500061,581.5181,30.979,29.985000000000003,5.0099999999999995e-06,651.9287006704474,1.0009999999999999e-07,1.0,0.999,0.1005,0.1205,0.15050000000000002
Alumina-Toughened Zirconia (ATZ),ZrO2,Ceramic Composite,0.98,0.99,0.91,0.952137612171098,1114.1723910103756,3267.0333363906343,325.6726339030082,16.836841806548513,578.081,30.79,9.95,5.0999999999999995e-06,725.6434835634984,10100000000.0,9.1048925,0.99,0.10500000000000001,0.125,0.15500000000000003
Si3N4-SiC Nanocomposite,Si3N4,Ceramic Composite,0.999,0.999,0.91,0.9635678006293829,1137.7982032035866,2930.0591885194167,281.681933273207,18.89714336873554,581.5181,30.979,9.995000000000001,5.0099999999999995e-06,722.7299853803785,100.1,1.0,0.999,0.1005,0.1205,0.15050000000000002
Si3N4-TiN Composite,Si3N4,Ceramic Composite,0.999,0.999,0.91,0.96526935297117,1139.807426836711,2869.4919093929107,303.8208208067187,17.700335099751285,581.5181,30.979,9.995000000000001,5.0099999999999995e-06,722.7052394608837,100.1,1.0,0.999,0.1005,0.1205,0.15050000000000002
WC-Co (6%),WC,Cermet,0.999,0.999,0.88,0.9492186345423468,1115.1648331075778,3006.5217972239893,284.5695189313739,18.42203026362138,578.8208,30.979,9.995000000000001,5.0099999999999995e-06,724.1612194921225,100.1,1.0,0.999,0.1205,0.1445,0.1805
WC-Co (12%),WC,Cermet,0.999,0.999,0.88,0.9497287750691045,1115.7641584417854,3211.4064953732423,335.04917567857115,18.35876017873553,578.8208,30.979,9.995000000000001,5.0099999999999995e-06,740.5394071084286,100.1,1.0,0.999,0.1205,0.1445,0.1805
TiC-NiMo,TiC,Cermet,0.999,0.999,0.88,0.9467035185790841,1112.2100145111538,3056.8073278038673,318.25839455578233,18.739432634905324,578.8208,30.979,9.995000000000001,5.0099999999999995e-06,681.6098615260138,100.1,1.0,0.999,0.1205,0.1445,0.1805
MAX Phase (Ti3SiC2),Ti3SiC2,Novel Composite,0.999,0.999,0.78,0.9358959088680807,1080.81377498085,3471.6204574317558,313.27940251371876,16.471623546453806,569.8298,39.97,19.990000000000002,5.0099999999999995e-06,683.3663517761502,100.1,1.0,0.999,0.1505,0.1805,0.22549999999999998
MAX Phase (Ti2AlC),Ti2AlC,Novel Composite,0.999,0.999,0.78,0.9338352002995763,1078.433978054764,3168.3760209320253,310.7217192335696,16.855692420079226,569.8298,30.979,9.995000000000001,5.0099999999999995e-06,747.7334961169232,100.1,1.0,0.999,0.1505,0.1805,0.22549999999999998
MAX Phase (Cr2AlC),Cr2AlC,Novel Composite,0.999,0.999,0.78,0.9151578580635086,1056.8645614374946,3164.354709653897,296.75649971026576,16.29090475720204,569.8298,30.979,9.995000000000001,5.0099999999999995e-06,697.4426360207035,100.1,1.0,0.999,0.1505,0.1805,0.22549999999999998
MXene (Ti3C2Tx),Ti3C2Tx,Novel Composite,0.999,0.999,0.78,0.9367339450309695,1081.781576015345,2900.8379109465754,274.33803938429685,16.440231689259228,569.8298,30.979,9.995000000000001,5.0099999999999995e-06,738.9388939615559,100.1,1.0,0.999,0.1505,0.1805,0.22549999999999998
Diamond-SiC Composite,SiC,Ceramic Composite,0.999,0.999,0.91,0.9844184388219698,1162.4190120928806,3774.0394795766047,396.61029327799764,19.188833249380618,581.5181,39.97,19.990000000000002,5.0099999999999995e-06,680.5914985110298,100.1,1.0,0.999,0.1005,0.1205,0.15050000000000002
B4C-TiB2 Composite,B4C,Ceramic Composite,0.999,0.999,0.91,0.9666612410281538,1141.4509933083823,3783.4971603516315,380.2839311947375,18.291570665228175,581.5181,39.97,19.990000000000002,5.0099999999999995e-06,667.2617169181674,100.1,1.0,0.999,0.1005,0.1205,0.15050000000000002
Al2O3-Cu Interpenetrating,Al2O3,Ceramic Composite,0.999,0.999,0.91,0.9804648317440678,1157.7505216903667,3220.9169952527423,292.3277368101044,18.268808170220954,581.5181,30.979,29.985000000000003,5.0099999999999995e-06,713.8386781005372,1.0009999999999999e-07,1.0,0.999,0.1005,0.1205,0.15050000000000002
SiC-Al Interpenetrating,SiC,Ceramic Composite,0.999,0.999,0.91,0.9870787692247234,1165.5603781183993,3718.1013470394164,355.2978164602314,17.851402517461082,581.5181,39.97,19.990000000000002,5.0099999999999995e-06,654.5588691753588,100.1,1.0,0.999,0.1005,0.1205,0.15050000000000002
Glass-Ceramic (LAS),Li2O-Al2O3-SiO2,Ceramic Composite,0.999,0.999,0.91,0.9644456336750122,1138.8347642648605,3252.9202660912297,314.93315544811696,19.330502230559826,581.5181,30.979,29.985000000000003,5.0099999999999995e-06,712.467778273784,1.0009999999999999e-07,1.0,0.999,0.1005,0.1205,0.15050000000000002
Glass-Ceramic (MAS),MgO-Al2O3-SiO2,Ceramic Composite,0.999,0.999,0.91,0.9841962062841011,1162.1565959119796,3052.6971608921444,326.146610745426,18.677454199891248,581.5181,30.979,29.985000000000003,5.0099999999999995e-06,712.7618084283166,1.0009999999999999e-07,1.0,0.999,0.1005,0.1205,0.15050000000000002
Zirconia-CNT (1wt%),ZrO2,Ceramic Composite,0.98,0.99,0.91,0.9510572685835593,1112.9081945511093,3221.993945643561,332.89068810387096,17.658549787459314,578.081,30.79,9.95,5.0999999999999995e-06,654.0037459277561,10100000000.0,9.1048925,0.99,0.10500000000000001,0.125,0.15500000000000003
Mullite-Cordierite Composite,3Al2O3-2SiO2,Ceramic Composite,0.999,0.999,0.91,0.9737544168912249,1149.8267430446624,3197.593413033164,326.461412262514,19.198918668659253,581.5181,30.979,29.985000000000003,5.0099999999999995e-06,726.2341815737437,1.0009999999999999e-07,1.0,0.999,0.1005,0.1205,0.15050000000000002
SiAlON (alpha),Si-Al-O-N,Ceramic Composite,0.999,0.999,0.91,0.9660208226352245,1140.6947757424805,3040.816764433205,332.6205996324857,18.72582194088368,581.5181,30.979,9.995000000000001,5.0099999999999995e-06,706.3357138820047,100.1,1.0,0.999,0.1005,0.1205,0.15050000000000002
SiAlON (beta),Si-Al-O-N,Ceramic Composite,0.999,0.999,0.91,0.9777407716449185,1154.5339024922093,3057.5386431056236,305.7472360630702,18.63747352505307,581.5181,30.979,9.995000000000001,5.0099999999999995e-06,693.3351177908254,100.1,1.0,0.999,0.1005,0.1205,0.15050000000000002
Alumina-Carbon Nanotube (CNT),Al2O3,Ceramic Composite,0.999,0.999,0.91,0.9690130855464938,1144.2280936488396,3306.686084164617,330.319145922882,17.94635986755921,581.5181,30.979,29.985000000000003,5.0099999999999995e-06,721.7621066080773,1.0009999999999999e-07,1.0,0.999,0.1005,0.1205,0.15050000000000002
Diamond-like Carbon (DLC) on Si,Si,Coating,0.999,0.999,0.78,0.9406110235752434,1086.2589969097285,3082.9716116890017,279.5969861223389,16.75750741249645,569.8298,30.979,9.995000000000001,5.0099999999999995e-06,727.2337650328369,100.1,1.0,0.999,0.1505,0.1805,0.22549999999999998
TiN on Steel,Steel,Coating,0.999,0.999,0.78,0.9297876157216584,1073.759649290463,3062.124930296845,292.6751131841684,16.380713279372728,569.8298,30.979,9.995000000000001,5.0099999999999995e-06,736.4280259758932,100.1,1.0,0.999,0.1505,0.1805,0.22549999999999998
Fly Ash Geopolymer (NaOH activator),Fly Ash Class F,Geopolymer,0.965,0.975,0.78,0.9300321765145615,1048.2392661495624,2890.9334879932308,307.6508371295565,13.881460494841894,560.9449999999999,30.474999999999998,29.625,5.25e-06,656.7825447908301,1.0249999999999998e-07,1.0,0.975,0.1625,0.1925,0.2375
Fly Ash Geopolymer (Na2SiO3 activator),Fly Ash Class F,Geopolymer,0.965,0.975,0.78,0.9132708103407485,1029.3475303350579,2878.1819627316017,282.7466872043403,13.82795134587835,560.9449999999999,30.474999999999998,29.625,5.25e-06,729.4287670274555,1.0249999999999998e-07,1.0,0.975,0.1625,0.1925,0.2375
Fly Ash Geopolymer (KOH activator),Fly Ash Class F,Geopolymer,0.965,0.975,0.78,0.90916659830434,1024.7216729488218,2849.478694016424,300.31695365363015,13.686119959339667,560.9449999999999,30.474999999999998,29.625,5.25e-06,701.7785681888815,1.0249999999999998e-07,1.0,0.975,0.1625,0.1925,0.2375
Metakaolin Geopolymer (Na2SiO3),Metakaolin,Geopolymer,0.999,0.999,0.78,0.9279010689573255,1071.5809820789536,3173.8456759154833,287.82133097249476,17.301068193635277,569.8298,30.979,9.995000000000001,5.0099999999999995e-06,666.4795831429564,100.1,1.0,0.999,0.1505,0.1805,0.22549999999999998
Metakaolin Geopolymer (K2SiO3),Metakaolin,Geopolymer,0.999,0.999,0.78,0.9382245410588114,1083.502981894522,3059.303528241142,277.170267203473,16.605489703375248,569.8298,30.979,9.995000000000001,5.0099999999999995e-06,682.2378423667224,100.1,1.0,0.999,0.1505,0.1805,0.22549999999999998
Slag Geopolymer (NaOH),GGBS,Geopolymer,0.999,0.999,0.78,0.9347763278769988,1079.520833590785,3083.1173704858647,313.3099425883876,16.58746975567729,569.8298,30.979,9.995000000000001,5.0099999999999995e-06,727.2587818372593,100.1,1.0,0.999,0.1505,0.1805,0.22549999999999998
Slag Geopolymer (Na2CO3),GGBS,Geopolymer,0.999,0.999,0.78,0.9434579107884439,1089.54670752657,2955.9485688064683,287.2216756070872,16.051088110350943,569.8298,30.979,9.995000000000001,5.0099999999999995e-06,695.2057230215569,100.1,1.0,0.999,0.1505,0.1805,0.22549999999999998
Fly Ash/Slag (70/30) Blend,Fly Ash/GGBS,Geopolymer,0.965,0.975,0.78,0.9027506786349331,1017.4902898894333,2922.8324005574564,268.7533915534071,14.391919917004108,560.9449999999999,30.474999999999998,29.625,5.25e-06,662.8713245867757,1.0249999999999998e-07,1.0,0.975,0.1625,0.1925,0.2375
Fly Ash/Slag (50/50) Blend,Fly Ash/GGBS,Geopolymer,0.965,0.975,0.78,0.9230484337749755,1040.367889707775,2810.927258118336,285.28191568673947,13.30904299493029,560.9449999999999,30.474999999999998,29.625,5.25e-06,691.5952062760605,1.0249999999999998e-07,1.0,0.975,0.1625,0.1925,0.2375
Geopolymer Concrete (Basalt aggregate),Fly Ash,Geopolymer,0.965,0.975,0.78,0.8999603157656464,1014.3452718994602,2941.05553975672,271.8568307248983,14.038359076210718,560.9449999999999,30.474999999999998,29.625,5.25e-06,696.9246967212506,1.0249999999999998e-07,1.0,0.975,0.1625,0.1925,0.2375
Geopolymer Foam (H2O2),Metakaolin,Geopolymer,0.999,0.999,0.78,0.9215185445915772,1064.2101621103157,2926.7097869695635,290.2032043864124,16.401629132124686,569.8298,30.979,9.995000000000001,5.0099999999999995e-06,657.7246527743035,100.1,1.0,0.999,0.1505,0.1805,0.22549999999999998
Geopolymer-Basalt Fiber Composite,Fly Ash,Geopolymer,0.965,0.975,0.78,0.9223985732287255,1039.6354318860965,2782.6558712163474,303.2582612276324,13.156171333866526,560.9449999999999,30.474999999999998,29.625,5.25e-06,719.4136927419281,1.0249999999999998e-07,1.0,0.975,0.1625,0.1925,0.2375
Geopolymer-Carbon Fiber Composite,Metakaolin,Geopolymer,0.999,0.999,0.78,0.9169032645797109,1058.880233680292,3140.3145341563286,319.9857470130589,16.732433366758105,569.8298,30.979,9.995000000000001,5.0099999999999995e-06,692.4213084166408,100.1,1.0,0.999,0.1505,0.1805,0.22549999999999998
Red Mud Geopolymer,Red Mud,Geopolymer,0.999,0.999,0.78,0.9495867483213097,1096.6245587783749,2987.6924381413946,282.60078934171634,17.371599599523606,569.8298,30.979,9.995000000000001,5.0099999999999995e-06,726.4826058897452,100.1,1.0,0.999,0.1505,0.1805,0.22549999999999998
Rice Husk Ash Geopolymer,Rice Husk Ash,Geopolymer,0.999,0.999,0.78,0.9354238678798654,1080.2686412778553,3057.7564732222822,277.2548505063628,15.98878877471031,569.8298,30.979,9.995000000000001,5.0099999999999995e-06,692.8078453039827,100.1,1.0,0.999,0.1505,0.1805,0.22549999999999998
Geopolymer-Hemp Composite,Fly Ash,Geopolymer,0.965,0.975,0.78,0.917916946366053,1034.5841902491784,2775.7387793662438,265.6321342174358,14.228416520773157,560.9449999999999,30.474999999999998,29.625,5.25e-06,668.9561625271648,1.0249999999999998e-07,1.0,0.975,0.1625,0.1925,0.2375
High-Temperature Geopolymer (Phosphate),Metakaolin,Geopolymer,0.999,0.999,0.78,0.9481703967677866,1094.988893684898,3018.8697086909565,312.8343200753347,16.130331751898417,569.8298,30.979,9.995000000000001,5.0099999999999995e-06,745.9526766523398,100.1,1.0,0.999,0.1505,0.1805,0.22549999999999998
Ferro-sialate Geopolymer,Fly Ash,Geopolymer,0.965,0.975,0.78,0.920458872817801,1037.4491955529436,2921.402284581626,302.78168626346684,13.144057652821463,560.9449999999999,30.474999999999998,29.625,5.25e-06,730.1820235589943,1.0249999999999998e-07,1.0,0.975,0.1625,0.1925,0.2375
Geopolymer Mortar,Fly Ash,Geopolymer,0.965,0.975,0.78,0.9165003183237727,1032.9875087827243,2969.493425713024,278.121838329572,13.619183773694163,560.9449999999999,30.474999999999998,29.625,5.25e-06,690.4043083335672,1.0249999999999998e-07,1.0,0.975,0.1625,0.1925,0.2375
Self-healing Geopolymer (Microcapsules),Fly Ash,Geopolymer,0.965,0.975,0.78,0.9018144884272964,1016.4351099064058,2800.437010257323,258.7431554241079,13.838869462752903,560.9449999999999,30.474999999999998,29.625,5.25e-06,690.3491764709553,1.0249999999999998e-07,1.0,0.975,0.1625,0.1925,0.2375
Concrete + Nano-Silica (3%),OPC,Concrete Additive,0.965,0.975,0.73,0.8954593246478776,1000.541476395306,2862.899681900979,308.02902514572975,13.765088268554175,556.5575,30.474999999999998,29.625,5.25e-06,669.9545504295805,1.0249999999999998e-07,1.0,0.975,0.1925,0.2285,0.28250000000000003
Concrete + Titanium Dioxide (3%),OPC,Concrete Additive,0.965,0.975,0.73,0.9151700976461538,1022.5653086049298,2744.3558170533925,282.65238360725283,12.971199463895514,556.5575,30.474999999999998,29.625,5.25e-06,714.5131974951639,1.0249999999999998e-07,1.0,0.975,0.1925,0.2285,0.28250000000000003
Concrete + Graphene Oxide (0.1%),OPC,Concrete Additive,0.965,0.975,0.73,0.8882657171776817,992.5036990884826,2875.404159468143,293.19610776069436,12.561466162585102,556.5575,30.474999999999998,29.625,5.25e-06,729.8038355599219,1.0249999999999998e-07,1.0,0.975,0.1925,0.2285,0.28250000000000003
Concrete + Carbon Nanotubes (0.1%),OPC,Concrete Additive,0.965,0.975,0.73,0.9085988542761068,1015.2229298254078,2775.482757018697,286.02228327888974,12.831035828981346,556.5575,30.474999999999998,29.625,5.25e-06,666.0016333532333,1.0249999999999998e-07,1.0,0.975,0.1925,0.2285,0.28250000000000003
Concrete + Basalt Fibers (1%),OPC,Concrete Additive,0.965,0.975,0.73,0.8861712947371515,990.1634961745561,2864.8220411848756,281.6705893080638,13.62176322269609,556.5575,30.474999999999998,29.625,5.25e-06,725.716478457569,1.0249999999999998e-07,1.0,0.975,0.1925,0.2285,0.28250000000000003
Concrete + Bacterial Spores (1%),OPC,Concrete Additive,0.965,0.975,0.73,0.8861740121813878,990.1665325108736,2898.8352154504746,278.9049091980548,12.915368313696403,556.5575,30.474999999999998,29.625,5.25e-06,725.8707597957651,1.0249999999999998e-07,1.0,0.975,0.1925,0.2285,0.28250000000000003
Concrete + Mullite (5%),OPC,Concrete Additive,0.965,0.975,0.73,0.8948213034973771,999.8285834627942,2906.49277114538,274.534890493702,13.418376399656891,556.5575,30.474999999999998,29.625,5.25e-06,711.4811623083297,1.0249999999999998e-07,1.0,0.975,0.1925,0.2285,0.28250000000000003
Concrete + Cordierite (5%),OPC,Concrete Additive,0.965,0.975,0.73,0.9126690658676825,1019.7707807472549,2779.9544090232635,260.85945073814844,13.762142345389691,556.5575,30.474999999999998,29.625,5.25e-06,702.4940858156211,1.0249999999999998e-07,1.0,0.975,0.1925,0.2285,0.28250000000000003
Concrete + Spinel (5%),OPC,Concrete Additive,0.965,0.975,0.73,0.8995254139149838,1005.084721237907,2929.944681558208,294.50090753261344,12.679882632964254,556.5575,30.474999999999998,29.625,5.25e-06,651.3591832154007,1.0249999999999998e-07,1.0,0.975,0.1925,0.2285,0.28250000000000003
Concrete + SiC particles (5%),OPC,Concrete Additive,0.965,0.975,0.73,0.8852363939599073,989.1188847911023,2845.314993643603,260.1223690890767,13.306670209807313,556.5575,30.474999999999998,29.625,5.25e-06,720.0621316477209,1.0249999999999998e-07,1.0,0.975,0.1925,0.2285,0.28250000000000003
Concrete + AlN particles (2%),OPC,Concrete Additive,0.965,0.975,0.73,0.8985274197033094,1003.9696124054927,2749.4635146461696,295.8646988656373,12.7541554709069,556.5575,30.474999999999998,29.625,5.25e-06,686.7686890749587,1.0249999999999998e-07,1.0,0.975,0.1925,0.2285,0.28250000000000003
Concrete + B4C particles (2%),OPC,Concrete Additive,0.965,0.975,0.73,0.9115047982309031,1018.4698863032995,2786.4418672422403,286.09999351614397,12.935121969807659,556.5575,30.474999999999998,29.625,5.25e-06,706.2705332408553,1.0249999999999998e-07,1.0,0.975,0.1925,0.2285,0.28250000000000003
Concrete + Wollastonite,OPC,Concrete Additive,0.965,0.975,0.73,0.8916135587791956,996.244409901934,2899.057662138263,317.9575958222089,13.767420190457806,556.5575,30.474999999999998,29.625,5.25e-06,725.0690667795224,1.0249999999999998e-07,1.0,0.975,0.1925,0.2285,0.28250000000000003
Concrete + Phase Change Material (PCM),OPC,Concrete Additive,0.965,0.975,0.73,0.8893892132612407,993.7590374374471,2859.7077934326535,293.6305129865529,12.64547688242904,556.5575,30.474999999999998,29.625,5.25e-06,707.9425592960316,1.0249999999999998e-07,1.0,0.975,0.1925,0.2285,0.28250000000000003
Concrete + Superabsorbent Polymer (SAP),OPC,Concrete Additive,0.965,0.975,0.73,0.9161910871208769,1023.7061111945118,2940.3824517642333,315.5978308603228,13.148078800366223,556.5575,30.474999999999998,29.625,5.25e-06,654.9672103168828,1.0249999999999998e-07,1.0,0.975,0.1925,0.2285,0.28250000000000003
UHPC (Ultra-High Performance Concrete),OPC+Silica Fume,Concrete Additive,0.965,0.975,0.73,0.8987422935884976,1004.2097017411077,2924.028237118602,270.2965302822391,13.198777808186897,556.5575,30.474999999999998,29.625,5.25e-06,732.1919717082535,1.0249999999999998e-07,1.0,0.975,0.1925,0.2285,0.28250000000000003
Shotcrete Mix,OPC,Concrete Additive,0.965,0.975,0.73,0.9162293857257892,1023.7489041407105,2903.3828191901034,279.711438869108,13.209485043838203,556.5575,30.474999999999998,29.625,5.25e-06,736.5742097841772,1.0249999999999998e-07,1.0,0.975,0.1925,0.2285,0.28250000000000003
Lightweight Concrete (Expanded Clay),OPC,Concrete Additive,0.965,0.975,0.73,0.9035172684241484,1009.5450198737221,2787.516281899705,306.4639762615673,13.316259999900518,556.5575,30.474999999999998,29.625,5.25e-06,671.936048570116,1.0249999999999998e-07,1.0,0.975,0.1925,0.2285,0.28250000000000003
Heavyweight Concrete (Barite),OPC,Concrete Additive,0.965,0.975,0.73,0.8842850812338202,988.0559355166089,2748.3104135605,255.7025362326634,13.587973358671583,556.5575,30.474999999999998,29.625,5.25e-06,734.250460867248,1.0249999999999998e-07,1.0,0.975,0.1925,0.2285,0.28250000000000003
Pervious Concrete,OPC,Concrete Additive,0.965,0.975,0.73,0.9179721144475801,1025.6961420780035,2719.6883618256365,254.59965703678756,13.288052736526733,556.5575,30.474999999999998,29.625,5.25e-06,730.1627595202714,1.0249999999999998e-07,1.0,0.975,0.1925,0.2285,0.28250000000000003
Low-Coherence Mix (High w/c),OPC,Failure Case,0.965,0.975,0.53,0.8288770495714238,893.819566405345,2668.111206477353,255.05501625790743,11.118175371589867,539.0074999999999,30.474999999999998,29.625,5.25e-06,692.9919130067568,1.0249999999999998e-07,1.0,0.975,0.3125,0.3725,0.46249999999999997
Cracked Alumina,Al2O3,Failure Case,0.999,0.999,0.53,0.8461416330623799,934.8968135208253,2645.3931688800567,273.2116328235581,13.48039735520152,547.3523,30.979,29.985000000000003,5.0099999999999995e-06,683.9773957824553,1.0009999999999999e-07,1.0,0.999,0.3005,0.3605,0.45049999999999996
Amorphous Silica,SiO2,Failure Case,0.999,0.999,0.53,0.8627864374184097,953.2875579849764,2822.412189444706,258.1026042408602,13.259807692749575,547.3523,30.979,9.995000000000001,5.0099999999999995e-06,739.7737753894638,100.1,1.0,0.999,0.3005,0.3605,0.45049999999999996
Over-reinforced Composite (30% SiC),Al2O3,Failure Case,0.999,0.999,0.53,0.8550063961227906,944.6914370376948,2856.9622350113837,261.2794860172899,13.341057996359272,547.3523,30.979,29.985000000000003,5.0099999999999995e-06,746.7053524281182,1.0009999999999999e-07,1.0,0.999,0.3005,0.3605,0.45049999999999996
Under-sintered Alumina,Al2O3,Failure Case,0.999,0.999,0.53,0.8433385476379998,931.7997012539402,2740.3961888665517,279.001015950242,12.411379941791134,547.3523,30.979,29.985000000000003,5.0099999999999995e-06,682.2437969044072,1.0009999999999999e-07,1.0,0.999,0.3005,0.3605,0.45049999999999996
Phase-separated Zirconia,ZrO2,Failure Case,0.98,0.99,0.53,0.8661874437473285,948.4232796567,2711.231479849735,274.78635318826343,12.520674085796184,544.223,30.79,9.95,5.0999999999999995e-06,713.5189697945833,10100000000.0,9.1048925,0.99,0.305,0.365,0.45499999999999996
Geopolymer (Wrong Activator Ratio),Fly Ash,Failure Case,0.965,0.975,0.53,0.8524647379278907,919.2553501445409,2550.6257593189207,235.8751813558492,10.781628477527368,539.0074999999999,30.474999999999998,29.625,5.25e-06,722.3717464078803,1.0249999999999998e-07,1.0,0.975,0.3125,0.3725,0.46249999999999997
Bloated Ceramic,Clay,Failure Case,0.999,0.999,0.53,0.8541572361513514,943.7532052802114,2781.2495955449617,257.1960898316185,12.24576004158689,547.3523,30.979,9.995000000000001,5.0099999999999995e-06,726.6003752609532,100.1,1.0,0.999,0.3005,0.3605,0.45049999999999996
Devitrified Glass,Glass,Failure Case,0.999,0.999,0.53,0.8474195719319032,936.3088005101283,2913.5204061959976,282.5636395210521,12.741555464768929,547.3523,30.979,9.995000000000001,5.0099999999999995e-06,709.7507794722194,100.1,1.0,0.999,0.3005,0.3605,0.45049999999999996
Thermal Shocked SiC,SiC,Failure Case,0.999,0.999,0.53,0.8452045572181377,933.861444042977,3172.614228330063,332.97628143480495,12.881471891255563,547.3523,39.97,19.990000000000002,5.0099999999999995e-06,667.5404972891463,100.1,1.0,0.999,0.3005,0.3605,0.45049999999999996
Agglomerated Nanoparticles in Concrete,OPC,Failure Case,0.965,0.975,0.53,0.8471278232064926,913.5002881547214,2632.6473126939,255.43569849889144,10.689787200088809,539.0074999999999,30.474999999999998,29.625,5.25e-06,691.6316931283415,1.0249999999999998e-07,1.0,0.975,0.3125,0.3725,0.46249999999999997
Contaminated Raw Material (Fe),Al2O3,Failure Case,0.999,0.999,0.53,0.871597721505377,963.023092904962,2889.4050842327747,305.5654079953616,12.900825322319687,547.3523,30.979,29.985000000000003,5.0099999999999995e-06,689.147790869773,1.0009999999999999e-07,1.0,0.999,0.3005,0.3605,0.45049999999999996
Wrong Firing Atmosphere (Oxidized Si3N4),Si3N4,Failure Case,0.999,0.999,0.53,0.8720743459108207,963.5497123507904,2498.487775383478,264.65080701162594,13.244389359278394,547.3523,30.979,9.995000000000001,5.0099999999999995e-06,671.0682744650795,100.1,1.0,0.999,0.3005,0.3605,0.45049999999999996
PZT Depoled,PZT,Failure Case,0.999,0.999,0.53,0.8746742241313176,966.422302197348,2753.0261724069937,277.9055475218896,13.294422126904779,547.3523,30.979,9.995000000000001,5.0099999999999995e-06,736.7863312512287,100.1,1.0,0.999,0.3005,0.3605,0.45049999999999996
C/C Composite (Oxidized),Carbon,Failure Case,0.999,0.999,0.53,0.8450368420230228,933.6761365301858,2648.9337141023043,264.08051585652726,12.934449556582715,547.3523,30.979,9.995000000000001,5.0099999999999995e-06,741.6885996183829,100.1,1.0,0.999,0.3005,0.3605,0.45049999999999996
Geopolymer (Efflorescence),Fly Ash,Failure Case,0.965,0.975,0.53,0.8322590699697886,897.4665681019217,2699.4579406431462,295.7936764192751,11.45005752102204,539.0074999999999,30.474999999999998,29.625,5.25e-06,682.8997468875375,1.0249999999999998e-07,1.0,0.975,0.3125,0.3725,0.46249999999999997
Concrete (Alkali-Silica Reaction),OPC,Failure Case,0.965,0.975,0.53,0.8393208354046233,905.0816228585757,2689.0229665778306,253.19649408398536,11.508171994390024,539.0074999999999,30.474999999999998,29.625,5.25e-06,676.1813528589507,1.0249999999999998e-07,1.0,0.975,0.3125,0.3725,0.46249999999999997
Slump Failed Concrete,OPC,Failure Case,0.965,0.975,0.53,0.8536153177825627,920.4960779308266,2550.665965291499,270.4023100721142,11.008262086049607,539.0074999999999,30.474999999999998,29.625,5.25e-06,741.6089470369644,1.0249999999999998e-07,1.0,0.975,0.3125,0.3725,0.46249999999999997
Segregated Concrete Mix,OPC,Failure Case,0.965,0.975,0.53,0.8514322075256454,918.1419209852797,2765.645237992829,278.87121398671303,11.19849795419676,539.0074999999999,30.474999999999998,29.625,5.25e-06,743.8210292010624,1.0249999999999998e-07,1.0,0.975,0.3125,0.3725,0.46249999999999997
Freeze-Thaw Damaged Concrete,OPC,Failure Case,0.965,0.975,0.53,0.8462104128422723,912.5109986884645,2775.9361827553644,285.8079468328676,10.611488690727212,539.0074999999999,30.474999999999998,29.625,5.25e-06,695.2792292100978,1.0249999999999998e-07,1.0,0.975,0.3125,0.3725,0.46249999999999997
Dosage Study: Nano-Silica in OPC,OPC,Dosage Study,0.965,0.975,0.78,0.9101504599698635,1025.8305834320333,3031.2829136645387,296.65414004809537,13.767240794437074,560.9449999999999,30.474999999999998,29.625,5.25e-06,667.3371578768152,1.0249999999999998e-07,1.0,0.975,0.1625,0.1925,0.2375
Dosage Study: Graphene Oxide in OPC,OPC,Dosage Study,0.965,0.975,0.78,0.9219446127765223,1039.1237730604184,2969.317857276719,317.74661683734763,14.181239633694476,560.9449999999999,30.474999999999998,29.625,5.25e-06,696.0195811244973,1.0249999999999998e-07,1.0,0.975,0.1625,0.1925,0.2375
Dosage Study: CNTs in OPC,OPC,Dosage Study,0.965,0.975,0.78,0.913069408747467,1029.12053059927,2998.561160865123,325.48699602387177,13.13997697324509,560.9449999999999,30.474999999999998,29.625,5.25e-06,685.2007504545179,1.0249999999999998e-07,1.0,0.975,0.1625,0.1925,0.2375
Dosage Study: SiC particles in Al2O3,Al2O3,Dosage Study,0.999,0.999,0.78,0.9252682680970963,1068.5405078023232,3167.4014341354155,320.7129885837439,16.02689987525358,569.8298,30.979,29.985000000000003,5.0099999999999995e-06,650.8661849255758,1.0009999999999999e-07,1.0,0.999,0.1505,0.1805,0.22549999999999998
Dosage Study: Y2O3 in ZrO2,ZrO2,Dosage Study,0.98,0.99,0.78,0.9265511860420175,1060.3822393539267,2901.1248190996034,303.16456372427706,15.499489293594136,566.498,30.79,9.95,5.0999999999999995e-06,653.6526248854278,10100000000.0,9.1048925,0.99,0.155,0.185,0.22999999999999998
Dosage Study: Basalt Fibers in Geopolymer,Fly Ash Geopolymer,Dosage Study,0.965,0.975,0.78,0.9264580399383999,1044.2108568145707,2973.8764140255926,290.2645119258244,13.321634518735634,560.9449999999999,30.474999999999998,29.625,5.25e-06,676.3789656603315,1.0249999999999998e-07,1.0,0.975,0.1625,0.1925,0.2375
Dosage Study: TiO2 in OPC,OPC,Dosage Study,0.965,0.975,0.78,0.9109057806265539,1026.681905344189,3007.764793107712,299.10951595048004,14.298026507497338,560.9449999999999,30.474999999999998,29.625,5.25e-06,749.7933840970935,1.0249999999999998e-07,1.0,0.975,0.1625,0.1925,0.2375
Dosage Study: Bacterial Spores in OPC,OPC,Dosage Study,0.965,0.975,0.78,0.9046598634935552,1019.6421321435862,3040.9340180858776,309.55775092054984,14.35451880083076,560.9449999999999,30.474999999999998,29.625,5.25e-06,694.274313435414,1.0249999999999998e-07,1.0,0.975,0.1625,0.1925,0.2375
Dosage Study: Slag in Fly Ash Geopolymer,Fly Ash Geopolymer,Dosage Study,0.965,0.975,0.78,0.9159168186194103,1032.3298462659375,2798.0585252790947,258.43279634821903,13.694185558824742,560.9449999999999,30.474999999999998,29.625,5.25e-06,688.6284545163994,1.0249999999999998e-07,1.0,0.975,0.1625,0.1925,0.2375
Dosage Study: Cobalt in WC,WC,Dosage Study,0.999,0.999,0.78,0.9323355388321334,1076.7021030070564,2937.2200981364126,314.01983295386174,17.316297157873628,569.8298,30.979,9.995000000000001,5.0099999999999995e-06,715.4736553208937,100.1,1.0,0.999,0.1505,0.1805,0.22549999999999998
