position,intensity,nrci
-10.0,5.375566681216331e-10,0.9999970000000008
-9.97496871088861,2.0844692947312496e-09,0.9999970000000008
-9.949937421777221,4.463705141842188e-09,0.9999970000000008
-9.924906132665832,7.438734860554211e-09,0.9999970000000008
-9.899874843554443,1.0775310571758837e-08,0.9999970000000008
-9.874843554443054,1.429102486074416e-08,0.9999970000000008
-9.849812265331664,1.788006523463523e-08,0.9999970000000008
-9.824780976220275,2.151316307798644e-08,0.9999970000000008
-9.799749687108886,2.5221292912896673e-08,0.9999970000000008
-9.774718397997496,2.9073733008588557e-08,0.9999970000000008
-9.749687108886107,3.315842057414563e-08,0.9999970000000008
-9.724655819774718,3.7568346187245825e-08,0.9999970000000008
-9.699624530663328,4.2394355399393034e-08,0.9999970000000008
-9.67459324155194,4.7722932247503565e-08,0.9999970000000008
-9.64956195244055,5.363706927693379e-08,0.9999970000000008
-9.624530663329162,6.021860309538138e-08,0.9999970000000008
-9.599499374217773,6.755092841653255e-08,0.9999970000000008
-9.574468085106384,7.572151364723324e-08,0.9999970000000008
-9.549436795994994,8.48240106261572e-08,0.9999970000000008
-9.524405506883605,9.495996541416857e-08,0.9999970000000008
-9.499374217772216,1.0624022976564104e-07,0.9999970000000008
-9.474342928660827,1.1878619048293939e-07,0.9999970000000008
-9.449311639549437,1.3273091582641236e-07,0.9999970000000008
-9.424280350438048,1.482202902535779e-07,0.9999970000000008
-9.399249061326659,1.654141838334891e-07,0.9999970000000008
-9.37421777221527,1.8448768485669936e-07,0.9999970000000008
-9.34918648310388,2.056324131132204e-07,0.9999970000000008
-9.32415519399249,2.2905792519132966e-07,0.9999970000000008
-9.299123904881101,2.54993220089597e-07,0.9999970000000008
-9.274092615769712,2.836883520643729e-07,0.9999970000000008
-9.249061326658323,3.1541615711231433e-07,0.9999970000000008
-9.224030037546934,3.5047409935218437e-07,0.9999970000000008
-9.198998748435544,3.8918624359345265e-07,0.9999970000000008
-9.173967459324155,4.3190536045560426e-07,0.9999970000000008
-9.148936170212766,4.790151704853381e-07,0.9999970000000008
-9.123904881101376,5.309327337888783e-07,0.9999970000000008
-9.098873591989987,5.881109917441209e-07,0.9999970000000008
-9.073842302878598,6.510414673768126e-07,0.9999970000000008
-9.048811013767208,7.202571309724725e-07,0.9999970000000008
-9.02377972465582,7.963354374475179e-07,0.9999970000000008
-8.99874843554443,8.79901541915532e-07,0.9999970000000008
-8.973717146433042,9.716316997539525e-07,0.9999970000000008
-8.948685857321653,1.0722568572989412e-06,0.9999970000000008
-8.923654568210264,1.182566439067821e-06,0.9999970000000008
-8.898623279098874,1.3034123371252853e-06,0.9999970000000008
-8.873591989987485,1.4357131078674813e-06,0.9999970000000008
-8.848560700876096,1.5804583810929871e-06,0.9999970000000008
-8.823529411764707,1.7387134857575116e-06,0.9999970000000008
-8.798498122653317,1.9116242962656813e-06,0.9999970000000008
-8.773466833541928,2.1004223025346447e-06,0.9999970000000008
-8.748435544430539,2.3064299063662315e-06,0.9999970000000008
-8.72340425531915,2.531065945883377e-06,0.9999970000000008
-8.69837296620776,2.7758514489186903e-06,0.9999970000000008
-8.67334167709637,3.0424156152848316e-06,0.9999970000000008
-8.648310387984981,3.332502026804735e-06,0.9999970000000008
-8.623279098873592,3.647975082831305e-06,0.9999970000000008
-8.598247809762203,3.990826657738957e-06,0.9999970000000008
-8.573216520650814,4.363182975520378e-06,0.9999970000000008
-8.548185231539424,4.767311695169957e-06,0.9999970000000008
-8.523153942428035,5.205629198978857e-06,0.9999970000000008
-8.498122653316646,5.680708074204799e-06,0.9999970000000008
-8.473091364205256,6.195284776812876e-06,0.9999970000000008
-8.448060075093867,6.752267464111573e-06,0.9999970000000008
-8.423028785982478,7.354743981133155e-06,0.9999970000000008
-8.397997496871088,8.005989983530685e-06,0.9999970000000008
-8.3729662077597,8.709477177588986e-06,0.9999970000000008
-8.34793491864831,9.468881655676873e-06,0.9999970000000008
-8.32290362953692,1.0288092303108625e-05,0.9999970000000008
-8.297872340425531,1.1171219249938943e-05,0.9999970000000008
-8.272841051314142,1.2122602338694891e-05,0.9999970000000008
-8.247809762202753,1.3146819576458445e-05,0.9999970000000008
-8.222778473091363,1.4248695537063393e-05,0.9999970000000008
-8.197747183979974,1.5433309676470454e-05,0.9999970000000008
-8.172715894868587,1.670600452164654e-05,0.9999970000000008
-8.147684605757197,1.80723936905108e-05,0.9999970000000008
-8.122653316645808,1.953836969773451e-05,0.9999970000000008
-8.097622027534419,2.1110111498411266e-05,0.9999970000000008
-8.07259073842303,2.2794091718861343e-05,0.9999970000000008
-8.04755944931164,2.459708352112226e-05,0.9999970000000008
-8.02252816020025,2.6526167045018758e-05,0.9999970000000008
-7.997496871088861,2.858873536912691e-05,0.9999970000000008
-7.972465581977472,3.079249992946364e-05,0.9999970000000008
-7.947434292866083,3.314549533237111e-05,0.9999970000000008
-7.9224030037546935,3.565608349584637e-05,0.9999970000000008
-7.897371714643304,3.8332957051515097e-05,0.9999970000000008
-7.872340425531915,4.1185141937588384e-05,0.9999970000000008
-7.847309136420526,4.42219991115008e-05,0.9999970000000008
-7.822277847309136,4.745322530952886e-05,0.9999970000000008
-7.797246558197747,5.0888852779563e-05,0.9999970000000008
-7.772215269086358,5.4539247912374854e-05,0.9999970000000008
-7.747183979974968,5.8415108696215523e-05,0.9999970000000008
-7.722152690863579,6.252746091942545e-05,0.9999970000000008
-7.69712140175219,6.688765304595624e-05,0.9999970000000008
-7.6720901126408005,7.150734968933122e-05,0.9999970000000008
-7.647058823529411,7.639852361162123e-05,0.9999970000000008
-7.622027534418022,8.1573446175519e-05,0.9999970000000008
-7.5969962453066335,8.704467617957264e-05,0.9999970000000008
-7.571964956195244,9.28250470091179e-05,0.9999970000000008
-7.546933667083855,9.892765203843815e-05,0.9999970000000008
-7.521902377972466,0.00010536582822321087,0.9999970000000008
-7.496871088861076,0.00011215313782637486,0.9999970000000008
-7.471839799749687,0.00011930334822519145,0.9999970000000008
-7.446808510638298,0.0001268304097524885,0.9999970000000008
-7.421777221526908,0.00013474843153086605,0.9999970000000008
-7.39674593241552,0.00014307165526502392,0.9999970000000008
-7.371714643304131,0.00015181442696433396,0.9999970000000008
-7.346683354192741,0.00016099116657532537,0.9999970000000008
-7.321652065081352,0.0001706163355118743,0.9999970000000008
-7.296620775969963,0.00018070440207957155,0.9999970000000008
-7.2715894868585735,0.00019126980479997838,0.9999970000000008
-7.246558197747184,0.00020232691365024347,0.9999970000000008
-7.221526908635795,0.000213889989243816,0.9999970000000008
-7.196495619524406,0.00022597313998873875,0.9999970000000008
-7.171464330413016,0.0002385902772711808,0.9999970000000008
-7.146433041301627,0.00025175506872345763,0.9999970000000008
-7.121401752190238,0.0002654808896477308,0.9999970000000008
-7.0963704630788484,0.000279780772678826,0.9999970000000008
-7.071339173967459,0.0002946673557821306,0.9999970000000008
-7.04630788485607,0.0003101528286952287,0.9999970000000008
-7.0212765957446805,0.0003262488779347865,0.9999970000000008
-6.996245306633291,0.0003429666305031169,0.9999970000000008
-6.971214017521902,0.00036031659644177093,0.9999970000000008
-6.946182728410513,0.00037830861039234425,0.9999970000000008
-6.921151439299123,0.00039695177233738436,0.9999970000000008
-6.896120150187734,0.0004162543877067396,0.9999970000000008
-6.871088861076346,0.00043622390704684395,0.9999970000000008
-6.846057571964956,0.00045686686546216336,0.9999970000000008
-6.821026282853567,0.00047818882204929495,0.9999970000000008
-6.795994993742178,0.0005001942995548846,0.9999970000000008
-6.7709637046307884,0.0005228867244985411,0.9999970000000008
-6.745932415519399,0.0005462683680111846,0.9999970000000008
-6.72090112640801,0.0005703402876476784,0.9999970000000008
-6.695869837296621,0.0005951022704400797,0.9999970000000008
-6.670838548185232,0.0006205527774643087,0.9999970000000008
-6.645807259073843,0.0006466888901984066,0.9999970000000008
-6.6207759699624535,0.0006735062589547464,0.9999970000000008
-6.595744680851064,0.0007009990536714837,0.9999970000000008
-6.570713391739675,0.0007291599173501652,0.9999970000000008
-6.545682102628286,0.0007579799224266209,0.9999970000000008
-6.520650813516896,0.0007874485303610381,0.9999970000000008
-6.495619524405507,0.000817553554730393,0.9999970000000008
-6.470588235294118,0.0008482811281021375,0.9999970000000008
-6.4455569461827285,0.0008796156729621687,0.9999970000000008
-6.420525657071339,0.0009115398769626507,0.9999970000000008
-6.39549436795995,0.0009440346727461269,0.9999970000000008
-6.370463078848561,0.0009770792225916479,0.9999970000000008
-6.345431789737171,0.0010106509081162058,0.9999970000000008
-6.320400500625782,0.0010447253252507801,0.9999970000000008
-6.295369211514393,0.001079276284694647,0.9999970000000008
-6.270337922403003,0.0011142758180343918,0.9999970000000008
-6.245306633291614,0.0011496941896953256,0.9999970000000008
-6.220275344180225,0.0011854999148727834,0.9999970000000008
-6.1952440550688355,0.0012216597835691084,0.9999970000000008
-6.170212765957447,0.0012581388908392062,0.9999970000000008
-6.145181476846058,0.0012949006733232451,0.9999970000000008
-6.1201501877346685,0.001331906952119781,0.9999970000000008
-6.095118898623279,0.001369117982026081,0.9999970000000008
-6.07008760951189,0.0014064925071451302,0.9999970000000008
-6.045056320400501,0.001443987822830635,0.9999970000000008
-6.020025031289111,0.00148155984391254,0.9999970000000008
-5.994993742177722,0.0015191631791162319,0.9999970000000008
-5.969962453066333,0.001556751211558989,0.9999970000000008
-5.944931163954943,0.0015942761851772543,0.9999970000000008
-5.919899874843554,0.0016316892969084895,0.9999970000000008
-5.894868585732166,0.001668940794421484,0.9999970000000008
-5.869837296620776,0.001705980079159569,0.9999970000000008
-5.844806007509387,0.0017427558144321304,0.9999970000000008
-5.819774718397998,0.0017792160382614636,0.9999970000000008
-5.7947434292866085,0.0018153082806644646,0.9999970000000008
-5.769712140175219,0.0018509796850221553,0.9999970000000008
-5.74468085106383,0.001886177133164609,0.9999970000000008
-5.719649561952441,0.0019208473737749058,0.9999970000000008
-5.694618272841051,0.0019549371536931666,0.9999970000000008
-5.669586983729662,0.0019883933516809077,0.9999970000000008
-5.644555694618273,0.0020211631141868985,0.9999970000000008
-5.619524405506883,0.0020531939926386384,0.9999970000000008
-5.594493116395494,0.002084434081768575,0.9999970000000008
-5.569461827284105,0.0021148321584713685,0.9999970000000008
-5.544430538172716,0.002144337820678086,0.9999970000000008
-5.519399249061327,0.002172901625725113,0.9999970000000008
-5.494367959949938,0.002200475227690032,0.9999970000000008
-5.4693366708385485,0.002227011513163704,0.9999970000000008
-5.444305381727159,0.0022524647349274293,0.9999970000000008
-5.41927409261577,0.002276790643006332,0.9999970000000008
-5.394242803504381,0.0022999466125750686,0.9999970000000008
-5.369211514392991,0.00232189176819962,0.9999970000000008
-5.344180225281602,0.00234258710390919,0.9999970000000008
-5.319148936170213,0.002361995598605261,0.9999970000000008
-5.294117647058823,0.00238008232633033,0.9999970000000008
-5.269086357947434,0.002396814560937011,0.9999970000000008
-5.244055068836045,0.0024121618747186624,0.9999970000000008
-5.2190237797246555,0.002426096230585677,0.9999970000000008
-5.193992490613267,0.002438592067396682,0.9999970000000008
-5.168961201501878,0.0024496263780812207,0.9999970000000008
-5.1439299123904885,0.002459178780219741,0.9999970000000008
-5.118898623279099,0.002467231578777863,0.9999970000000008
-5.09386733416771,0.0024737698207246625,0.9999970000000008
-5.068836045056321,0.0024787813412989984,0.9999970000000008
-5.043804755944931,0.002482256801723524,0.9999970000000008
-5.018773466833542,0.002484189718202735,0.9999970000000008
-4.993742177722153,0.002484576482078978,0.9999970000000008
-4.968710888610763,0.0024834163710587627,0.9999970000000008
-4.943679599499374,0.0024807115514604763,0.9999970000000008
-4.918648310387985,0.002476467071473696,0.9999970000000008
-4.8936170212765955,0.0024706908454594835,0.9999970000000008
-4.868585732165206,0.0024633936293599846,0.9999970000000008
-4.843554443053817,0.002454588987324273,0.9999970000000008
-4.8185231539424285,0.0024442932496954103,0.9999970000000008
-4.793491864831039,0.0024325254625408347,0.9999970000000008
-4.76846057571965,0.002419307328944419,0.9999970000000008
-4.743429286608261,0.0024046631423134705,0.9999970000000008
-4.718397997496871,0.002388619711987529,0.9999970000000008
-4.693366708385482,0.002371206281467785,0.9999970000000008
-4.668335419274093,0.0023524544396161546,0.9999970000000008
-4.643304130162703,0.0023323980252013335,0.9999970000000008
-4.618272841051314,0.0023110730251954914,0.9999970000000008
-4.593241551939925,0.0022885174672491308,0.9999970000000008
-4.5682102628285355,0.0022647713067936084,0.9999970000000008
-4.543178973717146,0.002239876309239928,0.9999970000000008
-4.518147684605757,0.0022138759277594115,0.9999970000000008
-4.493116395494368,0.0021868151771459923,0.9999970000000008
-4.468085106382979,0.0021587405042715964,0.9999970000000008
-4.44305381727159,0.002129699655655019,0.9999970000000008
-4.418022528160201,0.0020997415426709768,0.9999970000000008
-4.392991239048811,0.0020689161049297117,0.9999970000000008
-4.367959949937422,0.002037274172358369,0.9999970000000008
-4.342928660826033,0.0020048673265137687,0.9999970000000008
-4.317897371714643,0.0019717477616518443,0.9999970000000008
-4.292866082603254,0.0019379681460722337,0.9999970000000008
-4.267834793491865,0.0019035814842472156,0.9999970000000008
-4.2428035043804755,0.0018686409802325737,0.9999970000000008
-4.217772215269086,0.0018331999028440217,0.9999970000000008
-4.192740926157697,0.001797311453066803,0.9999970000000008
-4.167709637046308,0.0017610286341479884,0.9999970000000008
-4.142678347934918,0.0017244041248010383,0.9999970000000008
-4.11764705882353,0.0016874901559304947,0.9999970000000008
-4.092615769712141,0.0016503383912613804,0.9999970000000008
-4.067584480600751,0.0016129998122331767,0.9999970000000008
-4.042553191489362,0.0015755246074922813,0.9999970000000008
-4.017521902377973,0.0015379620672897768,0.9999970000000008
-3.9924906132665834,0.0015003604830633997,0.9999970000000008
-3.967459324155194,0.0014627670524538442,0.9999970000000008
-3.942428035043805,0.0014252277899762884,0.9999970000000008
-3.9173967459324155,0.001387787443538376,0.9999970000000008
-3.892365456821026,0.0013504894169659577,0.9999970000000008
-3.867334167709637,0.0013133756986680335,0.9999970000000008
-3.8423028785982476,0.0012764867965424846,0.9999970000000008
-3.8172715894868583,0.001239861679194697,0.9999970000000008
-3.792240300375469,0.0012035377235120864,0.9999970000000008
-3.7672090112640806,0.0011675506686090397,0.9999970000000008
-3.7421777221526913,0.0011319345761290193,0.9999970000000008
-3.717146433041302,0.0010967217968637134,0.9999970000000008
-3.6921151439299127,0.0010619429436231323,0.9999970000000008
-3.6670838548185234,0.0010276268702657865,0.9999970000000008
-3.642052565707134,0.000993800656774446,0.9999970000000008
-3.617021276595745,0.0009604896002406596,0.9999970000000008
-3.5919899874843555,0.0009277172116002586,0.9999970000000008
-3.566958698372966,0.0008955052179426002,0.9999970000000008
-3.541927409261577,0.0008638735701982988,0.9999970000000008
-3.5168961201501876,0.0008328404559937684,0.9999970000000008
-3.4918648310387983,0.0008024223174460817,0.9999970000000008
-3.466833541927409,0.0007726338736584257,0.9999970000000008
-3.4418022528160197,0.0007434881476648705,0.9999970000000008
-3.4167709637046304,0.0007149964975632408,0.9999970000000008
-3.391739674593242,0.0006871686515665908,0.9999970000000008
-3.3667083854818527,0.0006600127466971169,0.9999970000000008
-3.3416770963704634,0.0006335353708412746,0.9999970000000008
-3.316645807259074,0.0006077416078813829,0.9999970000000008
-3.291614518147685,0.0005826350856170014,0.9999970000000008
-3.2665832290362955,0.0005582180261888953,0.9999970000000008
-3.241551939924906,0.0005344912987193095,0.9999970000000008
-3.216520650813517,0.0005114544738845662,0.9999970000000008
-3.1914893617021276,0.0004891058801395684,0.9999970000000008
-3.1664580725907383,0.0004674426613185781,0.9999970000000008
-3.141426783479349,0.0004464608353425744,0.9999970000000008
-3.1163954943679597,0.0004261553537704729,0.9999970000000008
-3.0913642052565704,0.000406520161939455,0.9999970000000008
-3.066332916145181,0.00038754825944849625,0.9999970000000008
-3.0413016270337927,0.0003692317607488373,0.9999970000000008
-3.0162703379224034,0.0003515619556154885,0.9999970000000008
-2.991239048811014,0.00033452936928484453,0.9999970000000008
-2.966207759699625,0.00031812382205498936,0.9999970000000008
-2.9411764705882355,0.0003023344881572375,0.9999970000000008
-2.916145181476846,0.0002871499537197543,0.9999970000000008
-2.891113892365457,0.0002725582736567027,0.9999970000000008
-2.8660826032540676,0.0002585470273291306,0.9999970000000008
-2.8410513141426783,0.0002451033728367055,0.9999970000000008
-2.816020025031289,0.00023221409981233104,0.9999970000000008
-2.7909887359198997,0.000219865680604575,0.9999970000000008
-2.7659574468085104,0.0002080443197456171,0.9999970000000008
-2.740926157697121,0.00019673600161504627,0.9999970000000008
-2.715894868585732,0.00018592653622222986,0.9999970000000008
-2.6908635794743434,0.00017560160304207277,0.9999970000000008
-2.665832290362954,0.000165746792850764,0.9999970000000008
-2.640801001251565,0.0001563476475194886,0.9999970000000008
-2.6157697121401755,0.0001473896977350567,0.9999970000000008
-2.590738423028786,0.00013885849862690258,0.9999970000000008
-2.565707133917397,0.00013073966328992962,0.9999970000000008
-2.5406758448060076,0.0001230188942021774,0.9999970000000008
-2.5156445556946183,0.00011568201254524504,0.9999970000000008
-2.490613266583229,0.0001087149854438149,0.9999970000000008
-2.4655819774718397,0.00010210395114845199,0.9999970000000008
-2.4405506883604504,9.583524219311203e-05,0.9999970000000008
-2.415519399249061,8.989540656546094e-05,0.9999970000000008
-2.390488110137672,8.427122693419395e-05,0.9999970000000008
-2.3654568210262825,7.894973798304777e-05,0.9999970000000008
-2.340425531914894,7.391824190612089e-05,0.9999970000000008
-2.315394242803505,6.9164322123477e-05,0.9999970000000008
-2.2903629536921155,6.467585527980363e-05,0.9999970000000008
-2.265331664580726,6.044102159215918e-05,0.9999970000000008
-2.240300375469337,5.64483136155701e-05,0.9999970000000008
-2.2152690863579476,5.2686543497468334e-05,0.9999970000000008
-2.1902377972465583,4.914484879369628e-05,0.9999970000000008
-2.165206508135169,4.581269692008286e-05,0.9999970000000008
-2.1401752190237797,4.267988831442996e-05,0.9999970000000008
-2.1151439299123904,3.973655838416862e-05,0.9999970000000008
-2.090112640801001,3.697317831498036e-05,0.9999970000000008
-2.065081351689612,3.438055481536709e-05,0.9999970000000008
-2.0400500625782225,3.1949828871569974e-05,0.9999970000000008
-2.0150187734668332,2.9672473586578668e-05,0.9999970000000008
-1.989987484355444,2.7540291176840476e-05,0.9999970000000008
-1.9649561952440546,2.5545409202536842e-05,0.9999970000000008
-1.9399249061326653,2.36802761175511e-05,0.9999970000000008
-1.914893617021276,2.193765625954322e-05,0.9999970000000008
-1.8898623279098867,2.031062450220296e-05,0.9999970000000008
-1.8648310387984974,1.8792561070783084e-05,0.9999970000000008
-1.8397997496871081,1.7377147739452433e-05,0.9999970000000008
-1.8147684605757188,1.605836835983835e-05,0.9999970000000008
-1.7897371714643313,1.483052057861726e-05,0.9999970000000008
-1.764705882352942,1.3688253823139532e-05,0.9999970000000008
-1.7396745932415527,1.262666462302294e-05,0.9999970000000008
-1.7146433041301634,1.1641508776871482e-05,0.9999970000000008
-1.6896120150187741,1.072963538486931e-05,0.9999970000000008
-1.6645807259073848,9.88981158317699e-06,0.9999970000000008
-1.6395494367959955,9.12418196781349e-06,0.9999970000000008
-1.6145181476846062,8.440677007388437e-06,0.9999970000000008
-1.589486858573217,7.856742935258404e-06,0.9999970000000008
-1.5644555694618276,7.404876930997416e-06,0.9999970000000008
-1.5394242803504383,7.140877838727683e-06,0.9999970000000008
-1.514392991239049,7.1570336148681304e-06,0.9999970000000008
-1.4893617021276597,7.605343617305224e-06,0.9999970000000008
-1.4643304130162704,8.740087047350416e-06,0.9999970000000008
-1.4392991239048811,1.0991379820078047e-05,0.9999970000000008
-1.4142678347934918,1.5073860127928391e-05,0.9999970000000008
-1.3892365456821025,2.2107217768987695e-05,0.9999970000000008
-1.3642052565707132,3.367676197087706e-05,0.9999970000000008
-1.339173967459324,5.1716255364951025e-05,0.9999970000000008
-1.3141426783479346,7.810318193257403e-05,0.9999970000000008
-1.2891113892365453,0.00011396593228502354,0.9999970000000008
-1.264080100125156,0.00015889726929844164,0.9999970000000008
-1.2390488110137667,0.00021043709308609344,0.9999970000000008
-1.2140175219023774,0.00026417840416979307,0.9999970000000008
-1.1889862327909881,0.0003146026970766697,0.9999970000000008
-1.1639549436795988,0.00035638366739455655,0.9999970000000008
-1.1389236545682095,0.0003856459495219475,0.9999970000000008
-1.1138923654568202,0.0004006969088465137,0.9999970000000008
-1.0888610763454327,0.0004020313466730888,0.9999970000000008
-1.0638297872340434,0.0003917459999424896,0.9999970000000008
-1.0387984981226541,0.0003726985517570789,0.9999970000000008
-1.0137672090112648,0.0003477414574523566,0.9999970000000008
-0.9887359198998755,0.0003192240634775964,0.9999970000000008
-0.9637046307884862,0.00028880072948808433,0.9999970000000008
-0.9386733416770969,0.0002574819175829127,0.9999970000000008
-0.9136420525657076,0.00022583093984369644,0.9999970000000008
-0.8886107634543183,0.0001942150036859233,0.9999970000000008
-0.863579474342929,0.00016303599754011926,0.9999970000000008
-0.8385481852315397,0.00013288146716828982,0.9999970000000008
-0.8135168961201504,0.0001045544037732761,0.9999970000000008
-0.7884856070087611,7.897226676113834e-05,0.9999970000000008
-0.7634543178973718,5.697135545665894e-05,0.9999970000000008
-0.7384230287859825,3.909455220217485e-05,0.9999970000000008
-0.7133917396745932,2.545203708132596e-05,0.9999970000000008
-0.6883604505632039,1.5712145848663185e-05,0.9999970000000008
-0.6633291614518146,9.218025988254369e-06,0.9999970000000008
-0.6382978723404253,5.171127555839748e-06,0.9999970000000008
-0.613266583229036,2.8052596069325768e-06,0.9999970000000008
-0.5882352941176467,1.4979657028511002e-06,0.9999970000000008
-0.5632040050062574,8.069855403478637e-07,0.9999970000000008
-0.5381727158948681,4.517323878407633e-07,0.9999970000000008
-0.5131414267834788,2.703623334788331e-07,0.9999970000000008
-0.48811013767208955,1.7632918941787345e-07,0.9999970000000008
-0.46307884856070025,1.2572481228591624e-07,0.9999970000000008
-0.43804755944931095,9.686666301096893e-08,0.9999970000000008
-0.41301627033792165,7.909104547391902e-08,0.9999970000000008
-0.38798498122653413,6.710585082644406e-08,0.9999970000000008
-0.36295369211514483,5.82593477892247e-08,0.9999970000000008
-0.33792240300375553,5.121829022471726e-08,0.9999970000000008
-0.31289111389236623,4.531182577093866e-08,0.9999970000000008
-0.28785982478097694,4.019851360303663e-08,0.9999970000000008
-0.26282853566958764,3.569717590437565e-08,0.9999970000000008
-0.23779724655819834,3.170284837985245e-08,0.9999970000000008
-0.21276595744680904,2.814652901292495e-08,0.9999970000000008
-0.18773466833541974,2.4976693588508053e-08,0.9999970000000008
-0.16270337922403044,2.2151116184394985e-08,0.9999970000000008
-0.13767209011264114,1.9633316479795774e-08,0.9999970000000008
-0.11264080100125184,1.7390980525590082e-08,0.9999970000000008
-0.08760951188986255,1.5395187522867893e-08,0.9999970000000008
-0.06257822277847325,1.3619958057340144e-08,0.9999970000000008
-0.03754693366708395,1.2041933255637213e-08,0.9999970000000008
-0.01251564455569465,1.064011327752745e-08,0.9999970000000008
0.01251564455569465,9.395628939418021e-09,0.9999970000000008
0.03754693366708395,8.291536667812571e-09,0.9999970000000008
0.06257822277847325,7.3126326445824395e-09,0.9999970000000008
0.08760951188986255,6.445283912469457e-09,0.9999970000000008
0.11264080100125184,5.677274876441933e-09,0.9999970000000008
0.13767209011264114,4.9976679296426214e-09,0.9999970000000008
0.16270337922403044,4.396677154491336e-09,0.9999970000000008
0.18773466833541974,3.8655543445651735e-09,0.9999970000000008
0.21276595744680904,3.3964871024656422e-09,0.9999970000000008
0.23779724655819834,2.9825096999320812e-09,0.9999970000000008
0.26282853566958764,2.6174290346578993e-09,0.9999970000000008
0.28785982478097694,2.2957707199675246e-09,0.9999970000000008
0.31289111389236623,2.0127542915028457e-09,0.9999970000000008
0.33792240300375376,1.7643113833758085e-09,0.9999970000000008
0.36295369211514306,1.5471651953016214e-09,0.9999970000000008
0.38798498122653235,1.3589912657980901e-09,0.9999970000000008
0.41301627033792165,1.198676677294197e-09,0.9999970000000008
0.43804755944931095,1.0666913901851418e-09,0.9999970000000008
0.46307884856070025,9.656010448386548e-10,0.9999970000000008
0.48811013767208955,9.008284937040771e-10,0.9999970000000008
0.5131414267834788,8.8196302038749e-10,0.9999970000000008
0.5381727158948681,9.252065153576188e-10,0.9999970000000008
0.5632040050062574,1.0577070319244014e-09,0.9999970000000008
0.5882352941176467,1.324010065398119e-09,0.9999970000000008
0.613266583229036,1.7929850297615832e-09,0.9999970000000008
0.6382978723404253,2.560355589847791e-09,0.9999970000000008
0.6633291614518146,3.739110103700911e-09,0.9999970000000008
0.6883604505632039,5.431127770677934e-09,0.9999970000000008
0.7133917396745932,7.681316360149556e-09,0.9999970000000008
0.7384230287859825,1.0428776855825153e-08,0.9999970000000008
0.7634543178973718,1.3479851709936383e-08,0.9999970000000008
0.7884856070087611,1.6525217568634695e-08,0.9999970000000008
0.8135168961201504,1.9204464601845652e-08,0.9999970000000008
0.8385481852315397,2.1196476513760316e-08,0.9999970000000008
0.863579474342929,2.2298989104743436e-08,0.9999970000000008
0.8886107634543183,2.2466347436225424e-08,0.9999970000000008
0.9136420525657076,2.1796343640502345e-08,0.9999970000000008
0.9386733416770969,2.0480230093707906e-08,0.9999970000000008
0.9637046307884862,1.8741418567009728e-08,0.9999970000000008
0.9887359198998755,1.6785160652372758e-08,0.9999970000000008
1.0137672090112648,1.4770018408135161e-08,0.9999970000000008
1.0387984981226523,1.2800654699889825e-08,0.9999970000000008
1.0638297872340416,1.0935224517045498e-08,0.9999970000000008
1.088861076345431,9.19957370258928e-09,0.9999970000000008
1.1138923654568202,7.602231569767293e-09,0.9999970000000008
1.1389236545682095,6.146531983532134e-09,0.9999970000000008
1.1639549436795988,4.838022301961099e-09,0.9999970000000008
1.1889862327909881,3.686618215297612e-09,0.9999970000000008
1.2140175219023774,2.704135723763728e-09,0.9999970000000008
1.2390488110137667,1.899023946490451e-09,0.9999970000000008
1.264080100125156,1.270967673925037e-09,0.9999970000000008
1.2891113892365453,8.079376955350066e-10,0.9999970000000008
1.3141426783479346,4.870327168927965e-10,0.9999970000000008
1.339173967459324,2.786232899053687e-10,0.9999970000000008
1.3642052565707132,1.5188923528709532e-10,0.9999970000000008
1.3892365456821025,7.957872053758073e-11,0.9999970000000008
1.4142678347934918,4.0650304439965785e-11,0.9999970000000008
1.4392991239048811,2.067889066167296e-11,0.9999970000000008
1.4643304130162704,1.076718636707155e-11,0.9999970000000008
1.4893617021276597,5.912287932050523e-12,0.9999970000000008
1.514392991239049,3.509360143165547e-12,0.9999970000000008
1.5394242803504383,2.2777573002646387e-12,0.9999970000000008
1.5644555694618276,1.60890360704002e-12,0.9999970000000008
1.589486858573217,1.2165398577160313e-12,0.9999970000000008
1.6145181476846062,9.649594439373415e-13,0.9999970000000008
1.6395494367959955,7.88791014738297e-13,0.9999970000000008
1.6645807259073848,6.559904249313712e-13,0.9999970000000008
1.6896120150187741,5.505041737594373e-13,0.9999970000000008
1.7146433041301634,4.63973290214929e-13,0.9999970000000008
1.7396745932415527,3.917311222899713e-13,0.9999970000000008
1.7647058823529402,3.308926971704565e-13,0.9999970000000008
1.7897371714643295,2.7946250227664634e-13,0.9999970000000008
1.8147684605757188,2.3592625319324113e-13,0.9999970000000008
1.8397997496871081,1.9906423275306432e-13,0.9999970000000008
1.8648310387984974,1.678622381653806e-13,0.9999970000000008
1.8898623279098867,1.4146441002168268e-13,0.9999970000000008
1.914893617021276,1.1914412601617643e-13,0.9999970000000008
1.9399249061326653,1.002832063403772e-13,0.9999970000000008
1.9649561952440546,8.43555248836454e-14,0.9999970000000008
1.989987484355444,7.091342666681112e-14,0.9999970000000008
2.0150187734668332,5.957622628961628e-14,0.9999970000000008
2.0400500625782225,5.0020390283658425e-14,0.9999970000000008
2.065081351689612,4.1971136089292384e-14,0.9999970000000008
2.090112640801001,3.519524044467629e-14,0.9999970000000008
2.1151439299123904,2.9494885213200464e-14,0.9999970000000008
2.1401752190237797,2.4702394113647912e-14,0.9999970000000008
2.165206508135169,2.0675734402120993e-14,0.9999970000000008
2.1902377972465583,1.729467499779325e-14,0.9999970000000008
2.2152690863579476,1.4457507554900074e-14,0.9999970000000008
2.240300375469337,1.2078249956161261e-14,0.9999970000000008
2.265331664580726,1.008426292271154e-14,0.9999970000000008
2.2903629536921155,8.414220135922195e-15,0.9999970000000008
2.315394242803505,7.0163806473919995e-15,0.9999970000000008
2.340425531914894,5.847119588857077e-15,0.9999970000000008
2.3654568210262834,4.869679435515569e-15,0.9999970000000008
2.3904881101376727,4.053109456564431e-15,0.9999970000000008
2.415519399249062,3.3713656208791017e-15,0.9999970000000008
2.4405506883604513,2.8025472141101754e-15,0.9999970000000008
2.465581977471839,2.3282498533551346e-15,0.9999970000000008
2.490613266583228,1.9330175329002144e-15,0.9999970000000008
2.5156445556946174,1.6038788652499992e-15,0.9999970000000008
2.5406758448060067,1.3299548529844907e-15,0.9999970000000008
2.565707133917396,1.1021273885119156e-15,0.9999970000000008
2.5907384230287853,9.127592734950975e-16,0.9999970000000008
2.6157697121401746,7.554579148168923e-16,0.9999970000000008
2.640801001251564,6.248760215857181e-16,0.9999970000000008
2.665832290362953,5.165436256636685e-16,0.9999970000000008
2.6908635794743425,4.267266005276039e-16,0.9999970000000008
2.715894868585732,3.5230758065243657e-16,0.9999970000000008
2.740926157697121,2.906858038817796e-16,0.9999970000000008
2.7659574468085104,2.396929277939029e-16,0.9999970000000008
2.7909887359198997,1.9752232110658307e-16,0.9999970000000008
2.816020025031289,1.6266971406482033e-16,0.9999970000000008
2.8410513141426783,1.3388341729018641e-16,0.9999970000000008
2.8660826032540676,1.1012259512606821e-16,0.9999970000000008
2.891113892365457,9.052231428223653e-17,0.9999970000000008
2.916145181476846,7.436428772936044e-17,0.9999970000000008
2.9411764705882355,6.105240259791556e-17,0.9999970000000008
2.966207759699625,5.0092263812824195e-17,0.9999970000000008
2.991239048811014,4.107410620632567e-17,0.9999970000000008
3.0162703379224034,3.365853019537308e-17,0.9999970000000008
3.0413016270337927,2.756460260159466e-17,0.9999970000000008
3.066332916145182,2.2559937232624233e-17,0.9999970000000008
3.0913642052565713,1.8452431479542283e-17,0.9999970000000008
3.1163954943679606,1.5083387158578816e-17,0.9999970000000008
3.14142678347935,1.2321787618501168e-17,0.9999970000000008
3.166458072590739,1.0059540008498964e-17,0.9999970000000008
3.1914893617021267,8.207522625438015e-18,0.9999970000000008
3.216520650813516,6.692303342778086e-18,0.9999970000000008
3.2415519399249053,5.4534170369302174e-18,0.9999970000000008
3.2665832290362946,4.4411083235086534e-18,0.9999970000000008
3.291614518147684,3.614461348890842e-18,0.9999970000000008
3.316645807259073,2.939851319723482e-18,0.9999970000000008
3.3416770963704625,2.3896632901743724e-18,0.9999970000000008
3.366708385481852,1.941232798102761e-18,0.9999970000000008
3.391739674593241,1.5759705290852481e-18,0.9999970000000008
3.4167709637046304,1.278639529413033e-18,0.9999970000000008
3.4418022528160197,1.0367587863874583e-18,0.9999970000000008
3.466833541927409,8.401114154462052e-19,0.9999970000000008
3.4918648310387983,6.8033938104253865e-19,0.9999970000000008
3.5168961201501876,5.506097513432179e-19,0.9999970000000008
3.541927409261577,4.45340046176006e-19,0.9999970000000008
3.566958698372966,3.5997236760004903e-19,0.9999970000000008
3.5919899874843555,2.9078777376330578e-19,0.9999970000000008
3.617021276595745,2.347538286805684e-19,0.9999970000000008
3.642052565707134,1.893994829135243e-19,0.9999970000000008
3.6670838548185234,1.5271245446238658e-19,0.9999970000000008
3.6921151439299127,1.2305512028307812e-19,0.9999970000000008
3.717146433041302,9.909562580686439e-20,0.9999970000000008
3.7421777221526913,7.975149694847204e-20,0.9999970000000008
3.7672090112640806,6.4143516612675e-20,0.9999970000000008
3.79224030037547,5.155802254971669e-20,0.9999970000000008
3.817271589486859,4.1416109650196254e-20,0.9999970000000008
3.8423028785982485,3.3248489136432464e-20,0.9999970000000008
3.867334167709638,2.6674979356127306e-20,0.9999970000000008
3.8923654568210253,2.1387786126557375e-20,0.9999970000000008
3.9173967459324146,1.7137881551928317e-20,0.9999970000000008
3.942428035043804,1.372391453672097e-20,0.9999970000000008
3.967459324155193,1.0983188483954423e-20,0.9999970000000008
3.9924906132665825,8.784325745464796e-21,0.9999970000000008
4.017521902377972,7.021307467247883e-21,0.9999970000000008
4.042553191489361,5.6086341833176625e-21,0.9999970000000008
4.06758448060075,4.4773990370494096e-21,0.9999970000000008
4.09261576971214,3.572103651771293e-21,0.9999970000000008
4.117647058823529,2.8480779207097278e-21,0.9999970000000008
4.142678347934918,2.2693905684139566e-21,0.9999970000000008
4.167709637046308,1.8071582642021625e-21,0.9999970000000008
4.192740926157697,1.438178177457206e-21,0.9999970000000008
4.217772215269086,1.143822841845432e-21,0.9999970000000008
4.2428035043804755,9.091476060609609e-22,0.9999970000000008
4.267834793491865,7.221702573050977e-22,0.9999970000000008
4.292866082603254,5.732899922573435e-22,0.9999970000000008
4.317897371714643,4.548190922771127e-22,0.9999970000000008
4.342928660826033,3.6060569217550814e-22,0.9999970000000008
4.367959949937422,2.8573012594351295e-22,0.9999970000000008
4.392991239048811,2.262606610213359e-22,0.9999970000000008
4.418022528160201,1.7905713641419473e-22,0.9999970000000008
4.44305381727159,1.4161321484026063e-22,0.9999970000000008
4.468085106382979,1.1192973965654412e-22,0.9999970000000008
4.4931163954943685,8.841313075043691e-23,0.9999970000000008
4.518147684605758,6.979392292022146e-23,0.9999970000000008
4.543178973717147,5.506149688945597e-23,0.9999970000000008
4.568210262828536,4.3411818892912065e-23,0.9999970000000008
4.593241551939926,3.420562384771304e-23,0.9999970000000008
4.618272841051313,2.693497724385609e-23,0.9999970000000008
4.6433041301627025,2.11965546300914e-23,0.9999970000000008
4.668335419274092,1.6670303281211368e-23,0.9999970000000008
4.693366708385481,1.3102413210238766e-23,0.9999970000000008
4.71839799749687,1.0291736224136853e-23,0.9999970000000008
4.74342928660826,8.078962018562714e-24,0.9999970000000008
4.768460575719649,6.3379973102514e-24,0.9999970000000008
4.793491864831038,4.969104147722012e-24,0.9999970000000008
4.818523153942428,3.8934420273242545e-24,0.9999970000000008
4.843554443053817,3.0487294809814704e-24,0.9999970000000008
4.868585732165206,2.3857977950182652e-24,0.9999970000000008
4.8936170212765955,1.865855211962165e-24,0.9999970000000008
4.918648310387985,1.4583165745869354e-24,0.9999970000000008
4.943679599499374,1.1390826799261762e-24,0.9999970000000008
4.968710888610763,8.891770596601475e-25,0.9999970000000008
4.993742177722153,6.936666508347262e-25,0.9999970000000008
5.018773466833542,5.408077995077577e-25,0.9999970000000008
5.043804755944931,4.2137099909664165e-25,0.9999970000000008
5.068836045056321,3.281073070391072e-25,0.9999970000000008
5.09386733416771,2.5532699127482003e-25,0.9999970000000008
5.118898623279099,1.9856701981961078e-25,0.9999970000000008
5.1439299123904885,1.5432883324156401e-25,0.9999970000000008
5.168961201501878,1.1987168023228512e-25,0.9999970000000008
5.193992490613267,9.304985009475869e-26,0.9999970000000008
5.219023779724656,7.21845623575116e-26,0.9999970000000008
5.244055068836046,5.596320039466509e-26,0.9999970000000008
5.269086357947435,4.3360104754854176e-26,0.9999970000000008
5.294117647058824,3.357435420312475e-26,0.9999970000000008
5.319148936170212,2.59809231340145e-26,0.9999970000000008
5.344180225281601,2.0092364737944344e-26,0.9999970000000008
5.36921151439299,1.5528771295107114e-26,0.9999970000000008
5.39424280350438,1.1994239027299981e-26,0.9999970000000008
5.419274092615769,9.258441147658192e-27,0.9999970000000008
5.444305381727158,7.142209850126389e-27,0.9999970000000008
5.469336670838548,5.506262449439825e-27,0.9999970000000008
5.494367959949937,4.2423917963346025e-27,0.9999970000000008
5.519399249061326,3.266586825944429e-27,0.9999970000000008
5.5444305381727155,2.5136638736640962e-27,0.9999970000000008
5.569461827284105,1.933079726685926e-27,0.9999970000000008
5.594493116395494,1.4856684278486819e-27,0.9999970000000008
5.619524405506883,1.1410996907393285e-27,0.9999970000000008
5.644555694618273,8.75900645877523e-28,0.9999970000000008
5.669586983729662,6.719170646425604e-28,0.9999970000000008
5.694618272841051,5.151172112384021e-28,0.9999970000000008
5.719649561952441,3.946626396950104e-28,0.9999970000000008
5.74468085106383,3.021868331155125e-28,0.9999970000000008
5.769712140175219,2.3123556113103647e-28,0.9999970000000008
5.7947434292866085,1.768329842353386e-28,0.9999970000000008
5.819774718397998,1.3514547032339561e-28,0.9999970000000008
5.844806007509387,1.0322128886428934e-28,0.9999970000000008
5.869837296620776,7.878918838515217e-29,0.9999970000000008
5.894868585732166,6.010263903456604e-29,0.9999970000000008
5.919899874843555,4.581946590294051e-29,0.9999970000000008
5.944931163954944,3.4908892353929565e-29,0.9999970000000008
5.9699624530663336,2.657979832365543e-29,0.9999970000000008
5.994993742177723,2.0225387896516067e-29,0.9999970000000008
6.020025031289112,1.538054071259544e-29,0.9999970000000008
6.0450563204005014,1.1688961107070908e-29,0.9999970000000008
6.070087609511891,8.877890609777845e-30,0.9999970000000008
6.09511889862328,6.7386551406629e-30,0.9999970000000008
6.120150187734669,5.1117103762917226e-30,0.9999970000000008
6.145181476846059,3.87515263376962e-30,0.9999970000000008
6.170212765957448,2.9358979318094296e-30,0.9999970000000008
6.195244055068837,2.2229139894935033e-30,0.9999970000000008
6.2202753441802265,1.682030750125373e-30,0.9999970000000008
6.245306633291616,1.2719638522851166e-30,0.9999970000000008
6.270337922403005,9.612695241263265e-31,0.9999970000000008
6.295369211514394,7.260142489361382e-31,0.9999970000000008
6.320400500625784,5.479925839684793e-31,0.9999970000000008
6.345431789737173,4.133650785498125e-31,0.9999970000000008
6.370463078848562,3.1161794096606966e-31,0.9999970000000008
6.395494367959948,2.34768967137408e-31,0.9999970000000008
6.420525657071337,1.7676183088608194e-31,0.9999970000000008
6.445556946182727,1.330043544675543e-31,0.9999970000000008
6.470588235294116,1.0001676295322354e-31,0.9999970000000008
6.495619524405505,7.516389820327552e-32,0.9999970000000008
6.520650813516895,5.645148402756214e-32,0.9999970000000008
6.545682102628284,4.2371222797954013e-32,0.9999970000000008
6.570713391739673,3.178309589584131e-32,0.9999970000000008
6.5957446808510625,2.3825990566688326e-32,0.9999970000000008
6.620775969962452,1.784987993905975e-32,0.9999970000000008
6.645807259073841,1.336439181639078e-32,0.9999970000000008
6.67083854818523,9.999831149529277e-33,0.9999970000000008
6.69586983729662,7.477659762074478e-33,0.9999970000000008
6.720901126408009,5.58815316429112e-33,0.9999970000000008
6.745932415519398,4.173500484642356e-33,0.9999970000000008
6.770963704630788,3.115029775084436e-33,0.9999970000000008
6.795994993742177,2.3235579213377678e-33,0.9999970000000008
6.821026282853566,1.7321056190095976e-33,0.9999970000000008
6.8460575719649555,1.290401338913641e-33,0.9999970000000008
6.871088861076345,9.60737640894297e-34,0.9999970000000008
6.896120150187734,7.148490997356777e-34,0.9999970000000008
6.921151439299123,5.31561489582383e-34,0.9999970000000008
6.946182728410513,3.950228444776316e-34,0.9999970000000008
6.971214017521902,2.9337322913985355e-34,0.9999970000000008
6.996245306633291,2.1774506322718245e-34,0.9999970000000008
7.0212765957446805,1.615123442371888e-34,0.9999970000000008
7.04630788485607,1.19727162801876e-34,0.9999970000000008
7.071339173967459,8.869706079533832e-35,0.9999970000000008
7.0963704630788484,6.566823343345178e-35,0.9999970000000008
7.121401752190238,4.858822178936554e-35,0.9999970000000008
7.146433041301627,3.592826492033104e-35,0.9999970000000008
7.171464330413016,2.6550398922269175e-35,0.9999970000000008
7.196495619524406,1.960809599798262e-35,0.9999970000000008
7.221526908635795,1.447202704690846e-35,0.9999970000000008
7.246558197747184,1.0674631063983656e-35,0.9999970000000008
7.2715894868585735,7.86875366386016e-36,0.9999970000000008
7.296620775969963,5.7968036862771024e-36,0.9999970000000008
7.321652065081352,4.2677680077595336e-36,0.9999970000000008
7.346683354192741,3.140093512677391e-36,0.9999970000000008
7.371714643304131,2.308946804086236e-36,0.9999970000000008
7.39674593241552,1.6967382115063524e-36,0.9999970000000008
7.421777221526909,1.2460782664048378e-36,0.9999970000000008
7.446808510638299,9.145456106619407e-37,0.9999970000000008
7.471839799749688,6.708029838332837e-37,0.9999970000000008
7.496871088861077,4.917158068425547e-37,0.9999970000000008
7.5219023779724665,3.60215934972612e-37,0.9999970000000008
7.546933667083856,2.637188905957883e-37,0.9999970000000008
7.571964956195245,1.9295193004696917e-37,0.9999970000000008
7.596996245306634,1.4108686449252183e-37,0.9999970000000008
7.622027534418024,1.0309879858250892e-37,0.9999970000000008
7.647058823529413,7.529223601672453e-38,0.9999970000000008
7.672090112640802,5.495109530242137e-38,0.9999970000000008
7.697121401752192,4.008040300549399e-38,0.9999970000000008
7.722152690863581,2.921577249538396e-38,0.9999970000000008
7.74718397997497,2.1282970169382688e-38,0.9999970000000008
7.7722152690863595,1.549446790297005e-38,0.9999970000000008
7.797246558197749,1.1273289635472471e-38,0.9999970000000008
7.822277847309135,8.196986723431212e-39,0.9999970000000008
7.847309136420524,5.95644815938323e-39,0.9999970000000008
7.872340425531913,4.3256369783143194e-39,0.9999970000000008
7.8973717146433025,3.139368817855469e-39,0.9999970000000008
7.922403003754692,2.2770060240483227e-39,0.9999970000000008
7.947434292866081,1.6505002223360214e-39,0.9999970000000008
7.97246558197747,1.1956293379253052e-39,0.9999970000000008
7.99749687108886,8.655797890894744e-40,0.9999970000000008
8.022528160200249,6.262492516461755e-40,0.9999970000000008
8.047559449311638,4.528109295493259e-40,0.9999970000000008
8.072590738423028,3.2720215127140675e-40,0.9999970000000008
8.097622027534417,2.362897965298674e-40,0.9999970000000008
8.122653316645806,1.7053100627994807e-40,0.9999970000000008
8.147684605757195,1.2299609118280148e-40,0.9999970000000008
8.172715894868585,8.865614300631777e-41,0.9999970000000008
8.197747183979974,6.38639719544498e-41,0.9999970000000008
8.222778473091363,4.597614844856132e-41,0.9999970000000008
8.247809762202753,3.307796748108099e-41,0.9999970000000008
8.272841051314142,2.3783436913583295e-41,0.9999970000000008
8.297872340425531,1.708991808761511e-41,0.9999970000000008
8.32290362953692,1.2272553017224608e-41,0.9999970000000008
8.34793491864831,8.80763729005231e-42,0.9999970000000008
8.3729662077597,6.317038081246784e-42,0.9999970000000008
8.397997496871088,4.527903237837223e-42,0.9999970000000008
8.423028785982478,3.2434734597414874e-42,0.9999970000000008
8.448060075093867,2.3219514181943298e-42,0.9999970000000008
8.473091364205256,1.6612136004760156e-42,0.9999970000000008
8.498122653316646,1.1877564467635028e-42,0.9999970000000008
8.523153942428035,8.487091485676183e-43,0.9999970000000008
8.548185231539424,6.060660266049461e-43,0.9999970000000008
8.573216520650814,4.32524353455329e-43,0.9999970000000008
8.598247809762203,3.084826623055133e-43,0.9999970000000008
8.623279098873592,2.198773652612727e-43,0.9999970000000008
8.648310387984981,1.5662455765493745e-43,0.9999970000000008
8.67334167709637,1.114984319879519e-43,0.9999970000000008
8.69837296620776,7.932447960630689e-44,0.9999970000000008
8.72340425531915,5.639950246078674e-44,0.9999970000000008
8.748435544430539,4.0074940228990297e-44,0.9999970000000008
8.773466833541928,2.8457717460043073e-44,0.9999970000000008
8.798498122653317,2.0195602428833055e-44,0.9999970000000008
8.823529411764707,1.4323301423704107e-44,0.9999970000000008
8.848560700876096,1.0152173233844865e-44,0.9999970000000008
8.873591989987485,7.191251502675293e-45,0.9999970000000008
8.898623279098874,5.090723454719088e-45,0.9999970000000008
8.923654568210264,3.601505667369082e-45,0.9999970000000008
8.948685857321653,2.5463510053656253e-45,0.9999970000000008
8.973717146433042,1.7992106202186212e-45,0.9999970000000008
8.998748435544432,1.2705018806856832e-45,0.9999970000000008
9.023779724655821,8.965988724145844e-46,0.9999970000000008
9.04881101376721,6.3233996995084575e-46,0.9999970000000008
9.0738423028786,4.4568975384567374e-46,0.9999970000000008
9.098873591989989,3.139382519015432e-46,0.9999970000000008
9.123904881101378,2.2099649775033937e-46,0.9999970000000008
9.148936170212767,1.5547340739689251e-46,0.9999970000000008
9.173967459324157,1.0930912360380157e-46,0.9999970000000008
9.198998748435546,7.680443132354101e-47,0.9999970000000008
9.224030037546932,5.393189912541775e-47,0.9999970000000008
9.249061326658321,3.7847284019411133e-47,0.9999970000000008
9.27409261576971,2.6543200963560452e-47,0.9999970000000008
9.2991239048811,1.8603790546252394e-47,0.9999970000000008
9.324155193992489,1.30310423915879e-47,0.9999970000000008
9.349186483103878,9.121923886495622e-48,0.9999970000000008
9.374217772215268,6.381507749633096e-48,0.9999970000000008
9.399249061326657,4.4615907181474515e-48,0.9999970000000008
9.424280350438046,3.1173511445330704e-48,0.9999970000000008
9.449311639549435,2.1767637179317467e-48,0.9999970000000008
9.474342928660825,1.5190302369739383e-48,0.9999970000000008
9.499374217772214,1.0593783533273948e-48,0.9999970000000008
9.524405506883603,7.383550775373991e-49,0.9999970000000008
9.549436795994993,5.142908248078016e-49,0.9999970000000008
9.574468085106382,3.5799847495820106e-49,0.9999970000000008
9.599499374217771,2.4904695048993534e-49,0.9999970000000008
9.62453066332916,1.731432948048405e-49,0.9999970000000008
9.64956195244055,1.2029466506260063e-49,0.9999970000000008
9.67459324155194,8.351871440926029e-50,0.9999970000000008
9.699624530663328,5.793934416851452e-50,0.9999970000000008
9.724655819774718,4.015312662969234e-50,0.9999970000000008
9.749687108886107,2.778575356274237e-50,0.9999970000000008
9.774718397997496,1.918183994776149e-50,0.9999970000000008
9.799749687108886,1.3188266495422872e-50,0.9999970000000008
9.824780976220275,9.003075297968935e-51,0.9999970000000008
9.849812265331664,6.070229230566644e-51,0.9999970000000008
9.874843554443054,4.0063640550320204e-51,0.9999970000000008
9.899874843554443,2.5497492941055487e-51,0.9999970000000008
9.924906132665832,1.5245591564935045e-51,0.9999970000000008
9.949937421777221,8.156237438481107e-52,0.9999970000000008
9.97496871088861,3.503724027203248e-52,0.9999970000000008
10.0,8.589326184987347e-53,0.9999970000000008
