material_name,composition,category,compressive_strength_mpa,tensile_strength_mpa,fracture_toughness_mpa_m_half,elastic_modulus_gpa,hardness_gpa,thermal_conductivity_w_mk,thermal_conductivity_anisotropy,thermal_expansion_coeff,thermal_expansion_anisotropy,specific_heat_j_kgk,electrical_resistivity_ohm_m,dielectric_constant,band_gap_ev,carrier_mobility_cm2_vs,base_nrci,final_nrci,structural_optimization,resonance_strength,ubp_energy_cu,grain_size_um,porosity_fraction,uncertainty_mechanical,uncertainty_thermal,uncertainty_electrical,confidence_score
Alumina 99.5%,Al2O3,Traditional Ceramic,3044.729909779122,304.4729909779122,17.121238650145436,563.486405708362,30.80926231889224,29.526130632710295,1.0,1.0016917290129798e-05,1.0,714.0680905439971,1.0016917290129796e-07,1.0,,,0.999,0.9983082709870204,0.83371625,0.9489306646909141,1105.28543567812,2.0,0.01,0.08084586450648983,0.09684586450648983,0.12084586450648982,0.9974638374540572
Alumina 96%,Al2O3,Traditional Ceramic,3043.7756727431843,304.37756727431844,17.109078048356228,563.4055174016692,30.80967430116698,29.526421963033144,1.0,1.0016720119765354e-05,1.0,714.8229201660863,1.0016720119765354e-07,1.0,,,0.999,0.9983279880234646,0.83271625,0.9486444666164251,1104.7844925433592,2.0,0.01,0.08083600598826772,0.09683600598826772,0.12083600598826771,0.9974933798472216
Alumina 99.9%,Al2O3,Traditional Ceramic,3045.710064108268,304.5710064108268,17.13392156835823,563.5688585648415,30.80893936884919,29.52590226089414,1.0,1.0017071850608704e-05,1.0,716.4846349067959,1.0017071850608703e-07,1.0,,,0.999,0.9982928149391296,0.83471625,0.9492198454573906,1105.7946669580087,2.0,0.01,0.08085359253043521,0.09685359253043521,0.1208535925304352,0.9974406796491104
Alumina (Porous),Al2O3,Traditional Ceramic,3041.0455397839155,304.10455397839155,17.075252685778782,563.1708608256808,30.811366692409926,29.527618725412086,1.0,1.0015910159195176e-05,1.0,725.623758628436,1.0015910159195175e-07,1.0,,,0.999,0.9984089840804824,0.82971625,0.9478011638563376,1103.324165698442,2.0,0.01,0.0807955079597588,0.0967955079597588,0.1207955079597588,0.9976147417865516
Zirconia (Y-TZP 3mol%),ZrO2,Traditional Ceramic,3040.1713446267104,304.01713446267104,17.064690494259494,563.0948091095411,30.81205459191182,9.842701722877093,1.0,1.0015580937760653e-05,1.0,749.348016597504,10215892556.515865,9.1074,,,0.999,0.9984419062239347,0.82871625,0.9475242093567543,1102.8489277029219,2.0,0.01,0.08077904688803265,0.09677904688803265,0.12077904688803265,0.9976640731640095
Zirconia (Y-TZP 5mol%),ZrO2,Traditional Ceramic,3041.0455397839155,304.10455397839155,17.075252685778782,563.1708608256808,30.811366692409926,9.842539575137362,1.0,1.0015910159195176e-05,1.0,737.0357560626574,10216228362.379078,9.1074,,,0.999,0.9984089840804824,0.82971625,0.9478011638563376,1103.324165698442,2.0,0.01,0.0807955079597588,0.0967955079597588,0.1207955079597588,0.9976147417865516
Zirconia (Mg-PSZ),ZrO2,Traditional Ceramic,3044.729909779122,304.4729909779122,17.121238650145436,563.486405708362,30.80926231889224,9.842043544236764,1.0,1.0016917290129798e-05,1.0,738.1563972830147,10217255635.932394,9.1074,,,0.999,0.9983082709870204,0.83371625,0.9489306646909141,1105.28543567812,2.0,0.01,0.08084586450648983,0.09684586450648983,0.12084586450648982,0.9974638374540572
Zirconia (Ceria-Stabilized),ZrO2,Traditional Ceramic,3041.9359233764453,304.19359233764453,17.086135552789155,563.2478915519928,30.810734764532885,9.842390620709203,1.0,1.0016212593201339e-05,1.0,749.7987552668137,10216536845.065367,9.1074,,,0.999,0.998378740679866,0.83071625,0.9480799934759061,1103.8046252738427,2.0,0.01,0.08081062966006701,0.09681062966006701,0.120810629660067,0.9975694252606906
Silicon Carbide (Sintered),SiC,Traditional Ceramic,3442.342573376171,344.2342573376171,14.331687081652092,555.6206061703497,39.05494583104717,24.31881151143657,1.0,1.0249434188965827e-05,1.0,687.5838614562944,102.49434188965827,13.19672131147541,1.12,1400.0,0.999,0.9750565811034172,0.84171625,0.935054481772392,1065.2147902090653,2.0,0.01,0.0924717094482914,0.1084717094482914,0.1324717094482914,0.9628959587282511
Silicon Carbide (Reaction Bonded),SiC,Traditional Ceramic,3466.0851936858517,346.6085193685852,14.876258113445688,556.5602003561255,39.22217826381868,24.387794889954822,1.0,1.0193409216008105e-05,1.0,790.8117587440073,101.93409216008105,13.19672131147541,1.12,1400.0,0.999,0.9806590783991894,0.82871625,0.9350762298794326,1068.9760613640958,2.0,0.01,0.08967046080040529,0.10567046080040529,0.12967046080040528,0.9711756532229685
Silicon Carbide (Hot Pressed),SiC,Traditional Ceramic,3439.0811174726473,343.90811174726474,14.294571400497066,555.4046313115944,39.051397357019454,24.317347765900138,1.0,1.0250622972493936e-05,1.0,613.9364721654345,102.50622972493935,13.19672131147541,1.12,1400.0,0.999,0.9749377027506065,0.83971625,0.9343712669254245,1063.9423143163622,2.0,0.01,0.09253114862469673,0.10853114862469673,0.13253114862469673,0.9627206134976183
Silicon Carbide (CVD),SiC,Traditional Ceramic,3464.9508724361217,346.4950872436122,14.86586311769976,556.4783489748291,39.22256265922961,24.387953453061826,1.0,1.0193280438700108e-05,1.0,705.9252690993274,101.93280438700107,13.19672131147541,1.12,1400.0,0.999,0.9806719561299893,0.82771625,0.9347852442909925,1068.4740971799906,2.0,0.01,0.08966402193500538,0.10566402193500538,0.12966402193500537,0.9711947208349044
Silicon Nitride (Sintered),Si3N4,Traditional Ceramic,3445.819994338475,344.58199943384756,14.463910339328466,555.6421633547932,30.358864609518907,24.339695924711194,1.0,1.0232472875761385e-05,1.0,800.0,102.32472875761385,13.19672131147541,1.12,1400.0,0.999,0.9767527124238616,0.83471625,0.934141773696703,1064.7487914771261,2.0,0.01,0.09162364378806918,0.10762364378806918,0.13162364378806918,0.9653992868256163
Silicon Nitride (Hot Pressed),Si3N4,Traditional Ceramic,3447.210805037538,344.72108050375385,14.478389194984505,555.7375391631077,30.359383354926457,24.340001613969218,1.0,1.023222460968944e-05,1.0,710.3622476027743,102.3222460968944,13.19672131147541,1.12,1400.0,0.999,0.9767775390310559,0.83571625,0.9344591523217392,1065.3201685739336,2.0,0.01,0.09161123048447205,0.10761123048447205,0.13161123048447204,0.9654359498933109
Silicon Nitride (RBSN),Si3N4,Traditional Ceramic,3464.9508724361217,346.4950872436122,14.86586311769976,556.4783489748291,30.440756172780585,24.387953453061826,1.0,1.0193280438700108e-05,1.0,760.9566685531063,101.93280438700107,13.19672131147541,1.12,1400.0,0.999,0.9806719561299893,0.82771625,0.9347852442909925,1068.4740971799906,2.0,0.01,0.08966402193500538,0.10566402193500538,0.12966402193500537,0.9711947208349044
Boron Carbide (B4C),B4C,Traditional Ceramic,3435.5873921687175,343.5587392168718,14.19112578515054,555.3134299161719,39.0161475917275,24.30280723771721,1.0,1.0262432088193075e-05,1.0,683.4981828958605,10467680729.956934,6.1051,,,0.9974324999999999,0.9737567911806926,0.8437162500000001,0.9347446288264847,1063.80638714022,2.0,0.01,0.09312160440965371,0.10912160440965371,0.1331216044096537,0.9609795397756058
Boron Nitride (h-BN),BN,Traditional Ceramic,3303.7785279660243,330.37785279660244,11.929683218768151,548.1782142251253,38.49329768914398,9.634852661160602,1.0,1.0437593396126754e-05,1.0,758.5045647305024,10646345264.04929,6.2409,,,0.9774324999999999,0.9562406603873247,0.83571625,0.9200833372711272,1026.8772557890784,2.0,0.01,0.10187966980633766,0.11787966980633766,0.14187966980633765,0.9353184304826557
Boron Nitride (c-BN),BN,Traditional Ceramic,3292.6043320152385,329.2604332015239,11.612247497569848,547.783537541743,38.39987478720565,9.619437882340778,1.0,1.0468891245879847e-05,1.0,735.1082308390978,10678269070.797441,6.2409,,,0.9774324999999999,0.9531108754120154,0.8447162500000001,0.9205924877884109,1025.662032284637,2.0,0.01,0.10344456229399228,0.11944456229399228,0.14344456229399227,0.9307656081203369
Aluminum Nitride (AlN),AlN,Traditional Ceramic,3046.718208103437,304.6718208103437,17.147170301446288,563.6530004836175,30.808712455048752,29.525741800420967,1.0,1.0017180449156442e-05,1.0,752.7932202437536,1.0017180449156441e-07,1.0,,,0.999,0.9982819550843558,0.83571625,0.9495122435590491,1106.312839613557,2.0,0.01,0.0808590224578221,0.0968590224578221,0.1208590224578221,0.9974244084656998
Titanium Carbide (TiC),TiC,Traditional Ceramic,3421.6341260709924,342.16341260709925,13.932352453874087,554.6062243520598,38.95196389794693,24.276331464032726,1.3,1.028393443465057e-05,1.3,790.511927776924,10489613123.343582,7.9939,,,0.999,0.971606556534943,0.8447162500000001,0.9335394645744601,1060.2701783496802,2.0,0.01,0.09419672173252851,0.11019672173252851,0.1341967217325285,0.9578129286183161
Titanium Diboride (TiB2),TiB2,Traditional Ceramic,3426.960946429922,342.6960946429922,14.027186285160687,554.8851003262405,38.97453043117249,9.714256063595306,1.0,1.0276374361566909e-05,1.0,660.3771427946049,10481901848.798248,7.3163,,,0.9974324999999999,0.9723625638433091,0.8447162500000001,0.9340686696903162,1061.6966887776857,2.0,0.01,0.09381871807834545,0.10981871807834545,0.13381871807834544,0.9589257597036213
Tungsten Carbide (WC),WC,Traditional Ceramic,3297.4847758916435,329.7484775891644,11.916849504173154,547.6641418866268,38.50640656121693,28.911046875157915,1.0,1.0433201758743852e-05,1.0,700.8394068350751,1.043320175874385e-07,1.0,,,0.9744324999999999,0.9566798241256149,0.82771625,0.9179907518879304,1023.6071589611017,2.0,0.01,0.10166008793719254,0.11766008793719254,0.14166008793719254,0.9359580550073162
Mullite,3Al2O3-2SiO2,Traditional Ceramic,3447.210805037538,344.72108050375385,14.478389194984505,555.7375391631077,30.359383354926457,29.20800193676306,1.0,1.023222460968944e-05,1.0,751.6746558930927,1.0232224609689439e-07,1.0,,,0.999,0.9767775390310559,0.83571625,0.9344591523217392,1065.3201685739336,2.0,0.01,0.09161123048447205,0.10761123048447205,0.13161123048447204,0.9654359498933109
Cordierite,2MgO-2Al2O3-5SiO2,Traditional Ceramic,3464.9508724361217,346.4950872436122,14.86586311769976,556.4783489748291,30.440756172780585,29.265544143674195,1.0,1.0193280438700108e-05,1.0,759.7945931864301,1.0193280438700108e-07,1.0,,,0.999,0.9806719561299893,0.82771625,0.9347852442909925,1068.4740971799906,2.0,0.01,0.08966402193500538,0.10566402193500538,0.12966402193500537,0.9711947208349044
Spinel,MgAl2O4,Traditional Ceramic,3042.8451325115593,304.28451325115594,17.097393400292294,563.3260601299415,30.810167793419982,29.52677093255491,1.0,1.0016483939586401e-05,1.0,730.5304634375684,1.00164839395864e-07,1.0,,,0.999,0.99835160604136,0.83171625,0.948360999228952,1104.291137636976,2.0,0.01,0.08082419697932001,0.09682419697932002,0.12082419697932001,0.9975287676633614
Forsterite,Mg2SiO4,Traditional Ceramic,3453.1197648848356,345.3119764884836,14.640720853731754,555.9084216475819,30.39851287941984,24.363060083759958,1.0,1.0213497632637555e-05,1.0,674.3306549971725,102.13497632637554,13.19672131147541,1.12,1400.0,0.999,0.9786502367362446,0.82971625,0.9339700407153712,1065.7071104888848,2.0,0.01,0.09067488163187769,0.10667488163187769,0.13067488163187768,0.9682032613000762
Steatite,Mg3Si4O10(OH)2,Traditional Ceramic,3462.7405460703435,346.2740546070344,14.846077539918937,556.3176816345133,30.44146743762428,24.38837259127329,1.0,1.0192940034859835e-05,1.0,692.2651000423456,101.92940034859834,13.19672131147541,1.12,1400.0,0.999,0.9807059965140167,0.82571625,0.9342090725598117,1067.4861153885965,2.0,0.01,0.08964700174299166,0.10564700174299166,0.12964700174299165,0.9712451240562835
Urania (UO2),UO2,Traditional Ceramic,2743.701977978664,274.3701977978664,16.578978626374386,561.8750068425792,30.71774574338702,9.820471780010534,1.0,1.0060716156370643e-05,1.0,753.8474840542956,10261930479.498055,14.000933333333332,,,0.9944324999999999,0.9939283843629358,0.83371625,0.9458647440540551,1096.8807840265702,2.0,0.01,0.08303580781853208,0.09903580781853208,0.12303580781853207,0.9909110088026258
Thoria (ThO2),ThO2,Traditional Ceramic,2749.9444498381313,274.99444498381314,16.672429138511273,562.4303687998357,30.719381211238655,9.82085728314699,1.0,1.0059933438734197e-05,1.0,676.1098368035408,10261132107.50888,13.801266666666667,,,0.9944324999999999,0.9940066561265805,0.83971625,0.9477195342886062,1100.2487047186428,2.0,0.01,0.08299667193670977,0.09899667193670977,0.12299667193670977,0.9910279442752632
Hafnia (HfO2),HfO2,Traditional Ceramic,2758.298545493393,275.8298545493393,16.821688366031594,563.1028373888478,30.73261682984611,9.823977107533032,1.0,1.0053599011491895e-05,1.0,746.0801037936495,10254670991.721731,12.016266666666667,,,0.9944324999999999,0.9946400988508107,0.8447162500000001,0.9496629441955675,1104.152050933243,2.0,0.01,0.08267995057459464,0.09867995057459464,0.12267995057459463,0.9919745125463806
Barium Titanate (Pure),BaTiO3,Functional Ceramic,3059.958550892269,305.99585508922695,17.33688655367803,564.7081477882246,30.81356030144754,9.843056640124798,1.0,1.0014860321083417e-05,1.0,687.6150714765957,10215157527.505085,8.109253333333333,,,0.999,0.9985139678916584,0.84671625,0.9529746525241608,1112.6985108168062,2.0,0.01,0.09074301605417082,0.10874301605417082,0.13574301605417083,0.9977720559832011
Barium Titanate (Sr-doped),Ba0.8Sr0.2TiO3,Functional Ceramic,2972.1416541430726,297.2141654143073,15.531429431930068,559.3587050704231,30.515612908339108,9.772826183177811,1.0,1.0157454795860502e-05,1.0,651.9726469136787,10360603891.77771,7.232520000000001,,,0.9844324999999999,0.9842545204139499,0.84571625,0.9426930392897648,1084.7894303927312,2.0,0.01,0.09787273979302505,0.11587273979302505,0.14287273979302506,0.9765057406846223
Barium Titanate (Ca-doped),Ba0.9Ca0.1TiO3,Functional Ceramic,2972.548661424442,297.2548661424442,15.53621025201643,559.3928074585516,30.515575675046495,9.77281740675884,1.0,1.0157472615321007e-05,1.0,756.8283690304663,10360622067.627426,7.234688,,,0.9844324999999999,0.9842527384678994,0.8461162499999999,0.9428117919275294,1084.9983561533086,2.0,0.01,0.0978736307660503,0.1158736307660503,0.1428736307660503,0.9765030958247293
Lead Zirconate Titanate (PZT-5H),Pb(Zr0.52Ti0.48)O3,Functional Ceramic,3000.904812477824,300.0904812477824,16.136705622609476,561.0885221673999,30.61851851767147,9.797082505377583,1.0,1.0108205258345589e-05,1.0,670.4705088667678,10310369363.5125,8.2560964,,,0.9894324999999999,0.989179474165441,0.84471625,0.9458405069158087,1093.6703362155217,2.0,0.01,0.09541026291727947,0.11341026291727947,0.14041026291727948,0.9838277531378298
Lead Zirconate Titanate (PZT-4),Pb(Zr0.52Ti0.48)O3,Functional Ceramic,3001.4723356801956,300.14723356801954,16.14329832709909,561.1369459250132,30.6182932759033,9.797029412675085,1.0,1.0108313056676345e-05,1.0,688.1461602469379,10310479317.809872,8.2560964,,,0.9894324999999999,0.9891686943323657,0.8453162499999999,0.9460129610326558,1093.9701152384766,2.0,0.01,0.09541565283381717,0.11341565283381717,0.14041565283381718,0.9838117000897814
Lead Zirconate Titanate (PZT-8),Pb(Zr0.52Ti0.48)O3,Functional Ceramic,3001.8530212633414,300.18530212633414,16.14774105750776,561.1693707578763,30.61815121070296,9.79699592587786,1.0,1.0108381047580429e-05,1.0,676.3831416822311,10310548668.532036,8.2560964,,,0.9894324999999999,0.9891618952419573,0.84571625,0.94612820166937,1094.1707291534085,2.0,0.01,0.09541905237902135,0.11341905237902135,0.14041905237902136,0.9838015751203091
Lead Lanthanum Zirconate Titanate (PLZT),"(Pb,La)(Zr,Ti)O3",Functional Ceramic,3029.937893629099,302.9937893629099,16.743441011128706,562.8260701414196,30.721911409404658,9.821453687000407,1.0,1.0058722512621371e-05,1.0,776.0294498137112,10259896962.873798,8.046845714285714,,,0.9944324999999998,0.9941277487378629,0.84371625,0.949004299116504,1102.6292061382408,2.0,0.01,0.09293612563106854,0.11093612563106854,0.13793612563106855,0.9912088647742373
Zinc Oxide (ZnO),ZnO,Functional Ceramic,2752.886201225517,275.2886201225517,16.723034094105913,562.6727894550263,30.72317334024173,9.821751142126287,1.3,1.0058118565853991e-05,1.3,703.8736246554621,10259280937.17107,9.06895,,,0.9944324999999999,0.9941881434146009,0.8417162499999999,0.9484465753902205,1101.670971233059,2.0,0.01,0.09290592829269953,0.11090592829269953,0.13790592829269954,0.991299103960386
Zinc Oxide (Al-doped),ZnO,Functional Ceramic,2751.272810848386,275.1272810848386,16.702362677794834,562.5188119332234,30.724396962034756,9.822039567263214,1.3,1.005753295339039e-05,1.3,658.6630365379602,10258683612.458197,9.06895,,,0.9944324999999999,0.9942467046609612,0.8397162499999999,0.9478875682626728,1100.7095353101372,2.0,0.01,0.09287664766951939,0.1108766476695194,0.1378766476695194,0.9913866071950709
Yttria-Stabilized Zirconia (8YSZ),ZrO2,Functional Ceramic,3062.5391827580747,306.2539182758075,17.367527368497807,564.9338514097702,30.811366692409926,9.842539575137362,1.0,1.0015910159195176e-05,1.0,638.8348134908625,10216228362.379078,9.1074,,,0.999,0.9984089840804824,0.84971625,0.9538011638563376,1114.1178295968923,2.0,0.01,0.0907955079597588,0.1087955079597588,0.1357955079597588,0.9976147417865516
Scandia-Stabilized Zirconia (ScSZ),ZrO2,Functional Ceramic,3064.3363050999965,306.43363050999966,17.38949767023513,565.0889493958892,30.810167793419982,9.842256977518304,1.0,1.0016483939586401e-05,1.0,736.1892551453378,10216813618.37813,9.1074,,,0.999,0.99835160604136,0.85171625,0.9543609992289519,1115.0888129232676,2.0,0.01,0.09082419697932001,0.10882419697932001,0.13582419697932002,0.9975287676633614
Bismuth Ferrite (BFO),BiFeO3,Functional Ceramic,2773.168886463661,277.31688864636607,17.223748125706113,563.8801261944786,30.821605473805768,29.534859006542003,1.0,1.0011009986583276e-05,1.0,741.0003353362836,1.0011009986583274e-07,1.0,,,0.999,0.9988990013416725,0.8357162499999999,0.9499441759391707,1107.5002325647165,2.0,0.01,0.09055049932916373,0.10855049932916373,0.13555049932916374,0.9983491081115317
Sodium Bismuth Titanate (NBT),Na0.5Bi0.5TiO3,Functional Ceramic,3056.6105704754486,305.6610570475449,17.297826063601352,564.412837178942,30.81680893434256,9.8438223893072,1.0,1.0013305559698944e-05,1.0,657.2572735877142,10213571670.892923,7.1184899999999995,,,0.999,0.9986694440301055,0.84271625,0.9518834858210738,1110.8370220884592,2.0,0.01,0.09066527798494725,0.10866527798494725,0.13566527798494726,0.9980050512347528
Potassium Sodium Niobate (KNN),"(K,Na)NbO3",Functional Ceramic,2777.972738048368,277.7972738048368,17.287967367684995,564.3388015261075,30.81761027481003,9.844011276703101,1.0,1.0012922046616706e-05,1.0,600.0,10213180487.54904,6.691591666666667,,,0.999,0.9987077953383294,0.8417162499999999,0.9516103317368305,1110.370824870637,2.0,0.01,0.09064610233083528,0.10864610233083528,0.1356461023308353,0.998062527903938
Lithium Niobate (LiNbO3),LiNbO3,Functional Ceramic,2779.4969882571427,277.9496988257143,17.307585673771424,564.4866079316935,30.815992969043418,9.843630054629541,1.0,1.0013696072071126e-05,1.0,705.5173651878141,10213969993.512548,6.971253333333333,,,0.999,0.9986303927928873,0.84371625,0.9521561499550211,1111.301938595793,2.0,0.01,0.09068480360355632,0.10868480360355633,0.13568480360355634,0.997946527101282
Hydroxyapatite,Ca10(PO4)6(OH)2,Bioceramic,2742.429199954046,274.24291999540463,16.765834449374996,561.0948476047874,30.82371581412598,9.84545043954186,1.0,1.0009999999999999e-05,1.0,696.0068518450631,10210199999.999998,6.726003846153846,,,0.9894324999999999,0.999,0.80371625,0.9404148749999999,1090.4886381374877,2.0,0.01,0.1105,0.1325,0.1655,0.9985005
Bioactive Glass (45S5),SiO2-Na2O-CaO-P2O5,Bioceramic,3565.1579599402603,356.51579599402606,16.765834449374996,561.0948476047874,30.82371581412598,24.61362609885465,1.0,1.0009999999999999e-05,1.0,737.0261489672059,100.1,13.19672131147541,1.12,1400.0,0.9944324999999998,0.999,0.80371625,0.9404148749999999,1090.4886381374877,2.0,0.01,0.1105,0.1325,0.1655,0.9985005
Silicon-doped Hydroxyapatite,Ca10(PO4)6-x(SiO4)x(OH)2-x,Bioceramic,3545.4821224610973,354.54821224610976,16.43636162493985,560.086540937505,30.766035543667268,24.579635939477196,1.0,1.0037605168097802e-05,1.0,654.5559232183822,100.37605168097801,13.19672131147541,1.12,1400.0,0.9794324999999999,0.9962394831902198,0.80371625,0.9384825132331538,1085.2407714665592,2.0,0.01,0.11188025840489009,0.1338802584048901,0.1668802584048901,0.9943662955286681
Tin Oxide (SnO2),SnO2,Functional Ceramic,2782.551959036753,278.2551959036753,17.346869296798666,564.7826810567273,30.81278905450968,9.842874846203731,1.0,1.00152294317203e-05,1.0,685.5948382779353,10215534020.354708,10.023599999999998,,,0.999,0.9984770568279699,0.84771625,0.953248814779579,1113.16783976468,2.0,0.01,0.09076147158601502,0.10876147158601503,0.13576147158601504,0.9977167449199076
Indium Tin Oxide (ITO),In2O3,Functional Ceramic,2784.126529780068,278.4126529780068,17.367527368497807,564.9338514097702,30.811366692409926,9.842539575137362,1.0,1.0015910159195176e-05,1.0,753.6032817094449,10216228362.379078,10.55274,,,0.999,0.9984089840804824,0.84971625,0.9538011638563376,1114.1178295968923,2.0,0.01,0.0907955079597588,0.1087955079597588,0.1357955079597588,0.9976147417865516
Titanium Dioxide (Rutile),TiO2,Functional Ceramic,3060.8071549404285,306.08071549404286,17.346869296798666,564.7826810567273,30.81278905450968,9.842874846203731,1.0,1.00152294317203e-05,1.0,645.7259106818012,10215534020.354708,7.662166666666667,,,0.999,0.9984770568279699,0.84771625,0.953248814779579,1113.16783976468,2.0,0.01,0.09076147158601502,0.10876147158601503,0.13576147158601504,0.9977167449199076
Titanium Dioxide (Anatase),TiO2,Functional Ceramic,3052.3081820883085,305.23081820883084,17.246423259861803,564.0366841805123,30.820480479916853,9.84468782504971,1.0,1.0011548396773892e-05,1.0,620.2053800441228,10211779364.70937,7.662166666666667,,,0.999,0.998845160322611,0.8377162499999999,0.9505064872258275,1108.4758413255413,2.0,0.01,0.09057741983869452,0.10857741983869452,0.13557741983869454,0.9982684073112567
Ferrite (MnZn),MnZnFe2O4,Functional Ceramic,2781.0160243873906,278.10160243873906,17.327053353050662,564.6340795508181,30.81435825227619,29.52973418560323,1.0,1.0014478430246508e-05,1.0,743.3955450152574,1.0014478430246507e-07,1.0,,,0.999,0.9985521569753494,0.84571625,0.9527013848827446,1112.2317215657806,2.0,0.01,0.0907239215123253,0.10872392151232531,0.13572392151232532,0.997829283587736
Ferrite (NiZn),NiZnFe2O4,Functional Ceramic,2780.2557791321437,278.02557791321436,17.317307311919926,564.5602942318529,30.815172610631357,29.53031005329724,1.0,1.0014088686940739e-05,1.0,600.0,1.0014088686940738e-07,1.0,,,0.999,0.9985911313059261,0.84471625,0.9524286669141482,1111.7665183819174,2.0,0.01,0.09070443434703693,0.10870443434703693,0.13570443434703694,0.9978876894143878
Garnet (YIG),Y3Fe5O12,Functional Ceramic,2783.3330955573474,278.33330955573473,17.35706295574458,564.8578578275511,30.81205459191182,29.52810516863128,1.0,1.0015580937760653e-05,1.0,719.6210015371272,1.0015580937760653e-07,1.0,,,0.999,0.9984419062239347,0.84871625,0.9535242093567542,1113.6406432959911,2.0,0.01,0.09077904688803265,0.10877904688803265,0.13577904688803266,0.9976640731640095
SiC-Fiber/SiC-Matrix (CVI),SiC,Ceramic Composite,3512.8318317086373,351.28318317086377,16.129385159082616,553.454735899445,39.14474102410596,24.068690116409464,1.0,1.0152613416220685e-05,1.0,777.8981117106863,101.52613416220684,13.19672131147541,1.12,1400.0,0.998964,0.9847386583779316,0.901482,0.9597616608645521,1115.5151360443624,5.0,0.02,0.1076306708110342,0.12763067081103419,0.15763067081103418,0.9772244418409501
SiC-Fiber/SiC-Matrix (PIP),SiC,Ceramic Composite,3500.615704483054,350.0615704483054,15.881719638492662,552.8723968030021,39.08378882950591,24.04380130361444,1.0,1.0173137087711114e-05,1.0,675.1991985144817,101.73137087711113,13.19672131147541,1.12,1400.0,0.998964,0.9826862912288888,0.903482,0.9589250038602222,1112.5967309779455,5.0,0.02,0.10865685438555558,0.12865685438555557,0.15865685438555557,0.9741793190990387
C-Fiber/SiC-Matrix,SiC,Ceramic Composite,3512.8318317086373,351.28318317086377,16.129385159082616,553.454735899445,39.14474102410596,24.068690116409464,1.0,1.0152613416220685e-05,1.0,717.7429160924587,101.52613416220684,13.19672131147541,1.12,1400.0,0.998964,0.9847386583779316,0.901482,0.9597616608645521,1115.5151360443624,5.0,0.02,0.1076306708110342,0.12763067081103419,0.15763067081103418,0.9772244418409501
C-Fiber/C-Matrix (C/C),Carbon,Ceramic Composite,2741.8479898295823,274.1847989829582,16.913091481774416,556.513529646177,30.457219483914308,9.647554913310334,1.0,1.0111220113494662e-05,1.0,724.0734901471383,10515668918.034449,13.015600000000001,,,0.988964,0.9888779886505339,0.919482,0.9680591920553737,1133.335057758095,5.0,0.02,0.10556100567473306,0.12556100567473305,0.15556100567473305,0.9833788325440297
Al2O3-Fiber/Al2O3-Matrix,Al2O3,Ceramic Composite,3062.2317237259067,306.2231723725907,18.03682500320089,559.0106128329679,30.65677393023362,29.082352852354518,1.0,1.00152294317203e-05,1.0,701.1414253307839,1.00152294317203e-07,1.0,,,0.999,0.9984770568279699,0.907482,0.9711785397795789,1145.6964565801634,5.0,0.02,0.10076147158601503,0.12076147158601502,0.15076147158601502,0.9977167449199076
Alumina-Zirconia (ZTA 10%),Al2O3,Ceramic Composite,3065.6741214662916,306.5674121466292,18.077920630935257,559.3103002220016,30.654165941437252,29.080527260197062,1.0,1.0016483939586401e-05,1.0,729.7328184020146,1.00164839395864e-07,1.0,,,0.999,0.99835160604136,0.911482,0.972290724228952,1147.640935103394,5.0,0.02,0.10082419697932002,0.12082419697932001,0.15082419697932,0.9975287676633614
Alumina-Zirconia (ZTA 20%),Al2O3,Ceramic Composite,3065.6741214662916,306.5674121466292,18.077920630935257,559.3103002220016,30.654165941437252,29.080527260197062,1.0,1.0016483939586401e-05,1.0,723.5756320096336,1.00164839395864e-07,1.0,,,0.999,0.99835160604136,0.911482,0.972290724228952,1147.640935103394,5.0,0.02,0.10082419697932002,0.12082419697932001,0.15082419697932,0.9975287676633614
Alumina-SiC Whisker (15%),Al2O3,Ceramic Composite,3069.457629381094,306.94576293810945,18.126378038266818,559.6304273798017,30.65271797191525,29.079513681531658,1.0,1.0017180449156442e-05,1.0,676.0219610841865,1.0017180449156441e-07,1.0,,,0.999,0.9982819550843558,0.915482,0.9734419685590491,1149.6970580498346,5.0,0.02,0.1008590224578221,0.1208590224578221,0.1508590224578221,0.9974244084656998
Alumina-SiC Whisker (30%),Al2O3,Ceramic Composite,3070.4738199118206,307.0473819911821,18.140023430993768,559.7146680957588,30.652594207717733,29.079427046593395,1.0,1.0017239982832181e-05,1.0,697.6595592193119,1.001723998283218e-07,1.0,,,0.999,0.998276001716782,0.916482,0.9737378012017474,1150.2340086546217,5.0,0.02,0.10086199914160901,0.120861999141609,0.150861999141609,0.9974154886602132
Alumina-Graphene (0.5wt%),Al2O3,Ceramic Composite,3065.6741214662916,306.5674121466292,18.077920630935257,559.3103002220016,30.654165941437252,29.080527260197062,1.0,1.0016483939586401e-05,1.0,656.3736743531549,1.00164839395864e-07,1.0,,,0.999,0.99835160604136,0.911482,0.972290724228952,1147.640935103394,5.0,0.02,0.10082419697932002,0.12082419697932001,0.15082419697932,0.9975287676633614
Alumina-Graphene (1.0wt%),Al2O3,Ceramic Composite,3065.6741214662916,306.5674121466292,18.077920630935257,559.3103002220016,30.654165941437252,29.080527260197062,1.0,1.0016483939586401e-05,1.0,670.4089997446043,1.00164839395864e-07,1.0,,,0.999,0.99835160604136,0.911482,0.972290724228952,1147.640935103394,5.0,0.02,0.10082419697932002,0.12082419697932001,0.15082419697932,0.9975287676633614
Zirconia-Toughened Alumina (ZTA),Al2O3,Ceramic Composite,3066.5819839836895,306.65819839836894,18.089210317641164,559.388055457105,30.65367494789526,29.080183564717665,1.0,1.0016720119765354e-05,1.0,722.2951346054673,1.0016720119765354e-07,1.0,,,0.999,0.9983279880234646,0.912482,0.9725741916164251,1148.142557062439,5.0,0.02,0.10083600598826772,0.12083600598826771,0.1508360059882677,0.9974933798472216
Alumina-Toughened Zirconia (ATZ),ZrO2,Ceramic Composite,3063.92035510528,306.39203551052805,18.056676349944333,559.1585030761455,30.655358770013564,9.693787413400159,1.0,1.0015910159195176e-05,1.0,612.7471312237884,10416546565.562983,9.1074,,,0.999,0.9984089840804824,0.909482,0.9717308888563376,1146.6579810090354,5.0,0.02,0.1007955079597588,0.1207955079597588,0.1507955079597588,0.9976147417865516
Si3N4-SiC Nanocomposite,Si3N4,Ceramic Composite,3471.5716489072997,347.15716489073,15.21777917253128,551.6260605752256,30.205147851631295,23.971845497777405,1.0,1.0232472875761385e-05,1.0,790.0375164504266,102.32472875761385,13.19672131147541,1.12,1400.0,0.999,0.9767527124238616,0.914482,0.9580714986967032,1106.9531913921119,5.0,0.02,0.11162364378806919,0.13162364378806918,0.16162364378806918,0.9653992868256163
Si3N4-TiN Composite,Si3N4,Ceramic Composite,3472.939334351524,347.29393343515244,15.232402883122678,551.719760601157,30.205663970462943,23.97214656709587,1.0,1.023222460968944e-05,1.0,750.1701753965414,102.3222460968944,13.19672131147541,1.12,1400.0,0.999,0.9767775390310559,0.915482,0.9583888773217392,1107.5352616317298,5.0,0.02,0.11161123048447205,0.13161123048447204,0.16161123048447204,0.9654359498933109
WC-Co (6%),WC,Cermet,3598.131411323581,359.8131411323581,16.797248401462063,564.4127690069461,39.54011859896881,29.422734333845096,1.0,1.0086895196067419e-05,1.0,684.8604808832227,1.0086895196067418e-07,1.0,,,0.9744324999999999,0.9913104803932582,0.87371625,0.9560322112752807,1113.3332536613805,2.0,0.01,0.1243447598033709,0.1483447598033709,0.1843447598033709,0.9870034744653853
WC-Co (12%),WC,Cermet,3598.131411323581,359.8131411323581,16.797248401462063,564.4127690069461,39.54011859896881,29.422734333845096,1.0,1.0086895196067419e-05,1.0,722.4560822785727,1.0086895196067418e-07,1.0,,,0.9744324999999999,0.9913104803932582,0.87371625,0.9560322112752807,1113.3332536613805,2.0,0.01,0.1243447598033709,0.1483447598033709,0.1843447598033709,0.9870034744653853
TiC-NiMo,TiC,Cermet,3654.1687709293606,365.4168770929361,17.794939449374997,567.2689673047873,39.7696478611516,24.61362609885465,1.3,1.0009999999999999e-05,1.3,671.9353442728973,10210199999.999998,7.9939,,,0.999,0.999,0.87371625,0.9614148749999999,1128.286219220988,2.0,0.01,0.1205,0.1445,0.1805,0.9985005
MAX Phase (Ti3SiC2),Ti3SiC2,Novel Composite,3580.428134746466,358.04281347464666,17.611783545999995,556.2618454884399,39.56828126163683,24.24163571340123,1.3,1.0009999999999999e-05,1.3,667.5653962271543,100.1,13.19672131147541,1.12,1400.0,0.999,0.999,0.873482,0.9613445999999999,1128.1587527386605,5.0,0.02,0.1305,0.1565,0.1955,0.9985005
MAX Phase (Ti2AlC),Ti2AlC,Novel Composite,3580.428134746466,358.04281347464666,17.611783545999995,556.2618454884399,39.56828126163683,29.08996285608148,1.3,1.0009999999999999e-05,1.3,734.1223211095457,1.0009999999999999e-07,1.0,,,0.983964,0.999,0.873482,0.9613445999999999,1128.1587527386605,5.0,0.02,0.1305,0.1565,0.1955,0.9985005
MAX Phase (Cr2AlC),Cr2AlC,Novel Composite,3557.3674009616266,355.7367400961627,17.198025986390213,555.0881763721442,39.47258192228753,29.04307017980032,1.0,1.0042223643718555e-05,1.0,658.8005702755524,1.0042223643718553e-07,1.0,,,0.978964,0.9957776356281446,0.873482,0.9590889449397011,1121.8812533521043,5.0,0.02,0.1321111821859277,0.1581111821859277,0.1971111821859277,0.9936753676226613
MXene (Ti3C2Tx),Ti3C2Tx,Novel Composite,3522.2373141528165,352.2237314152817,16.56513288888917,553.2929050466987,39.32619800759433,24.14278505133388,1.3,1.009151367168817e-05,1.3,659.5654534197785,10495174218.555695,8.35246,,,0.9739639999999999,0.9908486328311831,0.873482,0.9556386429818281,1112.312083594512,5.0,0.02,0.13457568358440847,0.16057568358440846,0.19957568358440847,0.9863148230073039
Diamond-SiC Composite,SiC,Ceramic Composite,3478.8456395081744,347.88456395081744,15.410379104945205,551.8874235792294,38.962885817410054,23.994432573675294,1.0,1.0213847249482e-05,1.0,702.3070205467043,102.13847249482,13.19672131147541,1.12,1400.0,0.998964,0.9786152750518001,0.909482,0.95787529253626,1107.899512624861,5.0,0.02,0.11069236247409994,0.13069236247409993,0.16069236247409993,0.9681515658082552
B4C-TiB2 Composite,B4C,Ceramic Composite,3454.374643548403,345.43746435484036,14.81043338401247,550.8954569521854,38.80094625272832,23.92830725143026,1.0,1.026837513725764e-05,1.0,739.2501165424077,10679110142.747946,6.1051,,,0.996964,0.9731624862742361,0.921482,0.9576583403919652,1103.7135232055741,5.0,0.02,0.11341875686288197,0.13341875686288196,0.16341875686288196,0.9601038554828444
Al2O3-Cu Interpenetrating,Al2O3,Ceramic Composite,3057.3249233154424,305.7324923315443,17.98054521130662,558.5765243181992,30.661570739135087,29.085710618585544,1.0,1.0012922046616706e-05,1.0,719.4532866035187,1.0012922046616706e-07,1.0,,,0.999,0.9987077953383294,0.901482,0.9695400567368306,1142.8659111456916,5.0,0.02,0.10064610233083529,0.12064610233083528,0.15064610233083528,0.998062527903938
SiC-Al Interpenetrating,SiC,Ceramic Composite,3604.6594115869784,360.4659411586979,17.890301684107218,557.9567685116577,39.56544534693359,24.24047771489741,1.0,1.0010954902151204e-05,1.0,694.7078181897692,100.10954902151204,13.19672131147541,1.12,1400.0,0.998964,0.9989045097848795,0.893482,0.9672777568494156,1138.8778120343509,5.0,0.02,0.10054774510756023,0.12054774510756022,0.15054774510756022,0.9983573647267251
Glass-Ceramic (LAS),Li2O-Al2O3-SiO2,Ceramic Composite,3500.868552142565,350.0868552142565,15.886432974491498,552.8854149352068,30.329238436567692,28.85307800678837,1.0,1.017278219950973e-05,1.0,693.5915387177874,1.0172782199509728e-07,1.0,,,0.999,0.9827217800490271,0.903482,0.9589498460343189,1112.665735672184,5.0,0.02,0.10863910997548645,0.12863910997548644,0.15863910997548644,0.9742319385158777
Glass-Ceramic (MAS),MgO-Al2O3-SiO2,Ceramic Composite,3488.9227573190883,348.89227573190885,15.64244058891921,552.3157972713371,30.2873324348816,28.823743805608096,1.0,1.0192940034859835e-05,1.0,702.8830610897286,1.0192940034859834e-07,1.0,,,0.999,0.9807059965140167,0.905482,0.9581387975598117,1109.8201427881856,5.0,0.02,0.10964700174299166,0.12964700174299165,0.15964700174299165,0.9712451240562835
Zirconia-CNT (1wt%),ZrO2,Ceramic Composite,3062.2317237259067,306.2231723725907,18.03682500320089,559.0106128329679,30.65677393023362,9.694117617451505,1.0,1.00152294317203e-05,1.0,642.4140977754073,10415838608.989113,9.1074,,,0.999,0.9984770568279699,0.907482,0.9711785397795789,1145.6964565801634,5.0,0.02,0.10076147158601503,0.12076147158601502,0.15076147158601502,0.9977167449199076
Mullite-Cordierite Composite,3Al2O3-2SiO2,Ceramic Composite,3479.094212117188,347.90942121171884,15.415053267280921,551.9002665075849,30.244595369508616,28.793827859847013,1.0,1.0213497632637555e-05,1.0,607.7473136751468,1.0213497632637553e-07,1.0,,,0.999,0.9786502367362446,0.909482,0.9578997657153712,1107.967400300519,5.0,0.02,0.11067488163187769,0.13067488163187768,0.16067488163187768,0.9682032613000762
SiAlON (alpha),Si-Al-O-N,Ceramic Composite,3370.185210430194,337.0185210430194,13.286224393565067,546.3416355241195,29.90643984372293,28.55711899179703,1.0,1.0376158901602697e-05,1.0,672.6220943583965,1.0376158901602697e-07,1.0,,,0.983964,0.9623841098397303,0.914482,0.9480134768878112,1079.2192046999012,5.0,0.02,0.11880794508013484,0.13880794508013483,0.16880794508013483,0.9442836423558703
SiAlON (beta),Si-Al-O-N,Ceramic Composite,3370.185210430194,337.0185210430194,13.286224393565067,546.3416355241195,29.90643984372293,28.55711899179703,1.0,1.0376158901602697e-05,1.0,681.1015123370595,1.0376158901602697e-07,1.0,,,0.983964,0.9623841098397303,0.914482,0.9480134768878112,1079.2192046999012,5.0,0.02,0.11880794508013484,0.13880794508013483,0.16880794508013483,0.9442836423558703
Alumina-Carbon Nanotube (CNT),Al2O3,Ceramic Composite,3064.787753097936,306.4787753097936,18.0670946680378,559.2338330074659,30.6547300417919,29.080922130445316,1.0,1.0016212593201339e-05,1.0,761.1065129182056,1.0016212593201339e-07,1.0,,,0.999,0.998378740679866,0.910482,0.9720097184759062,1147.1463471188363,5.0,0.02,0.10081062966006701,0.120810629660067,0.150810629660067,0.9975694252606906
Diamond-like Carbon (DLC) on Si,Si,Coating,3590.5896202228605,359.0589620222861,17.059864449375,562.8588818047875,30.82371581412598,24.61362609885465,1.0,1.0009999999999999e-05,1.0,672.5776744372404,100.1,13.19672131147541,1.12,1400.0,0.9894324999999999,0.999,0.82371625,0.9464148749999999,1101.2280070184877,2.0,0.01,0.1405,0.1685,0.2105,0.9985005
TiN on Steel,Steel,Coating,2589.085463985176,258.9085463985176,13.173076022600041,551.1965999037529,30.159783654435188,9.688952144757604,1.0,1.0327750917740933e-05,1.0,738.1661886647828,10534305936.09575,,,,0.95,0.9672249082259067,0.82371625,0.9241723107581346,1041.1435830771802,2.0,0.01,0.15638754588704668,0.18438754588704667,0.22638754588704665,0.9513744656592602
Fly Ash Geopolymer (NaOH activator),Fly Ash Class F,Geopolymer,2074.7430468297243,207.47430468297244,11.191060964366345,449.08129927300104,28.753736936828986,8.397697117582423,1.0,1.032900000608053e-05,1.0,718.7704657620375,103.29000006080528,12.692307692307692,1.2,,0.9671,0.9670999993919472,0.73865,0.898564999574363,997.3799071053598,0.5,0.1,0.16645000030402637,0.19645000030402637,0.24145000030402639,0.9511912041079258
Fly Ash Geopolymer (Na2SiO3 activator),Fly Ash Class F,Geopolymer,2074.7430468297243,207.47430468297244,11.191060964366345,449.08129927300104,28.753736936828986,8.397697117582423,1.0,1.032900000608053e-05,1.0,670.7389293645591,103.29000006080528,12.692307692307692,1.2,,0.9671,0.9670999993919472,0.73865,0.898564999574363,997.3799071053598,0.5,0.1,0.16645000030402637,0.19645000030402637,0.24145000030402639,0.9511912041079258
Fly Ash Geopolymer (KOH activator),Fly Ash Class F,Geopolymer,2074.7430468297243,207.47430468297244,11.191060964366345,449.08129927300104,28.753736936828986,8.397697117582423,1.0,1.032900000608053e-05,1.0,600.0,103.29000006080528,12.692307692307692,1.2,,0.9671,0.9670999993919472,0.73865,0.898564999574363,997.3799071053598,0.5,0.1,0.16645000030402637,0.19645000030402637,0.24145000030402639,0.9511912041079258
Metakaolin Geopolymer (Na2SiO3),Metakaolin,Geopolymer,2002.0216164944666,200.20216164944668,9.485887505783838,444.0052057672178,28.413064777768426,8.324695940640876,1.0,1.0499999999419978e-05,1.0,800.0,12599999999.303972,,,,0.95,0.9500000000580021,0.73865,0.8865950000406014,966.6930954857908,0.5,0.1,0.17499999997099894,0.20499999997099894,0.24999999997099895,0.9262500000841031
Metakaolin Geopolymer (K2SiO3),Metakaolin,Geopolymer,2002.0216164944666,200.20216164944668,9.485887505783838,444.0052057672178,28.413064777768426,8.324695940640876,1.0,1.0499999999419978e-05,1.0,725.7237289334936,12599999999.303972,,,,0.95,0.9500000000580021,0.73865,0.8865950000406014,966.6930954857908,0.5,0.1,0.17499999997099894,0.20499999997099894,0.24999999997099895,0.9262500000841031
Slag Geopolymer (NaOH),GGBS,Geopolymer,2614.1471743610055,261.41471743610055,9.695294772627344,444.628585671437,36.58407402204478,8.333660997458258,1.0,1.0479000000237937e-05,1.0,776.3144196206997,12574800000.285522,7.1438,,,0.9521,0.9520999999762063,0.73865,0.8880649999833443,970.4363438541924,0.5,0.1,0.17395000001189684,0.20395000001189684,0.24895000001189685,0.9292972049654492
Slag Geopolymer (Na2CO3),GGBS,Geopolymer,2614.1471743610055,261.41471743610055,9.695294772627344,444.628585671437,36.58407402204478,8.333660997458258,1.0,1.0479000000237937e-05,1.0,662.3349787500993,12574800000.285522,7.1438,,,0.9521,0.9520999999762063,0.73865,0.8880649999833443,970.4363438541924,0.5,0.1,0.17395000001189684,0.20395000001189684,0.24895000001189685,0.9292972049654492
Fly Ash/Slag (70/30) Blend,Fly Ash/GGBS,Geopolymer,2586.762625344326,258.6762625344326,9.19670604204763,443.1443478042488,36.44177153287996,8.312315624083535,1.0,1.0528999998290412e-05,1.0,697.7531568267666,105.28999998290412,12.692307692307692,1.2,,0.9470999999999999,0.9471000001709589,0.73865,0.8845650001196711,961.5354971975438,0.5,0.1,0.17644999991452057,0.20644999991452057,0.25144999991452055,0.9220492052473945
Fly Ash/Slag (50/50) Blend,Fly Ash/GGBS,Geopolymer,2586.762625344326,258.6762625344326,9.19670604204763,443.1443478042488,36.44177153287996,8.312315624083535,1.0,1.0528999998290412e-05,1.0,786.9629734808082,105.28999998290412,12.692307692307692,1.2,,0.9470999999999999,0.9471000001709589,0.73865,0.8845650001196711,961.5354971975438,0.5,0.1,0.17644999991452057,0.20644999991452057,0.25144999991452055,0.9220492052473945
Geopolymer Concrete (Basalt aggregate),Fly Ash,Geopolymer,1968.8632817222403,196.88632817222404,8.698117311467904,441.66010993706044,28.255678224752135,8.290970250708812,1.0,1.0578999996342888e-05,1.0,705.7487044845549,105.78999996342885,12.692307692307692,1.2,,0.9420999999999999,0.9421000003657113,0.73865,0.8810650002559979,952.6748210877656,0.5,0.1,0.17894999981714435,0.20894999981714435,0.2539499998171444,0.9148262055273924
Geopolymer Foam (H2O2),Metakaolin,Geopolymer,2002.0216164944666,200.20216164944668,9.485887505783838,444.0052057672178,28.413064777768426,8.324695940640876,1.0,1.0499999999419978e-05,1.0,777.358724515146,12599999999.303972,,,,0.95,0.9500000000580021,0.73865,0.8865950000406014,966.6930954857908,0.5,0.1,0.17499999997099894,0.20499999997099894,0.24999999997099895,0.9262500000841031
Geopolymer-Basalt Fiber Composite,Fly Ash,Geopolymer,1968.8632817222403,196.88632817222404,8.698117311467904,441.66010993706044,28.255678224752135,8.290970250708812,1.0,1.0578999996342888e-05,1.0,789.1822121719795,105.78999996342885,12.692307692307692,1.2,,0.9420999999999999,0.9421000003657113,0.73865,0.8810650002559979,952.6748210877656,0.5,0.1,0.17894999981714435,0.20894999981714435,0.2539499998171444,0.9148262055273924
Geopolymer-Carbon Fiber Composite,Metakaolin,Geopolymer,2002.0216164944666,200.20216164944668,9.485887505783838,444.0052057672178,28.413064777768426,8.324695940640876,1.0,1.0499999999419978e-05,1.0,726.1791792328394,12599999999.303972,,,,0.95,0.9500000000580021,0.73865,0.8865950000406014,966.6930954857908,0.5,0.1,0.17499999997099894,0.20499999997099894,0.24999999997099895,0.9262500000841031
Red Mud Geopolymer,Red Mud,Geopolymer,2019.3395131867921,201.93395131867922,9.894730264859188,445.222280818312,28.49474640654903,8.342199146808145,1.3,1.0459000001016952e-05,1.3,721.8710924061306,12550800001.22034,42.242000000000004,,,0.9541,0.9540999998983049,0.73865,0.8894649999288133,974.007930269975,0.5,0.1,0.17295000005084757,0.20295000005084757,0.24795000005084758,0.932203404852125
Rice Husk Ash Geopolymer,Rice Husk Ash,Geopolymer,1968.8632817222403,196.88632817222404,8.698117311467904,441.66010993706044,28.255678224752135,8.290970250708812,1.0,1.0578999996342888e-05,1.0,676.5306743063188,105.78999996342885,12.692307692307692,1.2,,0.9420999999999999,0.9421000003657113,0.73865,0.8810650002559979,952.6748210877656,0.5,0.1,0.17894999981714435,0.20894999981714435,0.2539499998171444,0.9148262055273924
Geopolymer-Hemp Composite,Fly Ash,Geopolymer,1968.8632817222403,196.88632817222404,8.698117311467904,441.66010993706044,28.255678224752135,8.290970250708812,1.0,1.0578999996342888e-05,1.0,701.4331343390029,105.78999996342885,12.692307692307692,1.2,,0.9420999999999999,0.9421000003657113,0.73865,0.8810650002559979,952.6748210877656,0.5,0.1,0.17894999981714435,0.20894999981714435,0.2539499998171444,0.9148262055273924
High-Temperature Geopolymer (Phosphate),Metakaolin,Geopolymer,2002.0216164944666,200.20216164944668,9.485887505783838,444.0052057672178,28.413064777768426,8.324695940640876,1.0,1.0499999999419978e-05,1.0,692.6133681648989,12599999999.303972,,,,0.95,0.9500000000580021,0.73865,0.8865950000406014,966.6930954857908,0.5,0.1,0.17499999997099894,0.20499999997099894,0.24999999997099895,0.9262500000841031
Ferro-sialate Geopolymer,Fly Ash,Geopolymer,1968.8632817222403,196.88632817222404,8.698117311467904,441.66010993706044,28.255678224752135,8.290970250708812,1.0,1.0578999996342888e-05,1.0,686.7476928511021,105.78999996342885,12.692307692307692,1.2,,0.9420999999999999,0.9421000003657113,0.73865,0.8810650002559979,952.6748210877656,0.5,0.1,0.17894999981714435,0.20894999981714435,0.2539499998171444,0.9148262055273924
Geopolymer Mortar,Fly Ash,Geopolymer,1968.8632817222403,196.88632817222404,8.698117311467904,441.66010993706044,28.255678224752135,8.290970250708812,1.0,1.0578999996342888e-05,1.0,600.0,105.78999996342885,12.692307692307692,1.2,,0.9420999999999999,0.9421000003657113,0.73865,0.8810650002559979,952.6748210877656,0.5,0.1,0.17894999981714435,0.20894999981714435,0.2539499998171444,0.9148262055273924
Self-healing Geopolymer (Microcapsules),Fly Ash,Geopolymer,1968.8632817222403,196.88632817222404,8.698117311467904,441.66010993706044,28.255678224752135,8.290970250708812,1.0,1.0578999996342888e-05,1.0,732.4296278177317,105.78999996342885,12.692307692307692,1.2,,0.9420999999999999,0.9421000003657113,0.73865,0.8810650002559979,952.6748210877656,0.5,0.1,0.17894999981714435,0.20894999981714435,0.2539499998171444,0.9148262055273924
Concrete + Nano-Silica (3%),OPC,Concrete Additive,2775.6648883130138,277.5664888313014,12.760445152372728,452.723679717484,37.55041323461907,21.196529698361005,1.0,1.0139463010897007e-05,1.0,615.9720883086316,12167355613.076406,6.310755555555556,,,0.9691,0.9860536989102994,0.71105,0.9035525892372096,1017.6535674999927,0.5,0.1,0.1869731505448503,0.2229731505448503,0.27697315054485033,0.9791777980224914
Concrete + Titanium Dioxide (3%),OPC,Concrete Additive,2775.6648883130138,277.5664888313014,12.760445152372728,452.723679717484,37.55041323461907,21.196529698361005,1.0,1.0139463010897007e-05,1.0,771.2942291985116,12167355613.076406,6.310755555555556,,,0.9691,0.9860536989102994,0.71105,0.9035525892372096,1017.6535674999927,0.5,0.1,0.1869731505448503,0.2229731505448503,0.27697315054485033,0.9791777980224914
Concrete + Graphene Oxide (0.1%),OPC,Concrete Additive,2775.6648883130138,277.5664888313014,12.760445152372728,452.723679717484,37.55041323461907,21.196529698361005,1.0,1.0139463010897007e-05,1.0,679.7549218601374,12167355613.076406,6.310755555555556,,,0.9691,0.9860536989102994,0.71105,0.9035525892372096,1017.6535674999927,0.5,0.1,0.1869731505448503,0.2229731505448503,0.27697315054485033,0.9791777980224914
Concrete + Carbon Nanotubes (0.1%),OPC,Concrete Additive,2775.6648883130138,277.5664888313014,12.760445152372728,452.723679717484,37.55041323461907,21.196529698361005,1.0,1.0139463010897007e-05,1.0,655.7629354201011,12167355613.076406,6.310755555555556,,,0.9691,0.9860536989102994,0.71105,0.9035525892372096,1017.6535674999927,0.5,0.1,0.1869731505448503,0.2229731505448503,0.27697315054485033,0.9791777980224914
Concrete + Basalt Fibers (1%),OPC,Concrete Additive,2775.6648883130138,277.5664888313014,12.760445152372728,452.723679717484,37.55041323461907,21.196529698361005,1.0,1.0139463010897007e-05,1.0,668.778780958284,12167355613.076406,6.310755555555556,,,0.9691,0.9860536989102994,0.71105,0.9035525892372096,1017.6535674999927,0.5,0.1,0.1869731505448503,0.2229731505448503,0.27697315054485033,0.9791777980224914
Concrete + Bacterial Spores (1%),OPC,Concrete Additive,2775.6648883130138,277.5664888313014,12.760445152372728,452.723679717484,37.55041323461907,21.196529698361005,1.0,1.0139463010897007e-05,1.0,648.263208009165,12167355613.076406,6.310755555555556,,,0.9691,0.9860536989102994,0.71105,0.9035525892372096,1017.6535674999927,0.5,0.1,0.1869731505448503,0.2229731505448503,0.27697315054485033,0.9791777980224914
Concrete + Mullite (5%),OPC,Concrete Additive,2775.6648883130138,277.5664888313014,12.760445152372728,452.723679717484,37.55041323461907,21.196529698361005,1.0,1.0139463010897007e-05,1.0,688.2825301936407,12167355613.076406,6.310755555555556,,,0.9691,0.9860536989102994,0.71105,0.9035525892372096,1017.6535674999927,0.5,0.1,0.1869731505448503,0.2229731505448503,0.27697315054485033,0.9791777980224914
Concrete + Cordierite (5%),OPC,Concrete Additive,2775.6648883130138,277.5664888313014,12.760445152372728,452.723679717484,37.55041323461907,21.196529698361005,1.0,1.0139463010897007e-05,1.0,705.9934664683758,12167355613.076406,6.310755555555556,,,0.9691,0.9860536989102994,0.71105,0.9035525892372096,1017.6535674999927,0.5,0.1,0.1869731505448503,0.2229731505448503,0.27697315054485033,0.9791777980224914
Concrete + Spinel (5%),OPC,Concrete Additive,2775.6648883130138,277.5664888313014,12.760445152372728,452.723679717484,37.55041323461907,21.196529698361005,1.0,1.0139463010897007e-05,1.0,750.2997183815353,12167355613.076406,6.310755555555556,,,0.9691,0.9860536989102994,0.71105,0.9035525892372096,1017.6535674999927,0.5,0.1,0.1869731505448503,0.2229731505448503,0.27697315054485033,0.9791777980224914
Concrete + SiC particles (5%),OPC,Concrete Additive,2775.6648883130138,277.5664888313014,12.760445152372728,452.723679717484,37.55041323461907,21.196529698361005,1.0,1.0139463010897007e-05,1.0,647.4371669049642,12167355613.076406,6.310755555555556,,,0.9691,0.9860536989102994,0.71105,0.9035525892372096,1017.6535674999927,0.5,0.1,0.1869731505448503,0.2229731505448503,0.27697315054485033,0.9791777980224914
Concrete + AlN particles (2%),OPC,Concrete Additive,2775.6648883130138,277.5664888313014,12.760445152372728,452.723679717484,37.55041323461907,21.196529698361005,1.0,1.0139463010897007e-05,1.0,750.2092433790586,12167355613.076406,6.310755555555556,,,0.9691,0.9860536989102994,0.71105,0.9035525892372096,1017.6535674999927,0.5,0.1,0.1869731505448503,0.2229731505448503,0.27697315054485033,0.9791777980224914
Concrete + B4C particles (2%),OPC,Concrete Additive,2775.6648883130138,277.5664888313014,12.760445152372728,452.723679717484,37.55041323461907,21.196529698361005,1.0,1.0139463010897007e-05,1.0,616.2588611956078,12167355613.076406,6.310755555555556,,,0.9691,0.9860536989102994,0.71105,0.9035525892372096,1017.6535674999927,0.5,0.1,0.1869731505448503,0.2229731505448503,0.27697315054485033,0.9791777980224914
Concrete + Wollastonite,OPC,Concrete Additive,2775.6648883130138,277.5664888313014,12.760445152372728,452.723679717484,37.55041323461907,21.196529698361005,1.0,1.0139463010897007e-05,1.0,748.883175504404,12167355613.076406,6.310755555555556,,,0.9691,0.9860536989102994,0.71105,0.9035525892372096,1017.6535674999927,0.5,0.1,0.1869731505448503,0.2229731505448503,0.27697315054485033,0.9791777980224914
Concrete + Phase Change Material (PCM),OPC,Concrete Additive,2775.6648883130138,277.5664888313014,12.760445152372728,452.723679717484,37.55041323461907,21.196529698361005,1.0,1.0139463010897007e-05,1.0,759.3552014017573,12167355613.076406,6.310755555555556,,,0.9691,0.9860536989102994,0.71105,0.9035525892372096,1017.6535674999927,0.5,0.1,0.1869731505448503,0.2229731505448503,0.27697315054485033,0.9791777980224914
Concrete + Superabsorbent Polymer (SAP),OPC,Concrete Additive,2775.6648883130138,277.5664888313014,12.760445152372728,452.723679717484,37.55041323461907,21.196529698361005,1.0,1.0139463010897007e-05,1.0,734.52661838778,12167355613.076406,6.310755555555556,,,0.9691,0.9860536989102994,0.71105,0.9035525892372096,1017.6535674999927,0.5,0.1,0.1869731505448503,0.2229731505448503,0.27697315054485033,0.9791777980224914
UHPC (Ultra-High Performance Concrete),OPC+Silica Fume,Concrete Additive,2720.443265903486,272.0443265903486,11.814157943902256,449.81718926558665,37.269849476847774,21.091318289196767,1.0,1.0238043066836238e-05,1.0,731.1746988649099,102.38043066836238,6.785714285714286,5.5,,0.9591,0.9761956933163762,0.71105,0.8966519853214634,999.7853296331143,0.5,0.1,0.19190215334181188,0.22790215334181188,0.2819021533418119,0.9645768624829083
Shotcrete Mix,OPC,Concrete Additive,2775.6648883130138,277.5664888313014,12.760445152372728,452.723679717484,37.55041323461907,21.196529698361005,1.0,1.0139463010897007e-05,1.0,619.2656877012504,12167355613.076406,6.310755555555556,,,0.9691,0.9860536989102994,0.71105,0.9035525892372096,1017.6535674999927,0.5,0.1,0.1869731505448503,0.2229731505448503,0.27697315054485033,0.9791777980224914
Lightweight Concrete (Expanded Clay),OPC,Concrete Additive,2775.6648883130138,277.5664888313014,12.760445152372728,452.723679717484,37.55041323461907,21.196529698361005,1.0,1.0139463010897007e-05,1.0,719.9960789859947,12167355613.076406,6.310755555555556,,,0.9691,0.9860536989102994,0.71105,0.9035525892372096,1017.6535674999927,0.5,0.1,0.1869731505448503,0.2229731505448503,0.27697315054485033,0.9791777980224914
Heavyweight Concrete (Barite),OPC,Concrete Additive,2775.6648883130138,277.5664888313014,12.760445152372728,452.723679717484,37.55041323461907,21.196529698361005,1.0,1.0139463010897007e-05,1.0,800.0,12167355613.076406,6.310755555555556,,,0.9691,0.9860536989102994,0.71105,0.9035525892372096,1017.6535674999927,0.5,0.1,0.1869731505448503,0.2229731505448503,0.27697315054485033,0.9791777980224914
Pervious Concrete,OPC,Concrete Additive,2775.6648883130138,277.5664888313014,12.760445152372728,452.723679717484,37.55041323461907,21.196529698361005,1.0,1.0139463010897007e-05,1.0,692.4331631429885,12167355613.076406,6.310755555555556,,,0.9691,0.9860536989102994,0.71105,0.9035525892372096,1017.6535674999927,0.5,0.1,0.1869731505448503,0.2229731505448503,0.27697315054485033,0.9791777980224914
Low-Coherence Mix (High w/c),OPC,Failure Case,2086.8033049766145,208.68033049766146,7.0365762321096055,375.40306775666534,35.34591126312419,19.04885422960561,1.0,1.055399214612146e-05,1.0,731.7057061292688,13720189789.957895,6.310755555555556,,,0.92705,0.9446007853878541,0.49002500000000004,0.8082280497714978,838.2750472083952,2.0,0.15,0.32769960730607295,0.38769960730607295,0.47769960730607297,0.9184357145716024
Cracked Alumina,Al2O3,Failure Case,1859.0972096257744,185.90972096257747,8.576352036792493,381.4665571625346,27.98515440575021,23.14832522318323,1.0,1.0307542006273393e-05,1.0,742.8864028497527,1.0307542006273391e-07,1.0,,,0.9520499999999998,0.969245799372661,0.49002500000000004,0.8254795595608626,878.5056704014296,2.0,0.15,0.3153771003136695,0.3753771003136695,0.4653771003136695,0.9543416094871047
Amorphous Silica,SiO2,Failure Case,2197.1148841031877,219.7114884103188,8.576352036792493,381.4665571625346,27.98515440575021,19.29027101931936,1.0,1.0307542006273393e-05,1.0,788.5588436506711,103.07542006273391,13.19672131147541,1.12,1400.0,0.9520499999999998,0.969245799372661,0.49002500000000004,0.8254795595608626,878.5056704014296,2.0,0.15,0.3153771003136695,0.3753771003136695,0.4653771003136695,0.9543416094871047
Over-reinforced Composite (30% SiC),Al2O3,Failure Case,1859.0972096257744,185.90972096257747,8.576352036792493,381.4665571625346,27.98515440575021,23.14832522318323,1.0,1.0307542006273393e-05,1.0,657.8684698472462,1.0307542006273391e-07,1.0,,,0.9520499999999998,0.969245799372661,0.49002500000000004,0.8254795595608626,878.5056704014296,2.0,0.15,0.3153771003136695,0.3753771003136695,0.4653771003136695,0.9543416094871047
Under-sintered Alumina,Al2O3,Failure Case,1859.0972096257744,185.90972096257747,8.576352036792493,381.4665571625346,27.98515440575021,23.14832522318323,1.0,1.0307542006273393e-05,1.0,665.7302533186623,1.0307542006273391e-07,1.0,,,0.9520499999999998,0.969245799372661,0.49002500000000004,0.8254795595608626,878.5056704014296,2.0,0.15,0.3153771003136695,0.3753771003136695,0.4653771003136695,0.9543416094871047
Phase-separated Zirconia,ZrO2,Failure Case,1859.0972096257744,185.90972096257747,8.576352036792493,381.4665571625346,27.98515440575021,7.716108407727744,1.0,1.0307542006273393e-05,1.0,698.4951952313332,13399804608.155409,9.1074,,,0.9520499999999998,0.969245799372661,0.49002500000000004,0.8254795595608626,878.5056704014296,2.0,0.15,0.3153771003136695,0.3753771003136695,0.4653771003136695,0.9543416094871047
Geopolymer (Wrong Activator Ratio),Fly Ash,Failure Case,1516.0444800203038,151.60444800203038,5.373618363052113,368.85449919832666,26.992675782249346,7.515249638685903,1.0,1.0820158297157371e-05,1.0,678.8616002274341,108.2015829715737,12.692307692307692,1.2,,0.90005,0.917984170284263,0.49002500000000004,0.7895964191989842,795.8746652691783,2.0,0.15,0.34100791485786847,0.40100791485786846,0.4910079148578685,0.8803395535883749
Bloated Ceramic,Clay,Failure Case,1522.5636443822902,152.25636443822904,5.496800427426733,369.33957835079616,27.03084803699938,7.5229749759567435,1.15,1.0800442285969527e-05,1.15,703.2981581261778,14040574971.760382,12.0906,,,0.90205,0.9199557714030474,0.49002500000000004,0.7909765399821331,798.9780877522375,2.0,0.15,0.3400221142984763,0.4000221142984763,0.4900221142984763,0.8831371963704118
Devitrified Glass,Glass,Failure Case,1683.0480035468563,168.30480035468565,8.450090420808488,380.9693510312533,27.946027844631423,7.708189937025133,1.0,1.0327750917740933e-05,1.0,710.141773233368,13426076193.063213,,,,0.95,0.9672249082259067,0.49002500000000004,0.8240649357581347,875.1716180638722,2.0,0.15,0.31638754588704665,0.37638754588704665,0.4663875458870467,0.9513744656592602
Thermal Shocked SiC,SiC,Failure Case,2108.638339854174,210.8638339854174,7.344531393046177,376.61576563783916,35.4822407443743,19.097137587548357,1.0,1.0504702118151848e-05,1.0,680.1388109534658,105.04702118151847,13.19672131147541,1.12,1400.0,0.93205,0.9495297881848154,0.49002500000000004,0.8116783517293706,846.2464787480518,2.0,0.15,0.3252351059075923,0.3852351059075923,0.4752351059075923,0.9255683034175578
Agglomerated Nanoparticles in Concrete,OPC,Failure Case,2086.8033049766145,208.68033049766146,7.0365762321096055,375.40306775666534,35.34591126312419,19.04885422960561,1.0,1.055399214612146e-05,1.0,604.9600009227427,13720189789.957895,6.310755555555556,,,0.92705,0.9446007853878541,0.49002500000000004,0.8082280497714978,838.2750472083952,2.0,0.15,0.32769960730607295,0.38769960730607295,0.47769960730607297,0.9184357145716024
Contaminated Raw Material (Fe),Al2O3,Failure Case,1859.0972096257744,185.90972096257747,8.576352036792493,381.4665571625346,27.98515440575021,23.14832522318323,1.0,1.0307542006273393e-05,1.0,702.1462448540899,1.0307542006273391e-07,1.0,,,0.9520499999999998,0.969245799372661,0.49002500000000004,0.8254795595608626,878.5056704014296,2.0,0.15,0.3153771003136695,0.3753771003136695,0.4653771003136695,0.9543416094871047
Wrong Firing Atmosphere (Oxidized Si3N4),Si3N4,Failure Case,2197.1148841031877,219.7114884103188,8.576352036792493,381.4665571625346,27.98515440575021,19.29027101931936,1.0,1.0307542006273393e-05,1.0,667.670397856209,103.07542006273391,13.19672131147541,1.12,1400.0,0.9520499999999998,0.969245799372661,0.49002500000000004,0.8254795595608626,878.5056704014296,2.0,0.15,0.3153771003136695,0.3753771003136695,0.4653771003136695,0.9543416094871047
PZT Depoled,PZT,Failure Case,1588.5245465945638,158.85245465945638,6.728621071173048,374.19036987549157,27.41257058449972,7.600228348665143,1.0,1.060328217409107e-05,1.0,757.5708723187743,13784266826.31839,11.1948,,,0.92205,0.939671782590893,0.49002500000000004,0.8047777478136251,830.340962218214,2.0,0.15,0.3301641087045535,0.3901641087045535,0.4801641087045535,0.9113274207942198
C/C Composite (Oxidized),Carbon,Failure Case,1588.5245465945638,158.85245465945638,6.728621071173048,374.19036987549157,27.41257058449972,7.600228348665143,1.0,1.060328217409107e-05,1.0,702.6615153025272,13784266826.31839,13.015600000000001,,,0.92205,0.939671782590893,0.49002500000000004,0.8047777478136251,830.340962218214,2.0,0.15,0.3301641087045535,0.3901641087045535,0.4801641087045535,0.9113274207942198
Geopolymer (Efflorescence),Fly Ash,Failure Case,1516.0444800203038,151.60444800203038,5.373618363052113,368.85449919832666,26.992675782249346,7.515249638685903,1.0,1.0820158297157371e-05,1.0,695.8922069186202,108.2015829715737,12.692307692307692,1.2,,0.90005,0.917984170284263,0.49002500000000004,0.7895964191989842,795.8746652691783,2.0,0.15,0.34100791485786847,0.40100791485786846,0.4910079148578685,0.8803395535883749
Concrete (Alkali-Silica Reaction),OPC,Failure Case,2086.8033049766145,208.68033049766146,7.0365762321096055,375.40306775666534,35.34591126312419,19.04885422960561,1.0,1.055399214612146e-05,1.0,746.451067365329,13720189789.957895,6.310755555555556,,,0.92705,0.9446007853878541,0.49002500000000004,0.8082280497714978,838.2750472083952,2.0,0.15,0.32769960730607295,0.38769960730607295,0.47769960730607297,0.9184357145716024
Slump Failed Concrete,OPC,Failure Case,2086.8033049766145,208.68033049766146,7.0365762321096055,375.40306775666534,35.34591126312419,19.04885422960561,1.0,1.055399214612146e-05,1.0,659.010247206882,13720189789.957895,6.310755555555556,,,0.92705,0.9446007853878541,0.49002500000000004,0.8082280497714978,838.2750472083952,2.0,0.15,0.32769960730607295,0.38769960730607295,0.47769960730607297,0.9184357145716024
Segregated Concrete Mix,OPC,Failure Case,2086.8033049766145,208.68033049766146,7.0365762321096055,375.40306775666534,35.34591126312419,19.04885422960561,1.0,1.055399214612146e-05,1.0,632.0325113276003,13720189789.957895,6.310755555555556,,,0.92705,0.9446007853878541,0.49002500000000004,0.8082280497714978,838.2750472083952,2.0,0.15,0.32769960730607295,0.38769960730607295,0.47769960730607297,0.9184357145716024
Freeze-Thaw Damaged Concrete,OPC,Failure Case,2086.8033049766145,208.68033049766146,7.0365762321096055,375.40306775666534,35.34591126312419,19.04885422960561,1.0,1.055399214612146e-05,1.0,735.5272902608536,13720189789.957895,6.310755555555556,,,0.92705,0.9446007853878541,0.49002500000000004,0.8082280497714978,838.2750472083952,2.0,0.15,0.32769960730607295,0.38769960730607295,0.47769960730607297,0.9184357145716024
Dosage Study: Nano-Silica in OPC,OPC,Dosage Study,3527.0104695163604,352.70104695163604,16.324789449374997,558.4487963047874,39.7696478611516,24.61362609885465,1.0,1.0009999999999999e-05,1.0,600.0,10210199999.999998,6.310755555555556,,,0.9944324999999999,0.999,0.77371625,0.931414875,1074.469494815988,2.0,0.01,0.1605,0.1925,0.2405,0.9985005
Dosage Study: Graphene Oxide in OPC,OPC,Dosage Study,3527.0104695163604,352.70104695163604,16.324789449374997,558.4487963047874,39.7696478611516,24.61362609885465,1.0,1.0009999999999999e-05,1.0,683.4376970985815,10210199999.999998,6.310755555555556,,,0.9944324999999999,0.999,0.77371625,0.931414875,1074.469494815988,2.0,0.01,0.1605,0.1925,0.2405,0.9985005
Dosage Study: CNTs in OPC,OPC,Dosage Study,3527.0104695163604,352.70104695163604,16.324789449374997,558.4487963047874,39.7696478611516,24.61362609885465,1.0,1.0009999999999999e-05,1.0,689.8641451211429,10210199999.999998,6.310755555555556,,,0.9944324999999999,0.999,0.77371625,0.931414875,1074.469494815988,2.0,0.01,0.1605,0.1925,0.2405,0.9985005
Dosage Study: SiC particles in Al2O3,Al2O3,Dosage Study,2984.393474206151,298.4393474206151,16.324789449374997,558.4487963047874,30.82371581412598,29.53635131862558,1.0,1.0009999999999999e-05,1.0,753.3949167056214,1.0009999999999999e-07,1.0,,,0.999,0.999,0.77371625,0.931414875,1074.469494815988,2.0,0.01,0.1605,0.1925,0.2405,0.9985005
Dosage Study: Y2O3 in ZrO2,ZrO2,Dosage Study,2984.393474206151,298.4393474206151,16.324789449374997,558.4487963047874,30.82371581412598,9.84545043954186,1.0,1.0009999999999999e-05,1.0,735.0744407628669,10210199999.999998,9.1074,,,0.999,0.999,0.77371625,0.931414875,1074.469494815988,2.0,0.01,0.1605,0.1925,0.2405,0.9985005
Dosage Study: Basalt Fibers in Geopolymer,Fly Ash Geopolymer,Dosage Study,2687.4428730931763,268.74428730931766,15.781083943445307,556.732876361249,30.72483945843957,9.822143869987205,1.0,1.005732117928565e-05,1.0,685.6717317259142,100.5732117928565,12.692307692307692,1.2,,0.9774324999999999,0.994267882071435,0.77371625,0.9281023924500045,1065.5767477189138,2.0,0.01,0.1628660589642825,0.1948660589642825,0.24286605896428248,0.991418251695126
Dosage Study: TiO2 in OPC,OPC,Dosage Study,3527.0104695163604,352.70104695163604,16.324789449374997,558.4487963047874,39.7696478611516,24.61362609885465,1.0,1.0009999999999999e-05,1.0,732.2841087661891,10210199999.999998,6.310755555555556,,,0.9944324999999999,0.999,0.77371625,0.931414875,1074.469494815988,2.0,0.01,0.1605,0.1925,0.2405,0.9985005
Dosage Study: Bacterial Spores in OPC,OPC,Dosage Study,3527.0104695163604,352.70104695163604,16.324789449374997,558.4487963047874,39.7696478611516,24.61362609885465,1.0,1.0009999999999999e-05,1.0,685.0748428551692,10210199999.999998,6.310755555555556,,,0.9944324999999999,0.999,0.77371625,0.931414875,1074.469494815988,2.0,0.01,0.1605,0.1925,0.2405,0.9985005
Dosage Study: Slag in Fly Ash Geopolymer,Fly Ash Geopolymer,Dosage Study,2687.4428730931763,268.74428730931766,15.781083943445307,556.732876361249,30.72483945843957,9.822143869987205,1.0,1.005732117928565e-05,1.0,709.9581068812514,100.5732117928565,12.692307692307692,1.2,,0.9774324999999999,0.994267882071435,0.77371625,0.9281023924500045,1065.5767477189138,2.0,0.01,0.1628660589642825,0.1948660589642825,0.24286605896428248,0.991418251695126
Dosage Study: Cobalt in WC,WC,Dosage Study,3472.9231061778105,347.2923106177811,15.441287767622182,555.660488775554,39.54011859896881,29.422734333845096,1.0,1.0086895196067419e-05,1.0,737.5429504722889,1.0086895196067418e-07,1.0,,,0.9744324999999999,0.9913104803932582,0.77371625,0.9260322112752808,1060.0374860721147,2.0,0.01,0.1643447598033709,0.1963447598033709,0.2443447598033709,0.9870034744653853
